Id,BIRTHDATE,DEATHDATE,SSN,DRIVERS,PASSPORT,PREFIX,FIRST,LAST,SUFFIX,MAIDEN,MARITAL,RACE,ETHNICITY,GENDER,BIRTHPLACE,ADDRESS,CITY,STATE,COUNTY,ZIP,LAT,LON,HEALTHCARE_EXPENSES,HEALTHCARE_COVERAGE,age,number_of_encounters,number_of_hospitalizations,number_of_primary_care_visits,number_of_wellness_visits,number_of_emergency_visits,first_encounter,last_encounter,number_of_medications,number_of_unique_medications,total_medication_cost,total_dispenses,number_of_procedures,diabetes,hypertension,heart_disease,copd,obesity,depression,kidney_disease,cancer,arthritis,osteoporosis,obesity_prevalence,smoking_prevalence,physical_inactivity,diabetes_prevalence,lack_of_insurance
b9c610cd-28a6-4636-ccb6-c7a0d2a4cb85,2019-02-17,,999-65-3251,,,,Damon455,Langosh790,,,,white,nonhispanic,M,Middleborough  Massachusetts  US,620 Lynch Tunnel Apt 0,Springfield,Massachusetts,Hampden County,1104.0,42.08038942501558,-72.48043144917739,9039.1645,7964.1255,6.9,12,0,12,10,0,2019-02-17 05:07:38,2021-07-25 05:07:38,2.0,2.0,5313.63,42.0,6.0,0,0,0,0,0,0,0,0,0,0,39.900000000000006,17.8,37.65,14.600000000000001,13.899999999999999
c1f1fcaa-82fd-d5b7-3544-c8f9708b06a8,2005-07-04,,999-49-3323,S99941126,,,Thi53,Wunsch504,,,,white,nonhispanic,F,Danvers  Massachusetts  US,972 Tillman Branch Suite 48,Bellingham,Massachusetts,Norfolk County,,42.03521335752818,-71.48251904737748,402723.415,14064.135000000002,20.5,20,3,16,10,3,2012-06-25 08:20:52,2021-10-04 08:20:52,5.0,5.0,1181.7800000000002,11.0,24.0,0,0,0,0,0,0,0,0,0,0,24.950000000000003,11.25,17.4,8.1,4.25
339144f8-50e1-633e-a013-f361391c4cff,1998-05-11,,999-10-8743,S99996708,X75063318X,Mr.,Chi716,Greenfelder433,,,,white,nonhispanic,M,Athens  Athens Prefecture  GR,1060 Bernhard Crossroad Suite 15,Boston,Massachusetts,Suffolk County,2131.0,42.29255662362827,-71.06116042204106,571935.8725,787.5374999999999,27.6,19,1,18,10,1,2012-06-11 05:03:31,2021-08-02 05:03:31,22.0,4.0,81.71,3877.0,51.0,0,1,0,0,1,0,0,0,0,0,24.25,11.25,24.0,9.45,6.3
d488232e-bf14-4bed-08c0-a82f34b6a197,2003-01-28,,999-56-6057,S99929424,,Ms.,Phillis443,Walter473,,,,white,nonhispanic,F,Boston  Massachusetts  US,677 Ritchie Terrace,Hingham,Massachusetts,Plymouth County,2043.0,42.200490824321214,-70.91607557520302,582557.803,104782.20699999998,22.9,31,1,30,10,1,2011-06-01 00:07:31,2021-09-27 12:07:31,2.0,2.0,19.799999999999997,2.0,86.0,0,0,0,0,0,0,0,0,0,0,25.65,7.75,13.899999999999999,7.199999999999999,2.5999999999999996
217f95a3-4e10-bd5d-fb67-0cfb5e8ba075,1993-12-23,,999-91-4320,S99991143,X44132498X,Mr.,Jerrold404,Herzog843,,,M,black,nonhispanic,M,Boston  Massachusetts  US,276 Bernier Branch,Revere,Massachusetts,Suffolk County,,42.3818748756275,-70.99928578468784,475826.855,18067.095,32.0,10,1,9,4,1,2012-02-16 14:57:05,2019-02-28 14:57:05,1.0,1.0,9.14,1.0,17.0,0,0,0,0,0,0,0,0,0,0,25.7,14.0,28.4,10.100000000000001,10.25
faac724a-a9e9-be66-fe1e-3044dc0ba8ea,2020-12-04,,999-31-8261,,,,Brandon214,Watsica258,,,,white,nonhispanic,F,Northborough  Massachusetts  US,734 Brakus Pathway Unit 28,New Marlborough,Massachusetts,Berkshire County,,42.147028011364384,-73.21710320353982,31468.04,206.22,5.1,7,0,7,6,0,2020-12-04 08:26:20,2021-11-12 08:26:20,0.0,0.0,0.0,0.0,4.0,0,0,0,0,0,0,0,0,0,0,27.4,11.25,18.75,8.65,4.0
23d16ee3-8cd4-eeb8-e77e-1e5fbf4c4159,1990-12-15,,999-60-9905,S99950633,X36202735X,Mr.,Rodrigo242,Arellano2,,,M,black,hispanic,M,Bogota  Bogota  CO,538 Crona Underpass,Revere,Massachusetts,Suffolk County,2151.0,42.44326150073713,-71.02232158016432,772362.7250000001,2213.085,35.0,13,1,11,7,1,2004-01-10 17:01:14,2019-02-23 17:01:14,3.0,3.0,71.68,3.0,26.0,0,0,0,0,0,0,0,0,0,0,25.7,14.0,28.4,10.100000000000001,10.25
aade3c61-92bd-d079-9d28-0b2b7fde0fbb,1985-06-05,,999-93-3123,S99913090,X72720258X,Mr.,Sal878,Hoppe518,,,M,white,nonhispanic,M,Merrimac  Massachusetts  US,930 Goldner Stravenue Apt 8,Somerville,Massachusetts,Middlesex County,2138.0,42.363459871015344,-71.1022528716212,924957.2675,874.3724999999998,40.6,17,4,12,7,4,1994-07-20 19:44:25,2021-05-19 19:44:25,4.0,4.0,43.44,4.0,25.0,1,0,0,0,0,0,0,0,0,0,23.95,8.8,16.9,6.85,4.25
0288c42c-43a1-9878-4a9d-6b96caa12c40,1979-12-17,,999-68-7908,S99962050,X4451825X,Mrs.,Miki234,Kozey370,,Morar593,M,white,nonhispanic,F,Northbridge  Massachusetts  US,636 Stamm Gateway,Cambridge,Massachusetts,Middlesex County,2472.0,42.337425423321065,-71.1066547010483,1134817.5705,226909.9595,46.0,32,0,32,14,0,1981-05-02 16:25:20,2021-06-01 02:25:20,16.0,5.0,17048.03,528.0,47.0,0,0,0,0,0,0,0,0,0,0,23.0,7.55,16.35,6.9,3.65
dc6c06d0-a7d8-100f-c08b-46c93700c188,2006-07-11,,999-30-6555,,,,Taylor21,Gulgowski816,,,,white,nonhispanic,M,East Longmeadow  Massachusetts  US,1037 Hills Extension,Springfield,Massachusetts,Hampden County,1013.0,42.13505594447831,-72.48174986407135,390675.5774999999,1826.3325,19.5,16,1,15,10,1,2012-06-26 19:50:58,2021-09-28 19:50:58,2.0,2.0,24.490000000000002,2.0,21.0,0,0,0,0,0,0,0,0,0,0,39.900000000000006,17.8,37.65,14.600000000000001,13.899999999999999
61a2fcc0-d679-764c-7d86-b885b2c4907f,1993-01-22,,999-98-2186,S99988392,X72124702X,Mrs.,Erline657,Metz686,,Strosin214,M,white,nonhispanic,F,Mashpee  Massachusetts  US,566 Rosenbaum Ferry,Holbrook,Massachusetts,Norfolk County,,42.15188021171504,-70.95230839472299,1223457.8099999998,160.1399999999999,32.9,53,3,50,5,3,2004-11-22 12:53:53,2021-11-05 08:53:53,5.0,3.0,1984.48,30.0,147.0,0,0,0,0,0,0,0,0,0,0,26.7,11.850000000000001,19.1,9.15,4.800000000000001
c0219ca9-576f-f7c2-9c44-de030e94969b,1971-12-06,,999-24-2120,S99951566,X2456540X,Mrs.,Beatriz277,Urías338,,Villalpando154,M,white,hispanic,F,Lima  Lima Province  PE,497 Bahringer Crossing,Somerville,Massachusetts,Middlesex County,2138.0,42.37578548998286,-71.0903966734203,1509753.9109999996,968261.8390000002,54.1,38,2,36,11,2,1990-01-29 17:34:32,2021-09-29 11:07:35,12.0,10.0,43412.17999999999,93.0,26.0,0,0,0,0,1,0,0,0,0,0,23.95,8.8,16.9,6.85,4.25
cb8c092a-99aa-6c9c-1ec1-660f0b00549d,1990-12-28,,999-74-6572,S99980075,X57149020X,Mrs.,Kari181,Douglas31,,Langworth352,M,white,nonhispanic,F,Framingham  Massachusetts  US,413 Auer Burg Suite 64,Wellesley,Massachusetts,Norfolk County,2457.0,42.33060400351942,-71.30822395704439,1040518.45,22454.94,35.0,50,2,48,5,2,2009-02-21 01:08:28,2021-11-11 01:08:28,6.0,6.0,18720.79,61.0,99.0,0,0,0,0,0,0,0,0,0,0,20.299999999999997,6.449999999999999,13.2,6.75,2.7
97a20cf9-630d-939c-2f50-f13c434aee2f,1984-03-23,,999-16-8479,S99946662,X72015493X,Mrs.,Mayme605,Walter473,,Lesch175,M,white,nonhispanic,F,Blackstone  Massachusetts  US,441 Rodriguez Bridge,Boston,Massachusetts,Suffolk County,2129.0,42.36692392477457,-71.06483073606317,1622874.1175,74751.4725,41.8,44,4,40,6,3,2002-05-17 20:18:04,2021-06-11 20:18:04,6.0,5.0,13929.87,50.0,98.0,0,0,0,0,1,0,0,0,0,0,24.25,11.25,24.0,9.45,6.3
961f61f8-ed32-f113-8450-192064b49aa9,2002-06-13,,999-91-5120,S99910835,,Ms.,Jessia669,Wisoky380,,,,white,nonhispanic,F,Southwick  Massachusetts  US,106 Kerluke Rest Apt 5,Abington,Massachusetts,Plymouth County,2351.0,42.15407876921348,-70.95799628981261,485313.59,1825.08,23.6,26,0,26,10,0,2012-06-21 22:45:42,2021-08-12 22:45:42,12.0,9.0,13373.669999999998,920.0,48.0,0,1,0,0,0,0,0,0,0,0,28.9,12.0,18.9,8.5,4.199999999999999
9acc871f-b577-5530-b8ad-fa95b58cea25,1985-03-24,,999-59-7726,S99918599,X14875434X,Mrs.,Lavinia262,Heaney114,,Maggio310,M,white,nonhispanic,F,Cambridge  Massachusetts  US,446 Kreiger Route,Brookline,Massachusetts,Norfolk County,2446.0,42.29712690939835,-71.14523956657307,1425692.5085,154972.8415,40.8,61,2,59,20,2,1998-04-17 05:18:09,2021-09-05 16:18:09,29.0,11.0,32435.13,294.0,131.0,0,1,0,0,0,0,0,0,0,0,20.85,6.35,13.55,7.0,2.95
1d3d0ba6-5475-07c2-0b40-562ad75fdf26,1960-01-21,,999-26-4708,S99981133,X33683613X,Mrs.,Laurena366,Heidenreich818,,Becker968,M,white,nonhispanic,F,Lawrence  Massachusetts  US,1039 Gerhold Ramp Apt 20,East Longmeadow,Massachusetts,Hampden County,,42.08768743567022,-72.526566787277,774382.0569999996,247928.613,65.9,38,0,38,22,0,1974-02-21 20:57:33,2021-05-22 22:27:16,7.0,1.0,2.0,82.0,55.0,0,0,0,0,1,0,0,0,0,0,27.4,11.25,18.75,8.65,4.0
98e4223a-5ad8-94e0-2d73-ee5203dd4e2b,2008-11-09,,999-92-2908,,,,Delfina519,Parisian75,,,,asian,nonhispanic,F,Boston  Massachusetts  US,752 Heller Vale Apt 5,Everett,Massachusetts,Middlesex County,2149.0,42.40872191301715,-71.057596736431,162931.84749999997,1462.6425,17.1,27,4,22,10,4,2012-04-15 06:47:10,2021-10-31 06:47:10,8.0,6.0,23801.58,82.0,28.0,0,0,0,0,0,0,0,0,0,0,30.95,16.05,29.0,11.3,10.149999999999999
8fa5a097-1970-9370-4193-a7baa3d235b5,2000-08-25,,999-84-8860,S99941898,X42921765X,Ms.,Verla696,Hamill307,,,,white,nonhispanic,F,Waltham  Massachusetts  US,804 Mohr Lodge Apt 92,Everett,Massachusetts,Middlesex County,2148.0,42.45174075583735,-71.07017882809406,214600.8025,115026.0475,25.3,39,6,33,10,3,2012-09-14 16:31:45,2021-11-05 16:31:45,21.0,12.0,80175.92,392.0,126.0,0,0,0,0,0,0,0,0,0,0,30.95,16.05,29.0,11.3,10.149999999999999
8c2d5e9b-0717-9616-beb9-21296a5b547d,1960-12-15,,999-50-8690,S99926520,X57197008X,Ms.,Zelda766,Ernser583,,,S,white,nonhispanic,F,Amherst  Massachusetts  US,874 Skiles Club,Haverhill,Massachusetts,Essex County,1830.0,42.77589674453584,-71.00661557505993,2341031.1384999994,177213.09149999998,65.0,82,1,80,55,1,1963-11-30 04:07:23,2021-10-15 04:07:23,137.0,4.0,325164.53,1494.0,58.0,0,0,0,0,1,0,0,0,0,0,31.75,13.55,25.7,9.8,7.3
a7624ac9-6308-e015-1c5c-115c97c631fe,1959-11-02,,999-16-7928,S99982440,X77033125X,Mrs.,Esther279,Runolfsson901,,Feil794,M,white,nonhispanic,F,Billerica  Massachusetts  US,389 Mraz Pathway Apt 38,Waltham,Massachusetts,Middlesex County,2453.0,42.39983230495903,-71.20603836220772,2286986.7040000004,480203.186,66.2,96,2,94,59,2,1960-05-05 11:06:50,2021-08-30 05:23:50,150.0,6.0,370136.9,2144.0,56.0,0,0,0,0,1,0,0,0,0,0,24.65,9.55,19.15,7.8,5.1
122b4063-18dc-f20f-204c-6f2da758717b,2018-09-16,,999-63-4674,,,,Carlota980,Morales679,,,,white,hispanic,F,Santiago de los Caballeros  Santiago  DO,990 Morissette Parade,Boston,Massachusetts,Suffolk County,,42.290594379019225,-71.09216720927036,10334.434,7684.245999999999,7.3,14,0,14,11,0,2018-09-16 04:46:41,2021-08-22 04:46:41,1.0,1.0,14.54,1.0,5.0,0,0,0,0,0,0,0,0,0,0,24.25,11.25,24.0,9.45,6.3
33c2ca32-ae38-66c5-474f-83273568906e,1955-10-25,,999-85-9194,S99955746,X89300658X,Mr.,Franklyn361,Tromp100,,,M,white,hispanic,M,Westford  Massachusetts  US,394 Weissnat Meadow,Georgetown,Massachusetts,Essex County,,42.76725122979463,-71.02479918632093,1860937.735,52453.715,70.2,42,0,42,25,0,1973-12-18 23:41:22,2021-04-27 23:41:22,29.0,5.0,22685.9,303.0,84.0,0,0,1,0,1,0,0,0,0,0,27.4,11.25,18.75,8.65,4.0
57b53310-98a9-f011-69c0-02068c37d83b,1972-07-13,,999-37-8837,S99918279,X61102329X,Mrs.,Tommye961,Simonis280,,Franecki195,M,white,nonhispanic,F,Newton  Massachusetts  US,893 McGlynn Street,Plymouth,Massachusetts,Plymouth County,2360.0,41.88295423547631,-70.5823612036686,1973363.843500001,641759.8265,53.5,58,3,55,14,3,1983-07-28 22:00:29,2021-03-11 22:00:29,19.0,16.0,14088.96,126.0,138.0,0,0,0,0,1,0,0,0,0,0,29.8,13.4,20.85,9.25,4.65
c9b4f8c6-d7be-6563-0560-c90cfe6b12ca,2003-10-08,,999-17-8551,S99937265,,Ms.,Pei116,Williamson769,,,,white,nonhispanic,F,Randolph  Massachusetts  US,996 Kemmer Port Unit 36,Woburn,Massachusetts,Middlesex County,1890.0,42.50824307962555,-71.17262434028189,1220556.9499999995,0.0,22.2,90,2,88,9,2,2004-06-29 07:31:52,2021-11-12 05:31:52,8.0,8.0,57890.36,453.0,106.0,0,0,0,0,0,0,0,0,0,0,25.5,11.25,19.75,8.4,4.45
1f528581-7613-2b96-dce3-68c7cf967ea1,1985-04-03,,999-82-4137,S99935035,X77363212X,Mrs.,Bonita405,Bernier607,,Hagenes547,M,white,nonhispanic,F,Dover  Massachusetts  US,377 Sauer Rapid Apt 46,Whitman,Massachusetts,Plymouth County,,42.07379170797005,-70.92835410179248,2223556.5275000003,219554.6725,40.7,112,2,110,7,2,2002-05-22 12:13:56,2021-11-17 12:13:56,9.0,7.0,60458.49999999999,460.0,206.0,0,0,0,0,1,0,0,0,0,0,27.4,11.25,18.75,8.65,4.0
1cfa5a70-7f3c-4227-5cf1-e182fcff4cd4,1958-09-18,,999-24-1375,S99923833,X21908759X,Mrs.,Alaine226,Willms744,,Funk324,M,white,nonhispanic,F,North Westport  Massachusetts  US,112 Metz Track,Quincy,Massachusetts,Norfolk County,2186.0,42.25000925223316,-70.97805948557372,2056353.7810000004,599891.699,67.3,38,1,35,26,1,1976-11-11 04:22:51,2021-04-01 04:22:51,26.0,6.0,284961.28,1181.0,58.0,1,0,0,0,0,0,0,0,0,1,22.85,11.1,20.55,9.75,4.9
2f031d4a-b070-ce15-6372-30c8fecf1164,1994-09-30,,999-47-2075,S99936245,X18832457X,Ms.,Magdalene960,Orn563,,,S,asian,nonhispanic,F,Shanghai  Shanghai Municipality  CN,206 Harber Meadow,Lexington,Massachusetts,Middlesex County,2420.0,42.4005014969083,-71.18772151779837,1565996.5620000004,406247.948,31.3,63,4,59,11,3,1995-06-24 02:38:58,2021-07-09 05:53:58,27.0,12.0,156567.21999999997,6544.0,157.0,0,1,0,0,0,0,0,0,0,0,19.1,5.7,14.7,7.800000000000001,2.25
9a632ddc-b352-6dd7-0fb3-916fde80c9a3,1989-02-22,,999-66-5814,S99917255,X27930221X,Mr.,Shaun461,Dickens475,,,M,white,hispanic,M,Swampscott  Massachusetts  US,484 Bernier Orchard,Lunenburg,Massachusetts,Worcester County,,42.56494811685727,-71.7107186760784,797287.0900000001,2312.82,36.9,15,1,14,6,1,1990-02-17 08:07:42,2021-11-03 08:07:42,3.0,3.0,179.65999999999997,3.0,19.0,0,0,0,0,0,0,0,0,0,0,30.9,11.350000000000001,20.35,8.8,3.75
56bf1a47-8065-1ba5-6d8c-430b37a621bf,2007-06-22,,999-56-2288,,,,Denny560,Watsica258,,,,asian,nonhispanic,M,Boston  Massachusetts  US,112 Hintz Annex Unit 63,Concord,Massachusetts,Middlesex County,,42.48162919930732,-71.39566110181224,328040.88,0.0,18.5,44,3,41,10,3,2008-11-01 14:17:36,2021-10-31 17:46:51,6.0,5.0,60827.37,320.0,40.0,0,0,0,0,0,0,0,0,0,0,27.4,11.25,18.75,8.65,4.0
7d1a0d44-6f3e-2cd5-3347-0d97e5b57612,1980-12-04,,999-18-4055,S99975869,X57447826X,Mr.,Doyle959,Johns824,,,M,white,nonhispanic,M,Clinton  Massachusetts  US,828 Jaskolski Well Apt 88,Reading,Massachusetts,Middlesex County,,42.46877404018137,-71.1483751166424,1008922.1599999998,443.04,45.1,14,0,14,10,0,1989-12-07 19:56:36,2021-08-21 12:56:36,1.0,1.0,5.03,1.0,19.0,0,0,0,0,0,0,0,0,0,0,23.1,8.2,15.3,7.15,2.85
8bf6aa92-645f-3c82-ddcd-5851496a6aa8,1967-05-07,,999-57-2811,S99974478,X11431912X,Mrs.,Ethelyn789,Vandervort697,,Kling921,M,white,nonhispanic,F,Lynn  Massachusetts  US,372 Jakubowski Vista Unit 76,Easton,Massachusetts,Bristol County,,42.06241934285072,-71.12403926366235,2008486.9385,409753.3915,58.7,145,62,83,14,3,1982-06-13 06:57:17,2021-09-19 03:37:57,22.0,7.0,60408.32,25.0,159.0,0,0,0,0,1,0,0,1,0,0,27.4,11.25,18.75,8.65,4.0
f0660412-c40e-4d5c-5b11-08b6da289331,1975-01-24,,999-42-9701,S99913944,X52330687X,Mr.,Terry864,King743,,,M,white,nonhispanic,M,Lynn  Massachusetts  US,827 Kling Burg Suite 32,Buzzards Bay,Massachusetts,Barnstable County,2542.0,41.77871179739307,-70.57317836662081,1196488.8525,3228.8775,50.9,61,1,60,41,1,1979-08-09 12:37:09,2021-08-27 12:37:09,139.0,3.0,235570.98,11469.0,51.0,0,1,0,0,1,0,0,0,0,0,25.75,12.15,17.75,7.449999999999999,4.65
53cc5b94-3c84-3ecf-ae94-f98203e3d8ba,2014-03-07,,999-85-1461,,,,Elwood28,Gottlieb798,,,,white,nonhispanic,M,New Bedford  Massachusetts  US,289 Mraz Knoll,Braintree,Massachusetts,Norfolk County,2184.0,42.2199482596054,-70.97768016132693,189892.04,0.0,11.8,24,1,23,16,1,2014-03-07 22:20:52,2021-08-01 22:20:52,6.0,6.0,34672.74,170.0,12.0,0,0,0,0,0,0,0,0,0,0,27.4,11.25,18.75,8.65,4.0
060e72d3-912e-55cd-0c92-5faa6cb7a6db,1969-01-03,,999-66-6825,S99931952,X14008939X,Mr.,Benny518,Tillman293,,,S,white,nonhispanic,M,Medford  Massachusetts  US,941 Rodriguez Trace Suite 61,Quincy,Massachusetts,Norfolk County,2169.0,42.24005776018676,-70.9877474621171,181651.842,262994.9979999999,57.0,53,1,47,15,1,1987-02-27 10:41:40,2021-09-03 10:41:40,42.0,6.0,9839.92,3636.0,98.0,1,1,0,0,0,0,1,0,0,0,22.85,11.1,20.55,9.75,4.9
18f70d07-28a0-17f3-2605-bf21cceb194b,2020-02-08,,999-52-7055,,,,Ernestina649,Fahey393,,,,white,nonhispanic,F,Medford  Massachusetts  US,631 Muller Junction Apt 77,Cambridge,Massachusetts,Middlesex County,2141.0,42.35348723578543,-71.0679519301084,46898.77,56.21999999999992,5.9,12,0,12,8,0,2020-02-08 12:59:41,2021-10-09 02:59:41,1.0,1.0,21.62,1.0,3.0,0,0,0,0,0,0,0,0,0,0,23.0,7.55,16.35,6.9,3.65
a7b903a5-5c6f-3f5e-4035-62d94b0b52b3,1995-12-21,,999-21-2434,S99916617,X56847635X,Ms.,Lavonia8,Abernathy524,,,,white,nonhispanic,F,Boxford  Massachusetts  US,702 Hane Boulevard,Medford,Massachusetts,Middlesex County,2145.0,42.41667896686712,-71.08159303400507,694925.9574999999,61101.17249999999,30.0,61,0,61,10,0,2009-01-29 23:53:55,2021-03-25 23:53:55,38.0,8.0,9787.710000000001,5833.0,107.0,0,1,0,0,0,0,0,0,0,0,24.6,9.899999999999999,18.4,7.800000000000001,4.15
63198606-7c07-e63a-42a3-2f47419c881c,2015-01-22,,999-39-5566,,,,Rashida558,Murray856,,,,white,nonhispanic,F,Westborough  Massachusetts  US,400 Crooks Orchard,Everett,Massachusetts,Middlesex County,,42.43031720716706,-71.0188571341331,188478.56,131.21999999999994,10.9,19,0,19,15,0,2015-01-23 01:27:36,2021-01-08 01:27:36,3.0,3.0,45.36,3.0,10.0,0,0,0,0,0,0,0,0,0,0,30.95,16.05,29.0,11.3,10.149999999999999
2dacba2b-f4f3-9726-0f13-2f1a87f69bba,1988-03-15,,999-31-2745,S99997263,X23541953X,Mrs.,Margarite168,Boyer713,,Botsford977,M,white,nonhispanic,F,Southwick  Massachusetts  US,340 Ullrich Viaduct Unit 53,Waltham,Massachusetts,Middlesex County,2453.0,42.3262511391239,-71.21393960984742,1371909.6475,223046.0925,37.8,79,6,73,16,5,2006-05-09 07:27:48,2021-10-14 04:27:48,38.0,7.0,3336.3,11430.0,244.0,0,1,0,0,0,0,0,0,0,0,24.65,9.55,19.15,7.8,5.1
7d28d76a-9ac8-67b4-3c88-0a75be3d0851,1969-01-03,,999-55-6195,S99969519,X56639424X,Mrs.,Erna640,Robel940,,Kuhic920,M,white,nonhispanic,F,Boston  Massachusetts  US,974 Nienow Fork,Lynn,Massachusetts,Essex County,1907.0,42.48839988082722,-70.92033041907285,1849843.5155000004,396119.7145,57.0,82,9,67,14,9,1987-02-28 04:45:24,2021-04-17 04:45:24,21.0,18.0,19000.510000000002,210.0,138.0,0,0,0,0,0,0,0,0,0,0,33.849999999999994,14.649999999999999,32.0,12.0,11.9
307b6419-5147-4716-10b1-bb458ac191c3,2003-07-19,,999-53-6468,S99966610,,Ms.,Micheal721,Shields502,,,,white,nonhispanic,F,Worcester  Massachusetts  US,933 Jast Plaza,Fairhaven,Massachusetts,Bristol County,,41.65030476973869,-70.89413718801785,486024.12250000006,2349.0675,22.5,47,3,42,16,3,2004-12-18 04:45:57,2021-10-12 00:15:57,45.0,9.0,159110.38,831.0,40.0,0,1,0,1,0,0,0,0,0,0,27.4,11.25,18.75,8.65,4.0
0afb59a5-12cb-3b6a-eead-3a72d24fb678,1980-12-05,,999-49-6212,S99937895,X21978831X,Mr.,Hershel911,Lang846,MD,,S,white,nonhispanic,M,Webster  Massachusetts  US,976 Abernathy Fort Unit 80,Holbrook,Massachusetts,Norfolk County,2343.0,42.2004542432617,-71.05023864144283,1034683.7574999998,158.06249999999986,45.1,32,0,31,10,0,1997-01-18 02:00:11,2021-04-03 02:00:11,2.0,2.0,47.870000000000005,2.0,28.0,0,0,0,0,1,0,0,0,0,0,26.7,11.850000000000001,19.1,9.15,4.800000000000001
38565670-114d-6c46-50b9-76bbffb16ffb,1970-09-14,,999-61-2551,S99975387,X9893460X,Mrs.,Christal240,Glover433,,Ruecker817,M,white,nonhispanic,F,Boston  Massachusetts  US,448 Davis Drive Unit 60,Lawrence,Massachusetts,Essex County,1840.0,42.74837964151071,-71.16915559828387,1117212.8845000002,197427.3755,55.3,47,1,46,13,1,1972-10-04 15:31:42,2021-03-29 09:31:42,27.0,8.0,38373.01,140.0,68.0,0,0,0,0,1,0,0,0,0,0,37.35,14.6,38.95,14.45,18.75
4f5a07ca-02e0-8981-3c30-4d9924a169a3,1983-12-12,,999-37-6244,S99973987,X64774243X,Mr.,Tony646,Ward668,,,M,white,nonhispanic,M,Worcester  Massachusetts  US,902 Gutkowski Hollow,Peabody,Massachusetts,Essex County,1940.0,42.53098046253374,-70.99559808642061,907036.61,9573.15,42.1,12,0,12,8,0,2002-02-04 08:30:44,2021-05-17 08:30:44,0.0,0.0,0.0,0.0,22.0,0,0,0,0,0,0,0,0,0,0,29.25,12.25,23.05,9.15,5.25
6a6a1b30-9966-bd68-e732-b7ce2c0b6ade,2013-11-19,,999-17-5887,,,,Roberto515,Quiroz936,,,,white,hispanic,M,Portsmouth  Saint John Parish  DM,759 Schimmel Hollow Unit 24,Haverhill,Massachusetts,Essex County,1835.0,42.77414223671853,-71.100912612649,201925.44,1434.3,12.1,18,0,18,17,0,2013-11-19 07:15:57,2021-11-16 07:15:57,1.0,1.0,23.74,1.0,10.0,0,0,0,0,0,0,0,0,0,0,31.75,13.55,25.7,9.8,7.3
be82309d-1a8f-df82-4cd6-5f03e1060e8e,1970-03-07,,999-49-3900,S99998879,X20800283X,Mr.,Felton646,Pouros728,,,M,white,nonhispanic,M,Weymouth  Massachusetts  US,805 Greenfelder Heights,Shirley,Massachusetts,Middlesex County,,42.58359110919537,-71.60138307288621,1168474.6625000003,125.52749999999992,55.8,63,2,52,17,2,1973-10-10 10:43:04,2021-10-16 10:43:04,36.0,4.0,52884.89,992.0,184.0,1,0,0,0,0,0,1,0,0,0,26.0,11.8,19.4,8.25,4.449999999999999
5e2cd800-901b-55d3-edf4-ab6e3c7524ff,1983-03-13,,999-31-9450,S99941509,X19453034X,Mr.,Jonathon205,Rice937,JD,,S,white,nonhispanic,M,Beverly  Massachusetts  US,856 Corkery Ferry Apt 50,Somerville,Massachusetts,Middlesex County,2138.0,42.36139427023386,-71.11072241939358,978259.775,23108.145,42.8,17,0,17,10,0,1996-04-07 15:06:38,2021-04-04 15:06:38,1.0,1.0,35.15,1.0,18.0,0,0,0,0,0,0,0,0,0,0,23.95,8.8,16.9,6.85,4.25
f93c78a3-57b8-4858-cad5-e449f26e3857,2008-12-10,,999-80-8776,,,,Man114,Halvorson124,,,,white,nonhispanic,M,Marblehead  Massachusetts  US,644 Abshire Park Suite 19,Brockton,Massachusetts,Plymouth County,,42.09331988782724,-70.94942531201588,327035.025,2953.305,17.1,20,1,19,10,1,2011-12-29 21:28:01,2021-06-16 22:28:01,3.0,3.0,23.05,3.0,14.0,0,0,0,0,0,0,0,0,0,0,35.9,17.75,28.6,12.8,8.55
62bb08df-1e20-441c-6fea-94c47a30690a,1980-05-21,,999-86-6189,S99916713,X77230309X,Mrs.,Leonie332,Monahan736,,Raynor401,M,white,nonhispanic,F,Smith Mills  Massachusetts  US,497 Hegmann Gateway Suite 26,Newburyport,Massachusetts,Essex County,,42.80701594628023,-70.92184927122379,1273822.6425000003,48322.11749999999,45.6,57,1,56,23,1,1998-07-15 13:07:25,2020-11-18 13:07:25,87.0,8.0,23252.25,17387.0,79.0,0,1,0,0,0,0,0,0,0,0,26.5,8.05,16.25,7.550000000000001,2.55
d1822991-eb4f-aafe-6a88-cd5279b4385b,2017-01-09,,999-39-2759,,,,Solomon675,Moore224,,,,white,nonhispanic,M,Peabody  Massachusetts  US,948 Wilkinson Passage,Lancaster,Massachusetts,Worcester County,,42.52814462345663,-71.7013504839964,127579.35,32828.16,9.0,21,1,20,13,1,2017-01-09 17:26:19,2020-12-14 17:26:19,10.0,7.0,299.19,10.0,11.0,0,0,1,0,0,0,0,0,0,0,27.4,11.25,18.75,8.65,4.0
5b2f8ddd-408a-884c-00e9-047b13e6cc45,1999-07-06,,999-71-4100,S99988351,X19730009X,Mr.,Refugio197,Ratke343,,,,white,nonhispanic,M,Lowell  Massachusetts  US,692 Lakin View Unit 66,Lynn,Massachusetts,Essex County,1901.0,42.435875929814685,-70.99343487657872,659431.81,31019.67,26.5,55,36,18,10,2,2012-01-15 09:10:44,2021-10-14 13:10:44,52.0,8.0,38102.03,3183.0,71.0,0,1,0,0,0,0,0,0,0,0,33.849999999999994,14.649999999999999,32.0,12.0,11.9
afd63046-5213-0c98-561f-12e6725cd1f5,1956-10-25,,999-88-6383,S99989633,X29496773X,Mrs.,Pattie91,West559,,Littel644,M,black,nonhispanic,F,Lowell  Massachusetts  US,1020 Dibbert Crossroad,Belmont,Massachusetts,Middlesex County,2472.0,42.40760795499724,-71.16850973016236,2090761.7830000003,420932.647,69.2,64,6,56,22,3,1962-10-11 10:39:56,2021-10-25 12:27:41,3.0,3.0,54.410000000000004,3.0,53.0,0,0,0,0,1,0,0,0,0,0,21.049999999999997,6.5,14.25,7.050000000000001,2.5
ceec80e3-5c50-be88-198c-e98375c8e8a2,1977-09-12,,999-47-3565,S99925368,X8596122X,Mr.,Gerry91,Treutel973,,,M,white,nonhispanic,M,Lowell  Massachusetts  US,830 Lebsack Brook,Boston,Massachusetts,Suffolk County,2130.0,42.31900043200014,-71.06009819779324,1459667.6550000005,1421.9249999999995,48.3,33,1,32,26,1,1977-10-28 14:27:33,2021-03-29 14:27:33,59.0,3.0,416.34,18999.0,54.0,0,1,0,0,0,0,0,0,0,0,24.25,11.25,24.0,9.45,6.3
19e3f2b0-8fd1-a8ae-2767-f0c89005b8d2,2010-11-27,,999-97-1329,,,,Keena534,Balistreri607,,,,asian,hispanic,F,Holliston  Massachusetts  US,938 Becker Common Unit 43,Revere,Massachusetts,Suffolk County,,42.39841670999573,-70.94689598215682,152495.90499999997,2362.605,15.1,15,1,14,13,1,2012-02-04 14:13:45,2020-12-05 14:13:45,1.0,1.0,4.05,1.0,5.0,0,0,0,0,0,0,0,0,0,0,25.7,14.0,28.4,10.100000000000001,10.25
363f50e2-9771-dfb4-1ff5-3d7db24b9ada,2021-09-04,,999-22-4018,,,,Juliette736,McClure239,,,,white,nonhispanic,F,Quincy  Massachusetts  US,293 Pacocha Knoll Unit 74,Boston,Massachusetts,Suffolk County,2128.0,42.43601260286119,-71.01435216396918,7728.18,0.0,4.3,2,0,2,2,0,2021-09-04 11:15:10,2021-10-09 11:15:10,0.0,0.0,0.0,0.0,1.0,0,0,0,0,0,0,0,0,0,0,24.25,11.25,24.0,9.45,6.3
3a74ce3c-442e-b4ef-fb10-560f58f8e613,1997-03-26,,999-49-2054,S99976277,X9668781X,Mr.,Leif534,Williamson769,,,,white,nonhispanic,M,Boston  Massachusetts  US,131 Shanahan Hollow Unit 98,Amherst,Massachusetts,Hampshire County,,42.32248430213231,-72.4888938156624,79244.404,30103.676,28.8,19,0,19,10,0,2012-05-02 14:13:02,2021-06-23 14:13:02,22.0,4.0,100.99,4837.0,40.0,0,1,0,0,0,0,0,0,0,0,27.4,11.25,18.75,8.65,4.0
3ff3637c-86a6-6d45-8e41-f1b2c96fbcf4,2010-01-13,,999-95-3226,,,,Rosana394,Kessler503,,,,white,nonhispanic,F,Mashpee  Massachusetts  US,276 Deckow Tunnel Unit 19,Lowell,Massachusetts,Middlesex County,,42.604714829560734,-71.30423462954602,298852.3775,543.9824999999998,16.0,19,0,18,12,0,2011-12-21 08:48:19,2021-01-27 08:48:19,8.0,5.0,109.24,8.0,7.0,0,0,0,0,0,0,0,0,0,0,27.45,14.35,27.7,11.05,8.2
6b3a5686-0f63-5ce4-cc03-0bba2052f7b1,1958-10-28,,999-96-8207,S99914224,X43330625X,Mrs.,Lashawnda573,O'Hara248,,Greenfelder433,M,white,nonhispanic,F,Deerfield  Massachusetts  US,230 Robel Drive Suite 95,Lowell,Massachusetts,Middlesex County,1851.0,42.6316527884149,-71.37344386063603,1210508.1255,1210783.844499999,67.2,44,2,42,23,1,1960-03-21 21:49:27,2021-10-13 15:49:27,5.0,5.0,5015.87,735.0,62.0,0,0,0,0,0,0,0,0,0,0,27.45,14.35,27.7,11.05,8.2
e70e7298-5026-74b0-505b-110dd1ce0af7,1941-10-26,,999-95-6406,S99955846,X26191014X,Mrs.,Lyla842,Braun514,,Kozey370,M,white,nonhispanic,F,Framingham  Massachusetts  US,250 Senger Glen Suite 62,Canton,Massachusetts,Norfolk County,,42.14481837066749,-71.09046249594442,2328980.126,274946.544,84.2,42,0,42,36,0,1959-12-20 21:12:26,2021-04-11 21:12:26,37.0,5.0,21488.43,370.0,55.0,0,0,1,0,1,0,0,0,0,0,27.4,11.25,18.75,8.65,4.0
8761af66-90ad-7f7d-2102-58b767495473,1991-06-21,,999-65-6080,S99986136,X63302614X,Mr.,Jack927,Barton704,,,S,white,nonhispanic,M,Boston  Massachusetts  US,156 Haley Manor Unit 66,Medford,Massachusetts,Middlesex County,,42.46185600137178,-71.06937481174222,760228.9025,3786.1574999999993,34.5,16,1,14,5,1,2006-04-05 23:34:49,2021-11-05 23:34:49,4.0,4.0,333.08,9.0,25.0,0,0,0,0,0,0,0,0,0,0,24.6,9.899999999999999,18.4,7.800000000000001,4.15
50aac3ff-d836-adfd-620d-662fa08fdf55,1960-09-23,,999-39-5007,S99928200,X13955983X,Mrs.,Jacquelynn434,Morar593,,Connelly992,M,white,nonhispanic,F,Cambridge  Massachusetts  US,638 Hamill Orchard,Holyoke,Massachusetts,Hampden County,,42.18367618127297,-72.61096971979472,515229.47600000014,1361112.994,65.3,107,16,91,56,4,1963-08-13 19:03:20,2021-11-02 17:03:20,151.0,8.0,354940.94,1420.0,70.0,0,0,0,0,1,0,0,1,0,0,38.5,17.3,37.05,14.1,15.0
fcca54e8-5abe-cd71-30a0-464f15368bea,1993-12-12,,999-93-3994,S99954518,X33164416X,Mrs.,Oneida64,Stokes453,,Lemke654,M,white,nonhispanic,F,Revere  Massachusetts  US,1085 Grant Boulevard,Marblehead,Massachusetts,Essex County,,42.49291246290296,-70.82288753994087,1814465.2625000004,3730.7175,32.1,52,3,49,4,3,1994-11-04 09:18:54,2021-11-04 09:18:54,9.0,9.0,106899.51000000001,714.0,139.0,0,0,0,0,0,0,0,0,0,0,25.85,7.15,15.3,7.3,2.35
c88891ca-5796-aca3-c67d-0b2043dd0463,2007-12-14,,999-76-2033,,,,Alexander630,Robel940,,,,white,nonhispanic,M,Westfield  Massachusetts  US,337 Nicolas Light,Marshfield,Massachusetts,Plymouth County,2050.0,42.12065615656291,-70.71224510102759,629927.13,131.21999999999994,18.0,46,1,45,9,1,2012-11-24 04:57:05,2021-11-03 08:57:05,6.0,4.0,3458.14,39.0,37.0,0,0,0,0,0,0,0,0,0,0,27.75,10.25,16.9,8.399999999999999,3.4000000000000004
a5ca099b-c28d-c0f4-653a-0d926051840a,2019-08-29,,999-43-1306,,,,Kevin729,Kautzer186,,,,white,nonhispanic,M,New Bedford  Massachusetts  US,538 Stroman Pathway Apt 39,Lynn,Massachusetts,Essex County,1906.0,42.43221408992101,-70.92917302576713,61668.18000000001,56.21999999999992,6.3,11,0,11,9,0,2019-08-29 19:13:36,2021-08-05 19:13:36,2.0,2.0,21.5,2.0,5.0,0,0,0,0,0,0,0,0,0,0,33.849999999999994,14.649999999999999,32.0,12.0,11.9
0f235c70-d4a8-4a79-e124-eb3b6da274a0,1992-01-05,,999-69-3737,S99985809,X56624017X,Mrs.,Dovie983,Fay398,,Wunsch504,M,white,nonhispanic,F,Watertown  Massachusetts  US,194 Muller Mill Suite 76,Longmeadow,Massachusetts,Hampden County,1106.0,42.06090644403344,-72.54143976350323,923570.6865,197191.2335,34.0,41,2,39,5,2,2010-02-28 17:22:10,2021-08-02 17:22:10,17.0,13.0,21759.350000000002,106.0,89.0,0,0,0,0,0,0,0,0,0,0,27.3,8.399999999999999,17.65,7.9,2.75
e15d5c46-48a2-2364-2b4f-529ecbe0c956,1970-12-26,,999-43-7191,S99999275,X9664867X,Mr.,Edison640,Hudson301,,,S,white,nonhispanic,M,Seekonk  Massachusetts  US,946 Reichert Arcade Suite 67,Bourne,Massachusetts,Barnstable County,2532.0,41.78475675896708,-70.6140814363135,657408.255,56.11499999999995,55.0,27,2,25,18,2,1977-10-16 18:52:09,2021-03-27 18:52:09,15.0,5.0,145042.13,1157.0,48.0,0,0,0,0,0,0,0,0,0,0,27.2,11.75,18.15,9.35,3.75
97899f1d-9c3b-2b90-17b8-400c11ab8f0f,1969-10-19,,999-92-9590,S99972960,X36775426X,Ms.,Alberta625,Waters156,,,S,white,hispanic,F,Peabody  Massachusetts  US,246 Boyle Heights Apt 11,Woburn,Massachusetts,Middlesex County,1890.0,42.47373281976995,-71.19371785183553,2695191.145500001,206727.3645,56.2,54,6,48,17,6,1985-07-26 02:27:51,2021-11-13 03:20:58,32.0,8.0,65650.75,135.0,86.0,0,0,0,0,1,0,0,0,0,0,25.5,11.25,19.75,8.4,4.45
87daa935-0fc8-61cf-9e00-b8540c292903,1959-11-17,,999-51-1827,S99983576,X60001847X,Mr.,Collin529,Becker968,,,S,white,nonhispanic,M,Cambridge  Massachusetts  US,727 O'Kon Green Suite 87,Methuen,Massachusetts,Essex County,1844.0,42.72398866372979,-71.1614110031373,1387814.2325000006,1236.5474999999997,66.1,59,0,59,46,0,1970-12-01 21:10:45,2021-09-14 21:10:45,53.0,2.0,2548.13,531.0,54.0,0,1,0,0,1,0,0,0,0,1,27.4,11.25,18.75,8.65,4.0
81b2098d-e476-7d41-46b1-1c86fa027785,1956-02-18,,999-19-9446,S99925383,X8583497X,Mrs.,Isa815,Gorczany269,,Dooley940,M,white,nonhispanic,F,Natick  Massachusetts  US,722 Jenkins Harbor,North Plymouth,Massachusetts,Plymouth County,,42.007923355728,-70.6666560319566,1309087.890500001,80931.26950000002,69.9,41,3,38,15,2,1974-04-13 06:24:42,2021-05-15 06:24:42,12.0,4.0,8855.39,486.0,66.0,0,0,0,0,0,0,0,0,0,0,31.7,15.2,22.299999999999997,9.75,5.05
e984f023-1987-15a9-f24b-f980ce800206,1975-08-10,,999-12-5073,S99947934,X59393369X,Mrs.,Starla601,Collier206,,Armstrong51,M,white,nonhispanic,F,Boston  Massachusetts  US,754 Moore Road Apt 77,Scituate,Massachusetts,Plymouth County,,42.19355224924024,-70.73756348254831,1855792.1399999997,59302.740000000005,50.4,57,5,52,11,4,1981-12-04 13:06:10,2021-06-25 04:06:10,23.0,7.0,28876.11,123.0,163.0,0,0,0,0,1,0,0,0,0,0,26.5,9.100000000000001,15.95,8.149999999999999,3.0999999999999996
e92c1f65-ac3e-4732-1199-fcaefa803406,1969-06-17,,999-37-5672,S99952360,X51466551X,Mr.,Ernesto186,Jaramillo133,,,S,white,hispanic,M,Havana  Havana  CU,508 Mueller Center Apt 38,Winthrop,Massachusetts,Suffolk County,2128.0,42.41739517303299,-71.00622320700667,1324142.2075,496.8825,56.5,19,0,19,10,0,1972-08-31 10:24:32,2021-06-29 10:24:32,1.0,1.0,2755.4,599.0,41.0,0,0,0,0,1,0,0,0,0,0,27.4,11.25,18.75,8.65,4.0
e000e5c8-30f7-7a53-a324-7f3e431ba008,1970-03-08,,999-63-3223,S99915120,X58434553X,Mr.,Cletus494,Bartell116,,,M,white,nonhispanic,M,Lowell  Massachusetts  US,417 Jacobson Wynd,Amherst,Massachusetts,Hampshire County,,42.403636828728615,-72.50083819963562,327178.87500000006,203960.29499999995,55.8,67,6,59,20,5,1980-03-16 12:58:53,2021-08-15 12:58:53,32.0,13.0,91986.18000000001,499.0,72.0,0,0,1,0,1,0,0,0,0,0,27.4,11.25,18.75,8.65,4.0
f7a3acd9-1c09-59d6-dbaa-079164cbe703,1976-02-19,,999-36-1674,S99957653,X50897317X,Mr.,Emerson869,Frami345,,,M,white,nonhispanic,M,Boston  Massachusetts  US,213 Weissnat Port Apt 83,Taunton,Massachusetts,Bristol County,2718.0,41.86833707898191,-71.14495171730232,249879.2675,23.872499999999945,49.9,36,1,35,28,1,1994-04-14 14:31:15,2021-09-16 14:31:15,37.0,4.0,35.25,332.0,66.0,0,1,0,0,1,0,0,0,0,0,33.400000000000006,17.9,25.85,10.35,6.449999999999999
74b7fc31-8223-c477-0ec9-5b2ceea7c28f,1970-09-19,,999-32-8750,S99959598,X89632338X,Mr.,Isiah14,Jacobs452,,,M,black,nonhispanic,M,Wenham  Massachusetts  US,856 Gerlach Branch,Canton,Massachusetts,Norfolk County,,42.13423920861032,-71.11283720301776,2104482.625,3307.545,55.3,26,2,24,13,2,1973-09-01 06:28:30,2021-09-25 06:28:30,5.0,4.0,12180.55,591.0,32.0,0,0,0,0,1,0,0,0,0,0,27.4,11.25,18.75,8.65,4.0
78a50f0f-cce6-17f0-cc9f-bd605ce78292,1984-12-26,,999-96-2106,S99920846,X64074744X,Mrs.,Mardell937,Legros616,,Johnston597,M,white,nonhispanic,F,New Bedford  Massachusetts  US,365 Prosacco Byway,Cohasset,Massachusetts,Norfolk County,,42.276723163726274,-70.7630702435798,1099682.6775,587.5124999999999,41.0,35,2,33,6,1,2003-02-19 19:23:03,2021-04-07 19:23:03,5.0,4.0,1401.27,198.0,84.0,0,0,0,0,1,0,0,0,0,0,27.4,11.25,18.75,8.65,4.0
b45719be-ad92-ca35-29be-daaacf4f258b,1966-03-01,,999-63-7968,S99988817,X49302987X,Mr.,Pierre431,Collins926,,,M,white,nonhispanic,M,Lexington  Massachusetts  US,568 Stokes Course Unit 49,Boston,Massachusetts,Suffolk County,2163.0,42.33318843055388,-71.0209209240505,180626.78650000007,103678.9435,59.8,50,1,49,38,1,1983-04-19 17:16:53,2021-04-20 17:16:53,41.0,4.0,164.21,446.0,57.0,0,1,0,0,1,0,0,0,0,0,24.25,11.25,24.0,9.45,6.3
fab540db-3bc8-bbf8-69bc-5d8a9dbb752f,2020-12-24,,999-66-3827,,,,Charlsie105,Jacobson885,,,,white,nonhispanic,F,Needham  Massachusetts  US,122 Hyatt Fort,Royalston,Massachusetts,Worcester County,,42.645026687928464,-72.17856620100746,27676.87,0.0,5.0,6,0,6,5,0,2020-12-24 07:25:35,2021-09-02 07:25:35,2.0,2.0,182.76,2.0,1.0,0,0,0,0,0,0,0,0,0,0,27.4,11.25,18.75,8.65,4.0
54e10ce1-0444-aa9d-a915-1d576a6a0f70,1958-04-07,,999-96-5910,S99917499,X67761287X,Mr.,Todd315,Breitenberg711,,,S,white,nonhispanic,M,Lowell  Massachusetts  US,259 Lakin Terrace Apt 27,Yarmouth,Massachusetts,Barnstable County,,41.69660619780265,-70.19266507460578,1568370.76,2443.86,67.7,47,1,46,22,0,1976-05-31 06:09:28,2021-06-21 06:09:28,7.0,2.0,1542.77,71.0,77.0,0,0,0,0,0,0,0,0,0,0,27.4,11.25,18.75,8.65,4.0
fa311677-035c-7329-3dec-2a01c9afd965,1958-09-06,,999-58-2537,S99932987,X74829255X,Mr.,Jeremy766,Witting912,,,M,asian,nonhispanic,M,Macau  Macao Special Administrative Region of the People's Republic of China  CN,941 Robel Vista,Plainville,Massachusetts,Norfolk County,,42.04847821979759,-71.34364274473728,1616300.0625000007,20846.4675,67.3,52,1,51,45,1,1976-10-30 06:41:44,2021-07-10 06:41:44,93.0,3.0,342.91,16992.0,61.0,0,1,0,0,0,0,0,0,0,0,27.4,11.25,18.75,8.65,4.0
899c3251-4ec5-8102-957c-e89acd5b921a,1969-02-02,,999-93-3935,S99988639,X67250211X,Mrs.,Lakeesha370,Romaguera67,,Dare640,M,white,nonhispanic,F,Lowell  Massachusetts  US,651 Terry Brook,Newton,Massachusetts,Middlesex County,2462.0,42.300236354379294,-71.16339182099287,2142649.0315000005,120417.3385,56.9,68,5,62,32,4,1976-07-04 15:38:20,2021-10-17 16:38:20,141.0,12.0,27248.51,26083.0,71.0,0,1,0,0,1,0,0,0,0,0,21.35,6.7,14.8,7.25,2.7
251ec304-b5fb-e3fa-72ed-197b957c3378,2020-05-13,,999-74-4099,,,,Harris789,Torphy630,,,,white,nonhispanic,M,Fall River  Massachusetts  US,380 Gibson Street Unit 30,Haverhill,Massachusetts,Essex County,,42.79893827932688,-71.15448072547652,5147.4385,6411.331499999999,5.6,9,0,9,8,0,2020-05-13 09:29:37,2021-10-20 09:29:37,0.0,0.0,0.0,0.0,5.0,0,0,0,0,0,0,0,0,0,0,31.75,13.55,25.7,9.8,7.3
0fc183b2-8b93-ec17-d2fc-e703b373c9d7,1971-01-18,,999-47-5593,S99991572,X88557190X,Mrs.,Barbara209,Soliz209,,Zúñiga630,M,white,hispanic,F,Marigot  Saint Andrew Parish  DM,342 Gleason Alley Unit 65,Salem,Massachusetts,Essex County,,42.46761937587988,-70.8693905368745,1387921.3015000003,229094.66849999997,55.0,58,1,55,33,1,1989-03-13 16:27:03,2021-10-04 16:27:03,153.0,10.0,31652.670000000002,24432.0,76.0,0,1,0,0,1,0,0,0,1,0,29.9,11.2,22.35,8.899999999999999,5.55
add236d5-0131-8a3f-8b55-a081df83922e,1997-12-19,,999-49-5374,S99970841,X62900787X,Ms.,Darline247,Ondricka197,,,,white,nonhispanic,F,Worcester  Massachusetts  US,1057 Okuneva Promenade,Peabody,Massachusetts,Essex County,1960.0,42.50462121881945,-71.03592198886379,342735.9125000001,46762.717500000006,28.0,32,2,30,10,2,2012-01-20 17:09:10,2021-07-02 17:09:10,12.0,5.0,1482.02,2164.0,96.0,0,1,0,0,0,0,0,0,0,0,29.25,12.25,23.05,9.15,5.25
d2f61dcd-764f-619a-a60e-dc4a23eb3d53,1999-04-03,,999-58-5537,S99945748,X58766646X,Ms.,Molly175,Carroll471,,,,white,nonhispanic,F,West Springfield  Massachusetts  US,875 Rutherford Fort Unit 44,Waltham,Massachusetts,Middlesex County,,42.39943887905051,-71.28472080328743,587705.3175,1245.6225,26.7,50,0,50,10,0,2012-04-28 14:54:31,2021-09-11 14:54:31,28.0,10.0,25197.56,122.0,76.0,0,0,0,0,0,0,0,0,0,0,24.65,9.55,19.15,7.8,5.1
a74d0e94-a25c-e5b1-3d27-d23552bd29f1,2014-05-13,,999-88-1125,,,,Sydney660,O'Hara248,,,,white,nonhispanic,M,Boston  Massachusetts  US,156 Muller Ferry,Gloucester,Massachusetts,Essex County,1930.0,42.656894156989495,-70.72750647595943,24289.873,15577.586999999998,11.6,23,2,21,16,2,2014-05-13 08:09:58,2021-05-04 08:09:58,5.0,3.0,67.67,8.0,13.0,0,0,0,0,0,0,0,0,0,0,30.15,12.95,22.9,9.5,4.5
5136cc20-a63c-c7c8-00ae-fc5fa86be863,1942-10-15,,999-36-4286,S99966813,X52936151X,Mr.,Lavern240,O'Kon634,,,M,black,nonhispanic,M,Boxborough  Massachusetts  US,885 Bernier Run Apt 52,Pembroke,Massachusetts,Plymouth County,,42.06937530090524,-70.8252839067862,1886447.606,115760.134,83.2,55,3,52,36,3,1960-12-08 20:10:59,2021-03-25 20:10:59,4.0,3.0,90.22,6.0,68.0,0,0,0,0,1,0,0,0,0,0,27.4,11.25,18.75,8.65,4.0
d7b59f8c-fe04-46a1-de11-1ca3bd0d58e9,1998-11-24,,999-69-5975,S99927441,X55184932X,Mr.,Tad831,Pagac496,,,,black,nonhispanic,M,Dedham  Massachusetts  US,934 Runolfsson Village Unit 4,Hatfield,Massachusetts,Hampshire County,1038.0,42.35212395307452,-72.60179728815791,568422.6475,940.3724999999996,27.1,21,1,20,10,1,2011-12-20 05:01:48,2021-03-16 13:01:48,7.0,2.0,11.61,59.0,55.0,0,1,0,0,0,0,0,0,0,0,23.8,10.7,17.05,8.600000000000001,3.5999999999999996
2a98d763-bdbc-f524-31b7-23712dc08894,1971-01-03,,999-98-3790,S99979253,X20559703X,Mr.,Maxwell782,Littel644,,,M,asian,nonhispanic,M,Chatham  Massachusetts  US,478 Williamson Manor Apt 67,Middleborough Center,Massachusetts,Plymouth County,,41.846022140699766,-70.88908471880194,2102369.912500001,1105.5674999999997,55.0,31,2,29,14,2,1972-04-19 23:00:16,2021-01-17 22:00:16,4.0,4.0,262.59000000000003,7.0,38.0,0,0,0,0,1,0,0,0,0,0,31.1,14.9,21.8,9.25,5.05
c1c5bcd1-d232-8de3-7e0f-3ef13280455c,1995-05-21,,999-70-1217,S99929211,X88367049X,Ms.,Delmy607,Shanahan202,,,,white,nonhispanic,F,Lexington  Massachusetts  US,930 King Stravenue,Agawam,Massachusetts,Hampden County,,42.03612841393704,-72.72720303242403,1121225.9899999998,3581.34,30.6,51,2,49,6,2,2009-01-20 22:51:19,2021-10-24 22:51:19,5.0,4.0,11487.539999999999,27.0,162.0,0,0,0,0,0,0,0,0,0,0,27.4,11.25,18.75,8.65,4.0
b3e07511-608d-0034-f354-fab0ea176917,2019-07-15,,999-37-2238,,,,Gustavo235,Rael318,,,,white,hispanic,M,Mexico City  Mexico City  MX,941 Kihn Dam Apt 22,Weymouth,Massachusetts,Norfolk County,2190.0,42.22164554447146,-70.96696574191755,67304.94,104.33999999999992,6.5,12,1,11,9,1,2019-07-15 14:18:03,2021-06-21 14:18:03,1.0,1.0,22.6,2.0,6.0,0,0,0,0,0,0,0,0,0,0,27.4,11.25,18.75,8.65,4.0
e7d52393-d28b-96d3-fe60-5a19ef9ce171,1948-03-03,,999-63-5635,S99944758,X16580066X,Mr.,Javier97,Greenfelder433,,,M,white,nonhispanic,M,Boston  Massachusetts  US,672 Cremin Divide Suite 83,Somerville,Massachusetts,Middlesex County,2155.0,42.39178190525223,-71.09834605968241,2646016.4100000006,43908.96,77.8,90,1,89,54,1,1948-11-04 20:54:43,2021-11-06 09:54:43,156.0,7.0,22688.24,21460.0,53.0,0,1,0,0,1,0,0,0,0,1,23.95,8.8,16.9,6.85,4.25
69bb7f3e-31ab-fee6-9ab6-4a83c24df020,2006-10-16,,999-56-5204,,,,Emilia403,Lemus978,,,,white,hispanic,F,Carolina  Puerto Rico  PR,530 Ortiz Divide Apt 24,Worcester,Massachusetts,Worcester County,1604.0,42.284867547270586,-71.86914245854645,372471.09,206.22,19.2,14,0,14,9,0,2012-10-02 00:10:06,2021-06-22 00:10:06,2.0,2.0,461.71,13.0,19.0,0,0,0,0,0,0,0,0,0,0,35.9,14.9,29.3,11.55,8.8
be86cb71-0481-f2c6-c89b-e8ea1136a893,1957-02-12,,999-21-8577,S99910061,X43205480X,Ms.,Isadora719,Tremblay80,,,S,white,nonhispanic,F,Melrose  Massachusetts  US,207 Dooley Orchard,Ipswich,Massachusetts,Essex County,,42.72173796879688,-70.82074680849233,2511927.5475000013,532650.7825,68.9,44,0,44,25,0,1974-02-19 06:20:34,2021-05-04 06:20:34,3.0,2.0,2127.33,583.0,60.0,0,0,0,0,0,0,0,0,0,0,27.85,9.8,18.5,8.0,3.25
71a8b156-760b-df6b-859e-eefc7932a526,2014-11-15,,999-12-3038,,,,Adriana394,Hintz995,,,,white,nonhispanic,F,Amherst Center  Massachusetts  US,455 Bayer Rapid Suite 75,Boston,Massachusetts,Suffolk County,2120.0,42.3980503884975,-70.97134547950968,192947.81,0.0,11.1,19,1,18,16,1,2014-11-15 09:49:18,2021-11-06 09:49:18,4.0,3.0,130.12,4.0,9.0,0,0,0,0,0,0,0,0,0,0,24.25,11.25,24.0,9.45,6.3
63d20fbe-d046-cc9f-59b7-c51c073583c1,1944-02-16,,999-67-9678,S99973446,X88197513X,Mrs.,Roselia779,Kilback373,,Wunsch504,M,white,nonhispanic,F,Lynn  Massachusetts  US,445 Stark Dale,Worcester,Massachusetts,Worcester County,1609.0,42.24220905755672,-71.76752705067625,4108771.945500001,678808.1145000001,81.9,65,3,62,34,3,1945-02-19 05:33:35,2021-10-21 14:03:35,21.0,6.0,12278.439999999999,280.0,65.0,0,0,0,0,1,0,0,0,0,1,35.9,14.9,29.3,11.55,8.8
2aeeff83-dd7a-e599-6199-35b39c614293,1983-03-26,,999-20-4922,S99925760,X63725108X,Mr.,Grady603,Predovic534,,,M,white,hispanic,M,New Bedford  Massachusetts  US,752 Schuppe Wynd,Boston,Massachusetts,Suffolk County,2108.0,42.35356465450079,-71.10272911933386,756504.9374999999,1093.4924999999996,42.8,25,1,24,21,1,2001-05-19 14:44:58,2021-09-11 14:44:58,45.0,3.0,321.37,14983.0,54.0,0,1,0,0,0,0,0,0,0,0,24.25,11.25,24.0,9.45,6.3
6ab08a28-1670-be6a-f2c9-f2e248700836,2001-04-01,,999-15-4276,S99940513,X30897820X,Ms.,Ermelinda113,Kerluke267,,,,white,nonhispanic,F,Groton  Massachusetts  US,184 Dooley Annex Unit 31,Amherst,Massachusetts,Hampshire County,,42.34005566415741,-72.52688396722814,512197.82500000007,2144.925,24.8,28,0,25,10,0,2012-04-16 01:56:22,2021-06-07 01:56:22,18.0,9.0,2676.58,1919.0,54.0,0,1,0,0,1,0,0,0,0,0,27.4,11.25,18.75,8.65,4.0
41ba25b8-f5ca-3bce-c26f-64b5ce13e525,1970-10-24,,999-59-7838,S99940185,X66933335X,Mr.,Lucius907,Gerlach374,,,M,white,nonhispanic,M,Foxborough  Massachusetts  US,665 Harris Highlands Apt 47,Methuen,Massachusetts,Essex County,1844.0,42.69826395397173,-71.17965295012952,2098081.865,2123.955,55.2,79,4,74,47,3,1974-07-08 16:48:47,2021-06-19 16:48:47,199.0,10.0,536771.66,14649.0,80.0,0,1,0,0,0,0,0,0,0,0,27.4,11.25,18.75,8.65,4.0
683fc157-3f75-3396-c034-a3fb4ec710fe,1989-08-30,,999-66-7811,S99952302,X76323945X,Mr.,Ian270,Ledner144,,,S,white,nonhispanic,M,Chicopee  Massachusetts  US,523 Hodkiewicz Camp Unit 29,Franklin,Massachusetts,Norfolk County,2038.0,42.07991213615748,-71.45490144171194,831869.4774999999,488.1524999999999,36.3,19,4,14,10,3,2007-10-24 14:33:48,2021-03-24 14:33:48,50.0,9.0,34797.33,364.0,45.0,0,0,1,0,0,0,0,0,0,0,27.4,11.25,18.75,8.65,4.0
de08c2b0-05d0-ba6a-a515-d7d779aa5191,1988-10-22,,999-80-8701,S99961913,X36198153X,Mr.,Chase54,Okuneva707,,,M,white,nonhispanic,M,Springfield  Massachusetts  US,622 Crist Skyway,Boston,Massachusetts,Suffolk County,2115.0,42.32473853482738,-71.01184517185878,818187.7825000002,2996.7375,37.2,25,0,25,12,0,2004-12-04 08:54:52,2021-09-25 08:54:52,29.0,5.0,38107.41,83.0,49.0,0,0,0,0,1,0,0,0,0,0,24.25,11.25,24.0,9.45,6.3
3beee40e-512b-420f-38a3-28e56cddbc9b,1952-07-28,,999-52-7932,S99926912,X71606156X,Mr.,Lou594,Crooks415,,,M,white,nonhispanic,M,Leicester  Massachusetts  US,581 Kassulke Trailer Unit 64,Heath,Massachusetts,Franklin County,,42.67644394305519,-72.8180838959979,2412845.779000001,36652.171,73.4,51,1,49,34,1,1953-06-20 04:10:06,2021-07-02 09:04:16,77.0,7.0,95999.03,12197.0,66.0,1,1,0,0,1,0,0,0,0,0,27.4,11.25,18.75,8.65,4.0
9e84e569-7adc-ff42-ccdb-9fe9c23842a6,1945-11-04,,999-92-3898,S99988486,X72768860X,Mr.,Armando772,Hilll811,,,M,white,nonhispanic,M,Boston  Massachusetts  US,397 Rodriguez Promenade Suite 93,Lynn,Massachusetts,Essex County,1902.0,42.43784038613419,-71.01989518158898,1991590.1935000003,746653.6664999999,80.2,130,0,121,57,0,1963-12-29 06:26:34,2021-10-31 06:26:34,443.0,8.0,192999.63,22854.0,251.0,1,1,1,0,1,0,1,0,0,0,33.849999999999994,14.649999999999999,32.0,12.0,11.9
346a1435-2455-914f-c287-7b88052d05db,1981-11-16,,999-84-2339,S99923024,X52678817X,Mrs.,Akiko835,Pfannerstill264,,Corwin846,M,asian,nonhispanic,F,Ahmedabad  Gujarat  IN,280 Macejkovic Byway Suite 60,Framingham,Massachusetts,Middlesex County,1702.0,42.31885511061061,-71.40051908597108,1208465.0770000005,377902.533,44.1,69,4,65,22,4,1983-05-01 17:48:57,2021-09-06 20:48:57,57.0,8.0,4503.84,16470.0,179.0,0,1,0,0,0,0,0,0,0,0,26.450000000000003,11.85,21.75,9.1,6.699999999999999
1d1af1df-c916-9534-dcb4-b9aaf02e48d5,1974-07-16,,999-32-8645,S99916853,X49532086X,Mrs.,Pattie91,Feest103,,Reynolds644,M,white,nonhispanic,F,Marshfield  Massachusetts  US,475 Monahan Parade,Springfield,Massachusetts,Hampden County,1013.0,42.14978469885629,-72.62362135799623,771826.6675000001,617051.9324999999,51.5,71,2,69,26,2,1992-09-05 14:41:00,2021-11-09 10:41:00,91.0,11.0,42990.23,11171.0,105.0,0,1,0,0,1,0,0,0,0,0,39.900000000000006,17.8,37.65,14.600000000000001,13.899999999999999
d60a19c3-848d-6c3b-deed-8e2226bd5757,2011-04-25,,999-93-5084,,,,Monica757,Nikolaus26,,,,white,nonhispanic,F,Hopkinton  Massachusetts  US,407 Bednar Throughway,Worcester,Massachusetts,Worcester County,1583.0,42.28567917186681,-71.69157518983323,136549.00999999998,0.0,14.7,18,1,17,15,1,2012-01-02 23:31:00,2021-05-03 23:31:00,2.0,2.0,37.33,4.0,11.0,0,0,0,0,0,0,0,0,0,0,35.9,14.9,29.3,11.55,8.8
af0323f7-dcf2-5d97-8623-2f0d511016ec,1960-06-27,,999-58-6823,S99924358,X50892594X,Mr.,Luigi346,Carroll471,,,M,white,nonhispanic,M,Agawam  Massachusetts  US,886 Gutkowski Route Apt 30,Boston,Massachusetts,Suffolk County,2135.0,42.30282854799498,-71.15623517392224,1524947.8700000003,113.90999999999995,65.5,56,1,55,26,1,1973-07-14 04:41:38,2021-08-31 03:39:03,16.0,1.0,3.92,190.0,62.0,0,0,0,0,1,0,0,0,0,0,24.25,11.25,24.0,9.45,6.3
1cd0fcc2-1fc9-6471-510b-2b524494d9f3,2004-02-01,,999-86-3549,S99928755,,,Alton320,Parker433,,,,white,nonhispanic,M,Boston  Massachusetts  US,176 Botsford Avenue,Dartmouth,Massachusetts,Bristol County,,41.57200743886664,-70.99880980212103,453323.4799999999,0.0,21.9,17,0,17,10,0,2010-12-10 22:31:42,2021-07-05 00:31:42,0.0,0.0,0.0,0.0,33.0,0,0,0,0,0,0,0,0,0,0,27.4,11.25,18.75,8.65,4.0
ed01aca0-b28f-4b31-711b-3114e5d3c661,2012-04-18,,999-48-4955,,,,Irish781,Torp761,,,,black,nonhispanic,F,Lynnfield  Massachusetts  US,531 Schoen Road,Natick,Massachusetts,Middlesex County,,42.31885309878484,-71.32940890190834,246067.7225,113.70749999999992,13.7,24,1,23,18,1,2012-04-18 12:52:21,2021-08-01 23:52:21,2.0,2.0,22.810000000000002,2.0,12.0,0,0,0,0,0,0,0,0,0,0,27.4,11.25,18.75,8.65,4.0
165a4435-31ff-0493-eb3f-3a86106f3a59,1972-09-14,,999-29-3189,S99999166,X55007970X,Ms.,Thelma273,Bayer639,JD,,S,white,nonhispanic,F,Pembroke  Massachusetts  US,999 Crist Track,Agawam,Massachusetts,Hampden County,,42.10927704139075,-72.62075434125494,1997480.936,468500.674,53.3,60,3,57,14,2,1990-11-08 08:14:57,2021-09-10 08:14:57,22.0,7.0,41342.91,141.0,158.0,1,0,0,0,1,0,0,0,0,0,27.4,11.25,18.75,8.65,4.0
75bfc8f4-2f19-2b6a-120a-31888422aa78,1965-06-26,,999-29-5492,S99997173,X43376085X,Mrs.,Geraldine667,Koch169,,Huels583,M,white,nonhispanic,F,Cambridge  Massachusetts  US,468 Grimes Esplanade,Groton,Massachusetts,Middlesex County,1450.0,42.63269714260298,-71.58817601750471,1369310.934,46811.17599999999,60.5,24,1,23,14,1,1983-08-21 01:14:06,2021-09-05 01:14:06,19.0,3.0,28458.010000000002,56.0,50.0,0,0,0,0,0,0,0,0,0,0,23.9,8.5,15.8,7.5,3.3
fee55adf-498c-5111-2136-e805906a3a74,1974-12-23,,999-77-4082,S99944844,X44737073X,Mrs.,Rea30,Daugherty69,,Gislason620,M,white,nonhispanic,F,Cambridge  Massachusetts  US,313 Smitham Underpass,Haverhill,Massachusetts,Essex County,1830.0,42.78519331418871,-71.08570966273241,2342040.552,279507.158,51.0,86,0,86,28,0,1984-07-16 02:51:27,2021-10-18 12:51:27,103.0,7.0,146650.89999999997,22227.0,100.0,0,1,0,0,1,0,0,0,0,0,31.75,13.55,25.7,9.8,7.3
d432ac90-2b10-097f-9a30-093555da284f,1970-08-20,,999-64-3099,S99989688,X32934785X,Mrs.,Esther279,Toy286,,Kozey370,M,white,nonhispanic,F,Andover  Massachusetts  US,931 Herman Vale Unit 62,Middleborough Center,Massachusetts,Plymouth County,,41.91099113426522,-70.89398998198266,638323.4609999999,649722.309,55.4,47,0,46,13,0,1987-10-08 13:44:31,2021-08-26 13:44:31,10.0,7.0,40418.1,109.0,54.0,0,0,0,0,1,0,0,0,0,0,31.1,14.9,21.8,9.25,5.05
51b59c09-c5a3-9c00-9ff0-e18c05efe769,1979-02-14,,999-38-7776,S99914229,X34167948X,Mr.,Carmen818,Gutkowski940,,,M,white,nonhispanic,M,Montgomery  Massachusetts  US,807 Ziemann Lock,Foxborough,Massachusetts,Norfolk County,,42.04198500841728,-71.24832444790682,1084557.2975,2914.8225,46.9,37,2,35,25,1,1980-03-08 12:05:33,2021-08-26 00:05:33,85.0,6.0,3533.14,18677.0,59.0,0,1,0,0,0,0,0,0,0,0,24.55,9.649999999999999,15.95,7.85,3.7
4b0187d5-ffc7-563b-80e8-0d45bfd0709f,1948-04-14,,999-48-8801,S99975514,X35457720X,Mrs.,Ines699,Beier427,,Murazik203,M,white,nonhispanic,F,Boxborough  Massachusetts  US,199 Hudson Wall Apt 2,Marblehead,Massachusetts,Essex County,,42.44735293267853,-70.87005145744574,2145940.537500001,1181401.5425,77.7,57,0,57,34,0,1962-05-16 08:48:07,2021-08-25 08:48:07,28.0,4.0,21348.06,618.0,69.0,0,0,0,0,1,0,0,0,0,0,25.85,7.15,15.3,7.3,2.35
4898f210-0f92-d5f8-0b8f-29c0899b69db,1983-04-09,,999-11-1326,S99993912,X4154771X,Mr.,Herbert830,Pouros728,,,M,white,hispanic,M,Braintree  Massachusetts  US,1046 Stamm Quay,Hatfield,Massachusetts,Hampshire County,,42.41148891127506,-72.58720855704566,913136.05,3720.93,42.7,14,1,13,6,1,2001-06-03 04:57:10,2021-05-09 04:57:10,4.0,3.0,180.39000000000001,4.0,22.0,0,0,0,0,0,0,0,0,0,0,23.8,10.7,17.05,8.600000000000001,3.5999999999999996
0c821314-2669-2ad3-2ac3-8ce662d8325c,1975-11-15,,999-50-6610,S99961876,X51741763X,Ms.,Paz9,Murphy561,,,S,black,nonhispanic,F,Lynn  Massachusetts  US,357 Hermann Estate,Berkley,Massachusetts,Bristol County,,41.80177175460216,-71.11243121022024,1263902.017,464160.003,50.1,31,0,31,15,0,1994-01-08 07:31:15,2021-03-27 07:31:15,27.0,8.0,48471.47,141.0,62.0,0,0,0,0,0,0,0,0,0,0,27.4,11.25,18.75,8.65,4.0
34b1b3b3-73ce-1bc2-b26e-dce20c4f6cbc,1950-09-30,,999-28-5628,S99963331,X69179845X,Mr.,Jerry654,Satterfield305,,,M,white,nonhispanic,M,Saugus  Massachusetts  US,230 Kub Hollow Apt 26,Fitchburg,Massachusetts,Worcester County,1420.0,42.54495999508404,-71.859772786183,1793639.1950000003,48734.935,75.3,66,0,66,54,0,1965-11-06 18:17:42,2021-09-18 18:17:42,60.0,6.0,52761.78999999999,19509.0,69.0,0,1,0,0,1,0,0,0,0,0,35.900000000000006,14.899999999999999,28.9,11.3,8.95
7378ba81-94b8-baa9-93d0-bf7d25af0048,1976-06-30,,999-32-4040,S99929350,X30184682X,Mr.,Nick779,Botsford977,,,M,hawaiian,hispanic,M,Salem  Massachusetts  US,321 Marquardt Parade,Lancaster,Massachusetts,Worcester County,,42.52178456194108,-71.71307219012527,1153357.285,3548.415,49.5,41,1,39,27,1,1994-08-25 01:44:58,2021-10-04 22:44:58,34.0,5.0,295.05,327.0,64.0,0,1,0,0,1,0,0,0,0,0,27.4,11.25,18.75,8.65,4.0
9b94051f-59a9-c941-61af-9acf2a9af22f,1945-07-17,,999-61-4586,S99940951,X29494470X,Mr.,Stephen891,Daniel959,,,S,white,nonhispanic,M,West Yarmouth  Massachusetts  US,307 Kulas Approach Unit 81,Rehoboth,Massachusetts,Bristol County,,41.86239690302137,-71.20929303300261,1792752.6385000006,109927.3215,80.5,63,5,57,30,5,1963-09-10 17:32:26,2021-03-09 17:32:26,12.0,7.0,5567.8,99.0,87.0,0,0,0,0,0,0,0,0,0,1,27.4,11.25,18.75,8.65,4.0
9ef4db86-c427-ddfe-a607-737f08ffb0c1,1973-04-02,,999-67-3698,S99988330,X51623363X,Ms.,Terrilyn343,Murphy561,,,S,asian,nonhispanic,F,Hanoi  Hà Đông  VN,239 Upton Walk,Lowell,Massachusetts,Middlesex County,1852.0,42.644893137322526,-71.28465183111837,2756377.8550000004,392992.92499999993,52.7,91,0,91,27,0,1974-01-30 10:18:32,2021-10-04 19:32:32,96.0,10.0,108910.92,12404.0,98.0,1,1,0,0,1,0,0,0,0,0,27.45,14.35,27.7,11.05,8.2
aa83e9bd-e4d5-1874-01ec-539e4a8356e1,2016-08-08,,999-26-4112,,,,Mitch821,Stark857,,,,asian,nonhispanic,M,Scituate  Massachusetts  US,785 Jaskolski Manor Apt 5,Essex,Massachusetts,Essex County,,42.609732088104,-70.7235683552534,17657.243,21227.617,9.4,19,1,18,14,1,2016-08-08 08:05:29,2021-07-19 08:05:29,4.0,4.0,46.78,4.0,9.0,0,0,0,0,0,0,0,0,0,0,26.65,8.4,16.3,7.5,2.75
90053970-cbf7-9102-32f1-61c1b05827a8,1959-03-23,,999-20-9677,S99929577,X45931143X,Mrs.,Mika226,Daugherty69,,Rempel203,M,white,nonhispanic,F,Falmouth  Massachusetts  US,566 Klein Gardens,Walpole,Massachusetts,Norfolk County,2081.0,42.123487454746375,-71.22827320149842,2002214.7375000005,332021.7424999999,66.8,38,0,38,25,0,1972-04-17 14:51:12,2021-05-31 14:51:12,10.0,1.0,7904.700000000001,30.0,76.0,0,0,0,0,1,0,0,0,0,0,23.0,8.1,14.1,7.45,2.9
0896b0af-df68-c103-5db4-018d0ca3256e,1957-07-24,,999-61-1912,S99923028,X4981106X,Mrs.,Marisha663,Roberts511,,Borer986,M,white,hispanic,F,Worcester  Massachusetts  US,954 Harber Trailer Apt 29,Newton,Massachusetts,Middlesex County,2459.0,42.309247092334026,-71.27544335243682,2133224.708500001,578478.3315,68.4,36,0,36,23,0,1975-09-17 16:54:03,2021-10-13 16:54:03,0.0,0.0,0.0,0.0,65.0,0,0,0,0,1,0,0,0,0,0,21.35,6.7,14.8,7.25,2.7
97a30f0c-5ece-06e1-f7c1-1f8d46057ea7,2012-11-26,,999-36-8814,,,,Lucretia377,Mann644,,,,white,nonhispanic,F,Blandford  Massachusetts  US,642 Rosenbaum Avenue Suite 89,Andover,Massachusetts,Essex County,,42.69494191332637,-71.1182535852012,224223.3375,761.1225,13.1,21,0,21,17,0,2012-11-26 06:18:28,2021-06-13 23:18:28,5.0,3.0,79.66,5.0,10.0,0,0,0,0,0,0,0,0,0,0,25.6,8.05,17.65,7.6,3.15
e8ffd460-0685-7966-5e43-d24315e2f40c,2000-05-09,,999-77-3291,S99969464,X8974911X,Ms.,Joya53,Hagenes547,,,,black,nonhispanic,F,Shelburne Falls  Massachusetts  US,235 Mueller Club,Boston,Massachusetts,Suffolk County,2163.0,42.33693274543457,-71.11962448996672,555142.87,64730.31000000001,25.6,34,2,32,8,1,2012-05-29 20:42:11,2021-03-09 20:42:11,9.0,8.0,73291.87999999999,574.0,123.0,0,0,0,0,0,0,0,0,0,0,24.25,11.25,24.0,9.45,6.3
39b4eaac-6d32-3610-6cdf-20196fd708cb,2005-04-13,,999-85-7342,S99974594,,,Noriko180,Herman763,,,,hawaiian,nonhispanic,F,Fall River  Massachusetts  US,1024 Russel Divide Suite 36,Kingston,Massachusetts,Plymouth County,2364.0,41.98843383622546,-70.78286368030886,320508.42,8292.779999999999,20.7,30,1,29,10,1,2012-04-04 09:20:18,2021-09-08 09:20:18,4.0,3.0,38669.58,104.0,36.0,0,0,0,0,0,0,0,0,0,0,27.6,10.6,16.55,7.75,3.4
68444584-c6e0-8d53-923e-ce79ba7c1911,2011-09-03,,999-21-5083,,,,Timmy68,Pfannerstill264,,,,white,nonhispanic,M,Amherst  Massachusetts  US,426 Kuvalis Ville Apt 24,Amherst,Massachusetts,Hampshire County,,42.31803378115187,-72.54871835823762,253391.99,206.22,14.3,24,1,23,17,1,2011-12-10 16:17:00,2021-09-11 16:17:00,4.0,3.0,200.44,6.0,11.0,0,0,0,0,0,0,0,0,0,0,27.4,11.25,18.75,8.65,4.0
8de0c26b-923d-7d3a-3315-9a800f7e46ec,1955-02-02,,999-58-6684,S99930358,X22130468X,Mr.,Johnathan55,Reichert620,,,M,white,nonhispanic,M,Attleboro  Massachusetts  US,251 Bartoletti Center Unit 97,Yarmouth,Massachusetts,Barnstable County,,41.66529851844992,-70.19927976933926,1648829.2075000005,22627.6725,70.9,50,0,50,26,0,1973-03-28 10:46:35,2021-05-05 10:46:35,1.0,1.0,6.65,1.0,68.0,0,0,0,0,1,0,0,0,0,0,27.4,11.25,18.75,8.65,4.0
246fb368-8991-dc93-f6a5-eca807e7dbde,1990-10-28,,999-60-9817,S99914273,X80400694X,Ms.,Eleni953,Hilpert278,JD,,S,white,nonhispanic,F,Amesbury  Massachusetts  US,1051 Weimann Flat Apt 41,Halifax,Massachusetts,Plymouth County,,42.00159672532585,-70.8811988722922,667527.8949999999,256041.245,35.2,80,3,77,13,3,1991-07-03 03:28:47,2021-11-15 01:28:47,20.0,5.0,70309.8,5470.0,239.0,0,1,0,0,0,0,0,0,0,0,27.4,11.25,18.75,8.65,4.0
f26edc0d-057d-5dcc-3be2-26eb85730912,2013-02-04,,999-98-9719,,,,Jerome176,Kihn564,,,,white,nonhispanic,M,Charlton  Massachusetts  US,602 Wilkinson Extension,Watertown,Massachusetts,Middlesex County,,42.404547664933176,-71.14026154656801,223418.105,420.5249999999999,12.9,24,1,23,17,1,2013-02-04 12:50:35,2021-02-01 12:50:35,6.0,4.0,57.980000000000004,7.0,12.0,0,0,0,0,0,0,0,0,0,0,27.4,11.25,18.75,8.65,4.0
51c7ff6a-33e3-3e1b-d3ad-0035c8227dfa,2002-04-11,,999-16-9961,S99921624,,Ms.,Georgiann138,Heaney114,,,,white,nonhispanic,F,Springfield  Massachusetts  US,967 Hintz Drive,Amherst,Massachusetts,Hampshire County,,42.36776288197201,-72.47330072761734,40978.56,0.0,23.7,33,2,31,10,2,2012-04-20 00:35:38,2021-06-11 00:35:38,10.0,8.0,35607.82,672.0,58.0,0,1,0,0,0,0,0,0,0,0,27.4,11.25,18.75,8.65,4.0
e31d10b1-1cfa-e761-c21d-b7fd630f55c3,1997-11-10,,999-24-2475,S99970079,X14053905X,Mr.,Curt84,Schmidt332,,,,white,nonhispanic,M,Cambridge  Massachusetts  US,345 Leuschke Meadow Apt 95,South Amherst,Massachusetts,Hampshire County,,42.33747124680382,-72.48786598749187,571963.0475,1122.3825,28.1,10,1,9,8,1,2009-11-30 07:03:42,2021-01-20 07:03:42,1.0,1.0,5.32,1.0,32.0,0,0,0,0,0,0,0,0,0,0,27.4,11.25,18.75,8.65,4.0
7adfe946-37fc-cb42-d68b-04175f767196,1996-06-09,,999-29-3995,S99913674,X79541431X,Ms.,Ilona639,Graham902,,,,white,nonhispanic,F,Brookline  Massachusetts  US,927 Marvin Branch Suite 8,Seekonk,Massachusetts,Bristol County,,41.87843619082204,-71.33657744500614,1349054.46,0.0,29.6,77,4,73,7,4,2010-07-11 21:49:48,2021-11-06 21:49:48,8.0,8.0,9332.57,118.0,135.0,0,0,0,0,0,0,0,0,0,0,27.4,11.25,18.75,8.65,4.0
509f9a77-2a22-f98b-c539-9a44057efb51,1965-02-08,,999-33-4533,S99987300,X21807127X,Mrs.,Loretta235,Bosco882,,Gutkowski940,M,white,nonhispanic,F,Weymouth  Massachusetts  US,291 Vandervort Ferry,Mashpee,Massachusetts,Barnstable County,,41.64593461424693,-70.4578410635981,2191373.303000001,307339.627,60.9,67,1,66,39,1,1979-03-12 10:20:07,2021-11-15 10:20:07,98.0,5.0,1473.65,28235.0,56.0,1,1,0,0,1,0,0,0,0,0,27.4,11.25,18.75,8.65,4.0
23436e20-0eca-9c61-472c-6f03ec5bef26,1988-07-19,,999-42-1387,S99975273,X45028560X,Mr.,Chris95,Gislason620,,,S,white,nonhispanic,M,Brockton  Massachusetts  US,355 Kilback Boulevard,Mansfield,Massachusetts,Bristol County,,41.99275936234648,-71.1857337149296,1639312.7149999996,2620.665,37.5,41,0,41,29,0,1989-10-21 19:19:44,2021-05-11 04:19:44,65.0,5.0,323892.95,1483.0,56.0,0,0,0,0,1,0,0,0,0,0,27.4,11.25,18.75,8.65,4.0
591d3cc1-8a81-1962-faef-d96b874870b2,2002-05-08,,999-18-9966,S99955477,,Ms.,Kaitlyn96,Heathcote539,,,,white,nonhispanic,F,Gloucester  Massachusetts  US,911 Morissette Approach,Northampton,Massachusetts,Hampshire County,1062.0,42.35188255790383,-72.62293140683389,1264689.4025,3557.9775000000004,23.6,91,2,87,10,2,2003-06-02 02:32:12,2021-07-07 19:54:12,7.0,6.0,115963.55999999998,475.0,123.0,0,0,0,0,1,0,0,0,0,0,23.5,9.9,17.15,8.2,4.199999999999999
0ee91088-5b0d-8cdb-ef22-357b12a26b25,1986-02-11,,999-10-4048,S99940521,X54924853X,Mrs.,Lavera253,Reilly981,JD,Padberg411,M,white,nonhispanic,F,Andover  Massachusetts  US,223 Grant Walk Apt 33,Salem,Massachusetts,Essex County,,42.46906994057437,-70.95426577439726,1260989.7424999997,315647.2875,39.9,53,7,46,11,6,2004-04-07 04:43:19,2021-04-04 04:43:19,28.0,6.0,17735.850000000002,139.0,151.0,0,0,0,1,0,0,0,0,0,0,29.9,11.2,22.35,8.899999999999999,5.55
75fbfb0d-f51b-d3b3-c1a4-9357e412b447,1979-02-28,,999-49-8372,S99966060,X60114134X,Mr.,Israel728,Oberbrunner298,,,M,white,nonhispanic,M,Springfield  Massachusetts  US,797 D'Amore Ferry Unit 98,Hingham,Massachusetts,Plymouth County,,42.19391976836062,-70.84066451089868,1107528.44,487.35,46.8,13,3,10,9,2,1980-02-03 06:25:50,2021-05-19 06:25:50,0.0,0.0,0.0,0.0,21.0,0,0,0,0,1,0,0,0,0,0,25.65,7.75,13.899999999999999,7.199999999999999,2.5999999999999996
81466d70-5714-130a-24dc-b7fa2e2bc15c,2018-02-09,,999-40-6522,,,,Hershel911,Gutmann970,,,,white,nonhispanic,M,Somerville  Massachusetts  US,995 Aufderhar Stravenue,Swansea,Massachusetts,Bristol County,,41.78951297736446,-71.24610104511937,100847.16,0.0,7.9,15,0,15,12,0,2018-02-09 20:30:48,2021-07-16 20:30:48,3.0,3.0,34.06,3.0,6.0,0,0,0,0,0,0,0,0,0,0,27.4,11.25,18.75,8.65,4.0
89464607-f8af-06a3-fe2f-227495c12550,1975-12-22,,999-65-1096,S99960571,X71071785X,Mrs.,Jayme42,Abernathy524,,Thompson596,M,white,nonhispanic,F,Plainville  Massachusetts  US,861 McCullough Center,Haverhill,Massachusetts,Essex County,1830.0,42.76732055286675,-71.09285408893442,2283431.5080000004,383402.772,50.0,70,3,67,7,3,1983-07-18 16:34:31,2021-09-01 10:34:31,8.0,6.0,24998.09,74.0,139.0,0,0,1,0,1,0,0,0,0,0,31.75,13.55,25.7,9.8,7.3
23cec4fc-145d-f75d-dc70-2a52c97bd9c3,1951-12-12,,999-27-7101,S99937334,X49057630X,Mr.,Deandre599,Harris789,,,S,white,nonhispanic,M,Bourne  Massachusetts  US,444 O'Keefe Brook Unit 83,Westford,Massachusetts,Middlesex County,,42.59840216636946,-71.453187627666,1819590.304,9605.376,74.1,48,0,47,30,0,1970-02-04 23:06:08,2021-03-31 23:06:08,34.0,6.0,35994.36,96.0,65.0,0,0,0,0,1,0,0,0,0,0,27.4,11.25,18.75,8.65,4.0
54d3fa3e-b79e-8123-4dfa-b4d9b0e735de,2004-10-13,,999-69-2604,S99928333,,,Marylin690,Sipes176,,,,white,nonhispanic,F,Rockland  Massachusetts  US,1021 Hoppe Way,Easton,Massachusetts,Bristol County,,42.08819355390994,-71.10274910427911,420842.0625,3069.6375000000003,21.2,14,1,13,9,1,2012-10-10 09:27:04,2021-09-27 09:27:04,5.0,5.0,452.37000000000006,16.0,36.0,0,0,0,0,0,0,0,0,0,0,27.4,11.25,18.75,8.65,4.0
27050e3a-dba0-61b9-3041-373c323e16a4,2004-02-20,,999-55-3329,S99966055,,,Jenifer459,Abshire638,,,,white,nonhispanic,F,Norwood  Massachusetts  US,783 Yundt Burg,Attleboro,Massachusetts,Bristol County,2703.0,41.92858825693329,-71.36866262870858,448059.63,487.05,21.9,14,0,13,10,0,2012-02-17 14:31:23,2021-04-09 14:31:23,3.0,3.0,651.99,22.0,23.0,0,0,0,0,0,0,0,0,0,0,31.4,15.2,23.45,9.65,5.65
c28b00a3-54c0-21ba-4ed7-de871f1b157f,2021-09-05,,999-95-2667,,,,Nathanial472,Beatty507,,,,white,nonhispanic,M,Hingham  Massachusetts  US,422 Kassulke Grove Suite 3,Smith Mills,Massachusetts,Bristol County,,41.61838336327282,-71.01117153034888,825.9920000000001,1443.848,4.3,2,0,2,2,0,2021-09-05 13:07:31,2021-10-10 13:07:31,0.0,0.0,0.0,0.0,2.0,0,0,0,0,0,0,0,0,0,0,30.6,15.600000000000001,23.6,9.9,5.050000000000001
b03985e9-38d0-4564-1b52-4a8651cecdd5,1964-07-12,,999-51-5571,S99980439,X71674000X,Mrs.,Sasha806,Renner328,,Williamson769,M,white,nonhispanic,F,Lawrence  Massachusetts  US,593 Rowe Rest,Worcester,Massachusetts,Worcester County,1602.0,42.25840633489134,-71.763476374964,1945077.166,248556.064,61.5,33,2,31,17,2,1982-09-05 23:30:15,2021-09-10 01:18:15,8.0,8.0,140958.63,674.0,57.0,0,0,0,0,1,0,0,0,0,0,35.9,14.9,29.3,11.55,8.8
69280d14-c5eb-897b-59ce-e4432cd9509a,2008-09-22,,999-80-4942,,,,Suzan149,Franecki195,,,,white,nonhispanic,F,Lynn  Massachusetts  US,584 Runte Ville,Southborough,Massachusetts,Worcester County,,42.26544534425107,-71.57150256544311,367249.8875,4545.1425,17.3,42,7,33,13,7,2009-10-05 10:44:24,2021-11-13 12:03:21,38.0,8.0,89864.27,557.0,20.0,0,0,0,1,0,0,0,0,0,0,27.4,11.25,18.75,8.65,4.0
0631ad5a-2c27-b7bf-f2eb-e2deec82692a,2007-09-28,,999-41-2854,,,,Sharleen176,Cronin387,,,,white,nonhispanic,F,Buckland  Massachusetts  US,897 Volkman Trafficway,Westport,Massachusetts,Bristol County,,41.61413975341019,-71.10438954869244,44758.061,28083.159,18.3,15,1,14,10,1,2012-09-07 06:47:31,2021-10-29 06:47:31,2.0,2.0,46.050000000000004,2.0,19.0,0,0,0,0,0,0,0,0,0,0,27.4,11.25,18.75,8.65,4.0
c0b0f482-c7b7-c9dd-9f8d-66f8dc6b4f4d,1967-01-30,,999-48-3138,S99944001,X1413282X,Mr.,Young120,Orn563,,,M,white,nonhispanic,M,Lowell  Massachusetts  US,629 Von Rue Unit 15,Boston,Massachusetts,Suffolk County,2110.0,42.33945956258432,-71.10814485415251,938387.0039999996,153263.196,58.9,24,0,23,12,0,1967-11-29 13:28:07,2021-08-02 23:28:07,3.0,3.0,3648.35,604.0,33.0,0,0,0,0,0,0,0,0,0,0,24.25,11.25,24.0,9.45,6.3
a812494f-ce21-de00-8983-87d93077c751,2017-06-12,,999-42-3424,,,,Richie600,Flatley871,,,,white,nonhispanic,M,Southampton  Massachusetts  US,386 Howe Union Unit 51,Fall River,Massachusetts,Bristol County,,41.6059189117132,-71.11332131031996,70811.98000000001,34.349999999999945,8.6,17,0,17,13,0,2017-06-12 17:27:46,2021-05-17 17:27:46,4.0,4.0,62.66,4.0,3.0,0,0,0,0,0,0,0,0,0,0,35.25,21.450000000000003,30.799999999999997,11.85,9.0
80534c6c-b12d-caa5-42de-b179fd7f9695,1994-08-12,,999-72-1186,S99951045,X58371316X,Mr.,Anthony633,Wehner319,,,M,white,nonhispanic,M,Boston  Massachusetts  US,711 Walter Parade,Barnstable,Massachusetts,Barnstable County,2635.0,41.6664689144629,-70.45663276142285,671635.59,825.78,31.4,10,1,9,4,1,2012-06-14 01:43:40,2021-04-16 12:43:40,1.0,1.0,7.15,1.0,25.0,1,0,0,0,0,0,0,0,0,0,27.4,11.25,18.75,8.65,4.0
b1b0fe43-a0f7-3ea6-67f8-0b5a3afd5a8e,2020-02-02,,999-38-1447,,,,Hassan290,Wyman904,,,,white,nonhispanic,M,Douglas  Massachusetts  US,606 Ferry Quay Unit 80,Chicopee,Massachusetts,Hampden County,1022.0,42.1763819745767,-72.60707843357017,48098.28,282.2999999999999,5.9,9,0,9,8,0,2020-02-02 06:37:21,2021-07-11 06:37:21,2.0,2.0,14.52,2.0,1.0,0,0,0,0,0,0,0,0,0,0,34.8,15.8,29.3,11.0,8.100000000000001
303c8bd7-a047-5e7c-6dd3-1d6e7f04d439,1999-06-04,,999-68-4052,S99942622,X39843761X,Ms.,Almeta56,Marvin195,,,,white,nonhispanic,F,Rowley  Massachusetts  US,879 Leffler Lane,Shrewsbury,Massachusetts,Worcester County,,42.238403465061566,-71.7480975454029,533833.1,165183.69999999998,26.6,27,1,26,8,1,2012-06-30 00:20:22,2021-08-21 00:20:22,2.0,1.0,960.24,24.0,88.0,0,0,0,0,0,0,0,0,0,0,27.4,11.25,18.75,8.65,4.0
db2b8604-f8ea-0b47-1b95-2cf9d553a104,1994-11-22,,999-37-4234,S99994143,X69924762X,Ms.,Evita885,Hessel84,,,,white,nonhispanic,F,Chelmsford  Massachusetts  US,232 Bosco Route,Ayer,Massachusetts,Middlesex County,1432.0,42.582102203167295,-71.61732863565238,662050.6799999999,0.0,31.1,20,0,20,7,0,2007-12-18 14:50:52,2021-09-14 14:50:52,6.0,6.0,1940.43,40.0,32.0,0,0,0,0,1,0,0,0,0,0,27.85,13.9,22.45,9.5,5.300000000000001
403f6042-df1e-7ef4-d24d-1ad3042b1c1c,2007-08-02,,999-69-1977,,,,Tona622,O'Keefe54,,,,white,nonhispanic,F,St Petersburg  St Petersburg  RU,162 Mills Terrace,Fall River,Massachusetts,Bristol County,2790.0,41.65230978283752,-71.13575708613371,372773.49249999993,2251.8075,18.4,18,1,17,10,1,2012-01-12 01:46:16,2021-09-02 21:46:16,3.0,3.0,30.33,3.0,18.0,0,0,0,0,0,0,0,0,0,0,35.25,21.450000000000003,30.799999999999997,11.85,9.0
e266fa7d-d981-ef94-45e7-3d253425c3f9,1999-11-27,,999-59-1291,S99933685,X75462143X,Mr.,Yong583,Rodriguez71,,,,white,nonhispanic,M,Hopkinton  Massachusetts  US,1032 Champlin Annex Unit 46,Boston,Massachusetts,Suffolk County,2151.0,42.31274275171954,-71.09169180880265,485337.96,964.1099999999996,26.1,16,1,15,10,1,2011-12-17 21:02:02,2021-04-17 21:02:02,5.0,2.0,7.91,46.0,55.0,0,1,0,0,0,0,0,0,0,0,24.25,11.25,24.0,9.45,6.3
1a4f3136-4eae-dc5d-f68d-046b7a2e11ea,1977-12-20,,999-93-7085,S99995964,X59518478X,Mrs.,Sherilyn598,O'Keefe54,JD,Funk324,M,white,nonhispanic,F,Salem  Massachusetts  US,897 Heller Divide Suite 7,Boston,Massachusetts,Suffolk County,2152.0,42.35997619175616,-70.96653547328398,1411929.5075000008,70930.8225,48.0,57,1,56,9,0,1996-02-13 14:33:55,2021-11-16 14:33:55,1.0,1.0,264.6,12.0,61.0,0,0,0,0,0,0,0,0,0,0,24.25,11.25,24.0,9.45,6.3
87bd827a-41ca-256f-6e86-2d5e9623f805,2007-10-21,,999-11-5111,,,,Marlen929,Batz141,,,,white,nonhispanic,F,Palmer  Massachusetts  US,241 Muller Plaza,Boston,Massachusetts,Suffolk County,2134.0,42.37726171171319,-71.00912761285423,409941.16,37530.24,18.2,42,0,41,9,0,2012-09-30 04:13:59,2021-10-20 04:13:59,4.0,4.0,15770.34,33.0,41.0,0,0,0,0,0,0,0,0,0,0,24.25,11.25,24.0,9.45,6.3
a9a2c4dd-a0c9-97d4-8983-c4dbe2a76ca2,1951-10-06,,999-54-3421,S99921924,X42581650X,Mr.,Cesar434,Strosin214,,,M,white,nonhispanic,M,Dennis  Massachusetts  US,348 Howe Arcade Apt 48,Dighton,Massachusetts,Bristol County,,41.79650023571752,-71.17885375073273,96444.65599999994,3785.784,74.2,61,0,61,52,0,1969-11-30 04:56:11,2021-09-19 04:56:11,252.0,8.0,70616.24,39610.0,53.0,0,1,1,0,0,0,0,0,0,0,27.4,11.25,18.75,8.65,4.0
82e25b95-7bfc-a54f-f242-1e7156c27d74,1973-01-05,,999-75-5152,S99991048,X88055709X,Mrs.,Marlen929,Kulas532,,Mante251,M,white,nonhispanic,F,Millville  Massachusetts  US,598 Donnelly Camp Unit 65,Chelmsford,Massachusetts,Middlesex County,,42.562424414617766,-71.36440891003134,1568232.8825000003,277690.4575,53.0,58,0,58,30,0,1991-03-01 10:36:21,2021-08-20 10:36:21,72.0,7.0,8682.689999999999,11623.0,75.0,0,1,0,0,1,0,0,0,0,0,27.4,11.25,18.75,8.65,4.0
fbee8d6b-5acf-370c-7edd-af0d84f5288c,2000-10-10,,999-67-9966,S99935035,X30514325X,Ms.,Synthia172,Davis923,,,,asian,nonhispanic,F,Macau  Macao Special Administrative Region of the People's Republic of China  CN,114 Crona Mission Apt 98,Revere,Massachusetts,Suffolk County,2151.0,42.446827773509874,-70.9969441999577,203853.33,53.06999999999984,25.2,41,1,40,9,1,2004-05-02 15:06:33,2021-05-25 23:06:33,16.0,6.0,4961.02,2182.0,68.0,0,1,0,0,0,0,0,0,0,0,25.7,14.0,28.4,10.100000000000001,10.25
86dbfa87-dc1c-e529-f39b-4910e4deb3fb,1965-11-08,,999-89-4912,S99930941,X5382549X,Mrs.,Katlyn29,Hyatt152,,Sipes176,M,white,nonhispanic,F,Amherst  Massachusetts  US,410 Rippin Mill Unit 1,Boston,Massachusetts,Suffolk County,2135.0,42.24929962352488,-71.08256022528539,2215111.029,640214.231,60.1,44,3,41,12,2,1984-01-03 04:17:58,2021-01-14 05:26:14,6.0,6.0,16109.289999999999,49.0,129.0,0,0,0,0,1,0,0,0,0,0,24.25,11.25,24.0,9.45,6.3
d477c46c-6e56-e32f-0c28-7356caab1e8b,1993-12-25,,999-79-6169,S99937105,X75776518X,Mr.,Leif534,Abbott774,,,M,white,nonhispanic,M,Newton  Massachusetts  US,830 Will Bridge Unit 94,Plymouth,Massachusetts,Plymouth County,2360.0,41.89402847848894,-70.60279918228207,1416702.7725000002,20.13749999999993,32.0,22,4,18,10,3,1995-04-01 13:54:40,2021-07-17 11:54:40,22.0,4.0,126378.31999999999,4323.0,40.0,0,1,0,0,0,0,0,0,0,0,29.8,13.4,20.85,9.25,4.65
873049ed-d86d-74b2-84c4-cbc49b4384d0,1993-03-21,,999-13-1668,S99962444,X84073310X,Mrs.,Lean294,Barrows492,,Raynor401,M,black,nonhispanic,F,New Bedford  Massachusetts  US,211 Wolff Quay,Brockton,Massachusetts,Plymouth County,2301.0,42.05305001655636,-71.06342605711096,950328.2205,21883.7995,32.8,52,4,48,5,4,1994-01-22 11:06:55,2021-10-28 04:06:55,7.0,6.0,566558.47,501.0,103.0,0,0,0,0,0,0,0,0,0,0,35.9,17.75,28.6,12.8,8.55
65d5c7e2-c5b3-6f0d-9ca3-17b8bca2db28,1975-09-16,,999-73-3174,S99916183,X84001202X,Mr.,Donnell534,Kshlerin58,,,M,white,nonhispanic,M,Norfolk  Massachusetts  US,893 Armstrong Ramp,Northwest Harwich,Massachusetts,Barnstable County,,41.67446798881969,-70.06784616961023,1195796.555,2300.925,50.3,48,3,45,29,2,1979-07-26 07:47:16,2021-10-27 06:19:30,70.0,6.0,73105.49,11364.0,65.0,0,1,0,0,1,0,0,0,0,0,26.450000000000003,11.0,17.45,8.55,3.75
fc8e4748-86f4-1d49-af95-4c7e48678ca7,1961-07-21,,999-99-9803,S99965116,X5802982X,Mr.,Jeffery551,Brakus656,,,M,white,nonhispanic,M,Berkley  Massachusetts  US,565 Heidenreich Ramp Unit 58,West Dennis,Massachusetts,Barnstable County,2670.0,41.65176324787773,-70.1941953760419,2623445.944999999,13738.005,64.4,95,2,90,54,1,1962-09-23 13:06:00,2021-08-01 01:06:00,336.0,8.0,307658.2,32731.0,90.0,0,1,0,1,0,0,0,0,0,0,26.35,10.45,17.55,9.15,3.6
c99968ac-6782-9ae2-aab2-98277ae5a8e8,1977-10-13,,999-42-1829,S99960746,X72837100X,Mrs.,Kayleen757,Spencer878,,Medhurst46,M,white,nonhispanic,F,Amherst  Massachusetts  US,457 Hane Wall Unit 86,Framingham,Massachusetts,Middlesex County,1701.0,42.29785950639702,-71.44988602634116,1727007.1475000002,115445.3325,48.2,39,4,35,10,3,1994-12-01 18:06:35,2021-11-04 18:06:35,13.0,10.0,25111.920000000002,74.0,78.0,0,0,0,0,0,0,0,0,0,0,26.450000000000003,11.85,21.75,9.1,6.699999999999999
0f444cf3-eb58-6f42-c740-a6ab70cec7ee,1955-02-23,,999-67-7876,S99931188,X52874749X,Mrs.,Genny123,Rath779,,Hickle134,M,asian,nonhispanic,F,Hanoi  Hà Đông  VN,333 Lockman Well Apt 5,Billerica,Massachusetts,Middlesex County,,42.553303421420125,-71.22492449014835,2466566.7014999995,184146.4085,70.9,54,0,54,26,0,1973-04-18 07:07:31,2021-05-26 07:07:31,33.0,4.0,67127.43000000001,176.0,71.0,0,0,0,0,1,0,0,0,0,1,27.4,11.25,18.75,8.65,4.0
e4c43a21-11b3-d96d-ede9-0c71e8cb1574,2021-03-07,,999-62-1034,,,,Buddy254,Gislason620,,,,white,nonhispanic,M,Winthrop  Massachusetts  US,115 Jakubowski Branch Suite 60,Worcester,Massachusetts,Worcester County,1603.0,42.28577739321752,-71.7220300458134,21710.04,0.0,4.8,5,0,5,5,0,2021-03-07 06:27:28,2021-11-14 06:27:28,0.0,0.0,0.0,0.0,3.0,0,0,0,0,0,0,0,0,0,0,35.9,14.9,29.3,11.55,8.8
ef5697a6-2bd3-d1c3-67ea-0f7892f4e76f,1986-07-19,,999-70-7522,S99976329,X46981126X,Mrs.,Dorotea472,Botello137,,Jiménez568,M,white,hispanic,F,Portsmouth  Saint John Parish  DM,959 Kuvalis Bypass Unit 8,Worcester,Massachusetts,Worcester County,1604.0,42.23401794300055,-71.85381229003116,974282.2335,499851.9765,39.5,33,1,32,4,1,2004-09-11 15:13:30,2021-11-13 15:13:30,5.0,4.0,34745.64,60.0,84.0,0,0,0,0,0,0,0,0,0,0,35.9,14.9,29.3,11.55,8.8
5fe0db77-0fe4-4472-ce22-b6e860ec103a,2010-09-18,,999-23-5318,,,,Louis204,Wintheiser220,,,,white,nonhispanic,F,Salem  Massachusetts  US,266 Hermiston Forge,Brockton,Massachusetts,Plymouth County,,42.09110721234556,-70.9880990130206,342231.6125,12082.3875,15.3,31,0,30,14,0,2011-11-27 02:05:54,2021-10-03 02:05:54,5.0,5.0,40.98,5.0,12.0,0,0,0,0,0,0,0,0,0,0,35.9,17.75,28.6,12.8,8.55
d00d8a67-a23f-6fda-d97d-2a6391685500,2015-02-11,,999-22-9448,,,,Andera917,Lindgren255,,,,white,nonhispanic,F,Sturbridge  Massachusetts  US,643 Corwin Row,Westford,Massachusetts,Middlesex County,,42.54710756075789,-71.42613519957973,173226.96999999997,56.21999999999992,10.9,24,1,23,15,1,2015-02-11 09:14:55,2021-09-15 13:14:55,9.0,7.0,10789.0,55.0,5.0,0,0,0,0,0,0,0,0,0,0,27.4,11.25,18.75,8.65,4.0
4e64cd82-c0b5-2005-2690-240374ca045c,1952-10-09,,999-86-5158,S99956855,X2926881X,Ms.,Numbers230,McClure239,,,S,white,nonhispanic,F,Millbury  Massachusetts  US,415 Smith Common Unit 56,Somerset,Massachusetts,Bristol County,2726.0,41.73371121527292,-71.11560211549917,3315897.4095000005,204304.3705,73.2,41,3,38,28,3,1969-11-27 17:24:34,2021-04-08 17:24:34,5.0,5.0,180420.61,663.0,72.0,0,0,0,0,1,0,0,0,0,0,29.15,13.100000000000001,20.0,8.55,3.9499999999999997
9c3df38a-d3b7-2198-3898-51f9153d023d,1974-06-18,,999-27-9514,S99929282,X34535135X,Mrs.,Edythe31,Morar593,,McDermott739,M,white,nonhispanic,F,Berkley  Massachusetts  US,392 Beahan Divide,Watertown,Massachusetts,Middlesex County,,42.33945663973605,-71.18032470927727,1671702.1050000004,11815.035,51.5,35,2,33,11,2,1991-07-16 04:03:08,2021-04-27 04:03:08,16.0,12.0,17939.34,102.0,34.0,0,0,1,0,1,0,0,0,0,0,27.4,11.25,18.75,8.65,4.0
b5e092a6-8d10-a0b4-4cf5-66aee144f7ed,2011-10-01,,999-30-8191,,,,Sterling124,Mitchell808,,,,asian,nonhispanic,M,Dennis Port  Massachusetts  US,990 Huel Hollow,Rockland,Massachusetts,Plymouth County,,42.13129359591536,-70.92274287073148,252956.3275,250.88249999999996,14.3,22,1,21,17,1,2012-01-08 00:48:21,2021-10-10 00:48:21,4.0,3.0,62.410000000000004,4.0,9.0,0,0,0,0,0,0,0,0,0,0,27.4,11.25,18.75,8.65,4.0
49e94ea9-a534-15f8-fd74-3c739f2c0eb2,2005-09-29,,999-67-9255,S99976986,,,Gillian484,Langworth352,,,,white,hispanic,F,Marblehead  Massachusetts  US,228 Murazik Lock Unit 65,Lawrence,Massachusetts,Essex County,1840.0,42.671498830789794,-71.18324301545688,894460.57,0.0,20.3,53,0,53,0,0,2005-10-29 23:35:20,2021-10-26 06:18:42,2.0,2.0,34525.75,362.0,47.0,0,0,0,0,0,0,0,0,0,1,37.35,14.6,38.95,14.45,18.75
e4a67e2a-4d8d-70e7-b0fb-83480abf443c,1985-11-06,,999-80-2956,S99911313,X43861469X,Mrs.,Angelo118,Conroy74,,Koelpin146,M,white,nonhispanic,F,Malden  Massachusetts  US,909 Harber Camp Unit 82,Attleboro,Massachusetts,Bristol County,2861.0,41.90515874867299,-71.33505448069326,1622196.8725,2606.6175,40.2,87,2,79,19,2,1986-11-02 10:45:06,2021-08-04 04:45:06,73.0,12.0,87008.21,7322.0,174.0,0,1,0,1,0,0,0,0,0,0,31.4,15.2,23.45,9.65,5.65
15d242fa-2a82-6921-b247-552b60cfcd4e,1953-05-05,,999-62-8138,S99936185,X78976184X,Mr.,Nelson403,Jast432,,,M,white,nonhispanic,M,Randolph  Massachusetts  US,631 Daugherty Estate,Peabody,Massachusetts,Essex County,1960.0,42.509150817644425,-70.93272469649568,1689394.5245,28736.6155,72.7,50,1,49,26,1,1971-06-29 07:40:43,2021-08-17 07:40:43,9.0,1.0,24798.63,27.0,68.0,0,0,0,0,1,0,0,0,0,0,29.25,12.25,23.05,9.15,5.25
c98f8278-af04-a31b-ebee-65d34ae0466f,1984-12-24,,999-58-9605,S99933533,X38590801X,Mr.,Rodrigo242,Thompson596,,,M,white,nonhispanic,M,Bourne  Massachusetts  US,880 Crooks Ville Unit 15,Westfield,Massachusetts,Hampden County,1086.0,42.17612766206065,-72.79218747274382,768836.2699999998,0.0,41.0,28,0,28,22,0,1997-01-13 06:31:10,2021-05-31 06:31:10,29.0,3.0,7515.92,6883.0,48.0,0,1,0,0,0,0,0,0,0,0,32.05,13.8,24.35,9.399999999999999,5.3
c63b5472-3136-5428-0e24-662ff2b5cee5,1979-05-07,,999-40-9065,S99970135,X82171436X,Mrs.,Vania595,Mills423,,DuBuque211,M,white,nonhispanic,F,Boston  Massachusetts  US,639 Stamm Union Suite 86,Worcester,Massachusetts,Worcester County,1606.0,42.2642126583947,-71.85796584103872,1870732.1364999996,66507.1635,46.7,42,1,41,10,1,1997-06-30 16:56:23,2021-05-30 12:35:05,11.0,9.0,65490.83,103.0,89.0,0,0,0,0,0,0,0,0,0,0,35.9,14.9,29.3,11.55,8.8
eac36a6d-a107-216a-9584-ee7837236627,2019-01-24,,999-14-4669,,,,Gary33,Hoppe518,,,,white,nonhispanic,M,Brockton  Massachusetts  US,258 Huel Estate,Shrewsbury,Massachusetts,Worcester County,,42.3346556446782,-71.72787621757566,69192.13500000001,2903.2050000000004,6.9,14,0,14,10,0,2019-01-25 00:36:02,2021-07-19 01:36:02,1.0,1.0,23.97,1.0,5.0,0,0,0,0,0,0,0,0,0,0,27.4,11.25,18.75,8.65,4.0
ff9f14e4-d241-71fe-a501-2199e39aa79a,2003-07-26,,999-44-2460,S99968580,,Mr.,Andrew29,Wilkinson796,,,,white,nonhispanic,M,Fitchburg  Massachusetts  US,975 Aufderhar Throughway,Cambridge,Massachusetts,Middlesex County,2142.0,42.4211271011532,-71.13457415667732,446069.5,2422.53,22.4,19,0,19,10,0,2012-07-28 10:15:40,2021-10-12 08:15:40,6.0,5.0,27300.81,83.0,35.0,0,0,0,0,0,0,0,0,0,0,23.0,7.55,16.35,6.9,3.65
a7cfdf56-6a3f-ac5c-3a45-6f223312b36c,1996-01-16,,999-65-8452,S99957564,X9525425X,Mr.,Olen518,O'Reilly797,,,,white,nonhispanic,M,Medway  Massachusetts  US,902 Brekke Ranch,Worcester,Massachusetts,Worcester County,1602.0,42.22831384023526,-71.77413373519602,676525.6475000001,5717.602499999999,30.0,18,2,16,10,1,2012-02-28 18:47:01,2021-06-29 18:47:01,10.0,3.0,1191.6899999999998,2816.0,50.0,0,1,0,0,0,0,0,0,0,0,35.9,14.9,29.3,11.55,8.8
41deca00-d1c8-0478-3ff7-a074db2cf397,1958-06-17,,999-27-9022,S99986278,X39397057X,Mr.,Joey457,Stoltenberg489,,,M,white,nonhispanic,M,Boston  Massachusetts  US,830 Hackett Wynd Suite 52,Pepperell,Massachusetts,Middlesex County,,42.67845493600132,-71.60723755537252,2236501.85,226836.54000000004,67.5,60,1,59,45,1,1976-08-10 09:20:09,2021-08-31 09:20:09,79.0,9.0,111018.28,17901.0,48.0,0,1,1,0,1,0,0,0,0,0,25.549999999999997,10.850000000000001,18.35,8.2,3.5999999999999996
0ad457cc-32d8-20d1-7f13-d775f7172a0e,1996-07-16,,999-37-7856,S99994579,X55187076X,Mr.,David908,Heidenreich818,,,,white,nonhispanic,M,East Bridgewater  Massachusetts  US,950 DuBuque Gardens,Attleboro,Massachusetts,Bristol County,2861.0,41.910189380182565,-71.2909812981078,658465.2400000002,442.19999999999993,29.5,28,0,27,10,0,2011-10-27 15:54:05,2021-10-19 13:54:05,48.0,6.0,64205.15,138.0,61.0,0,0,0,0,0,0,0,0,0,0,31.4,15.2,23.45,9.65,5.65
d7bb0340-9894-8bd0-056a-29efc5444fa0,2000-05-04,,999-56-6460,S99963133,X17628109X,Mr.,Heath320,King743,,,,white,nonhispanic,M,Somerville  Massachusetts  US,1011 Emmerich Frontage road Apt 78,Amherst Center,Massachusetts,Hampshire County,,42.401056594325375,-72.49274220604438,1241770.58,0.0,25.7,83,0,81,8,0,2000-09-17 01:04:43,2021-06-04 01:04:43,4.0,4.0,87250.86,516.0,115.0,0,0,0,0,0,0,0,0,0,0,27.4,11.25,18.75,8.65,4.0
39e6bf34-9ff7-f200-8cd8-7b44ef09b4ed,1995-11-23,,999-67-2090,S99966301,X47914986X,Ms.,Teresita257,Little434,,,,white,nonhispanic,F,Randolph  Massachusetts  US,563 Emard Frontage road Suite 20,Lynn,Massachusetts,Essex County,1902.0,42.48578863073743,-70.96249344530574,976792.3000000002,1675.1999999999998,30.1,66,3,61,6,3,2012-01-05 08:57:48,2021-11-01 08:57:48,10.0,7.0,22012.16,76.0,133.0,0,0,0,0,0,0,0,0,0,0,33.849999999999994,14.649999999999999,32.0,12.0,11.9
dae01f0d-6147-47e0-bd58-bb20569a283c,2018-06-11,,999-73-3806,,,,Teddy976,Batz141,,,,white,nonhispanic,M,Waltham  Massachusetts  US,769 Pacocha Center Suite 66,Braintree,Massachusetts,Norfolk County,,42.244579096362266,-70.95782000526238,98729.13,0.0,7.6,17,1,16,12,1,2018-06-11 20:31:04,2021-11-15 20:31:04,3.0,3.0,57.6,3.0,8.0,0,0,0,0,0,0,0,0,0,0,27.4,11.25,18.75,8.65,4.0
d786f8d0-61de-9b30-54d3-9a8eb517da09,1954-11-15,,999-64-5429,S99930195,X58078397X,Mrs.,Inés791,Huerta329,,Aragón562,M,black,hispanic,F,Portsmouth  Saint John Parish  DM,558 Grimes Wall,Westport,Massachusetts,Bristol County,,41.53329034909563,-71.08446233761723,1930485.257000001,491536.793,71.1,36,0,36,26,0,1973-01-09 02:02:10,2021-05-04 02:02:10,2.0,1.0,189.11,2.0,58.0,0,0,0,0,0,0,0,0,0,0,27.4,11.25,18.75,8.65,4.0
21dde8d5-5497-8bf3-aa32-b79e998e9024,1965-07-18,,999-54-1820,S99974264,X9231130X,Mrs.,Kristen940,Gulgowski816,,Brown30,M,white,nonhispanic,F,Worcester  Massachusetts  US,268 Swift Crossing Suite 29,Beverly,Massachusetts,Essex County,1915.0,42.58586892222639,-70.83837002174886,2343026.6915,214971.7985,60.5,54,3,51,15,3,1983-09-18 06:57:45,2021-08-22 06:57:45,1.0,1.0,254.52,12.0,138.0,0,0,0,0,0,0,0,0,0,0,28.4,10.55,19.65,8.0,3.8
39b9fc41-87ce-92a5-5096-539739bb657c,1954-08-28,,999-44-2498,S99962393,X52165653X,Mrs.,Jenice416,O'Conner199,,Zulauf375,M,white,nonhispanic,F,Worcester  Massachusetts  US,192 Ebert Knoll,Boston,Massachusetts,Suffolk County,2152.0,42.307335523716674,-71.1249609630085,1560904.4480000013,963252.0819999998,71.3,91,15,75,26,8,1955-12-11 19:22:08,2021-11-05 19:22:08,14.0,4.0,26545.26,204.0,54.0,0,0,0,0,0,0,0,0,0,1,24.25,11.25,24.0,9.45,6.3
ec56f618-56ed-cf49-78fd-4d561bf7cba3,1941-01-11,,999-63-6253,S99982640,X76810226X,Mrs.,Shonta375,Veum823,,Hoppe518,M,white,nonhispanic,F,Boston  Massachusetts  US,845 Koepp Orchard Apt 5,Boston,Massachusetts,Suffolk County,2136.0,42.31567168799651,-70.99729959198042,1530305.1505000005,93524.08950000002,85.0,66,0,66,22,0,1959-03-07 11:11:58,2021-07-03 11:11:58,40.0,2.0,16.55,467.0,68.0,0,0,0,0,1,0,0,0,0,0,24.25,11.25,24.0,9.45,6.3
7fea6a12-aae3-a4d5-4abf-d6b622deaeb1,1987-09-27,,999-38-3842,S99938807,X24503116X,Mr.,Shelby741,Quigley282,,,M,black,hispanic,M,Weymouth  Massachusetts  US,482 Skiles Dale,Boston,Massachusetts,Suffolk County,2114.0,42.35142036962876,-71.05191868055645,847749.0925,2737.8675,38.3,20,0,20,16,0,2005-11-20 08:59:49,2021-05-16 08:59:49,48.0,3.0,233.29,11759.0,52.0,0,1,0,0,0,0,0,0,0,0,24.25,11.25,24.0,9.45,6.3
396babc6-6b4f-e29b-40f7-ea119ee57ac4,1980-10-24,,999-16-4687,S99915082,X74390693X,Mr.,Ralph813,Herzog843,,,M,asian,nonhispanic,M,Randolph  Massachusetts  US,361 Heller Trailer Apt 72,Ashland,Massachusetts,Middlesex County,,42.217433342926256,-71.51492614627448,1014435.1224999998,2030.6775,45.2,42,1,38,25,1,1995-12-01 13:01:36,2021-04-23 13:01:36,91.0,5.0,9045.34,17034.0,49.0,0,1,0,0,0,0,0,0,0,0,27.4,11.25,18.75,8.65,4.0
f7130650-ec26-4a43-fc30-ac3f05cc793d,2005-10-23,,999-61-9411,S99954499,,,David908,Dicki44,,,,asian,nonhispanic,F,Salem  Massachusetts  US,953 Bartoletti Center Apt 1,Mashpee,Massachusetts,Barnstable County,,41.61547370161045,-70.49050654988824,51465.8015,25570.2285,20.2,17,0,17,9,0,2012-03-15 23:07:33,2021-11-14 23:07:33,5.0,5.0,484.68,16.0,31.0,0,0,0,0,0,0,0,0,0,0,27.4,11.25,18.75,8.65,4.0
70231807-0c38-db06-806e-a73e94bcd591,1937-03-16,,999-89-4103,S99969821,X3387860X,Mrs.,Susie661,Tromp100,,Goldner995,M,white,nonhispanic,F,Walpole  Massachusetts  US,671 Haley Corner,Natick,Massachusetts,Middlesex County,,42.27696644217365,-71.31247343962221,1996152.4760000005,50092.604000000014,88.8,97,14,83,28,9,1955-05-11 03:13:14,2021-09-29 03:13:14,31.0,2.0,12.95,359.0,68.0,0,0,0,0,1,0,0,0,0,0,27.4,11.25,18.75,8.65,4.0
a25e9984-9c96-bcd4-07f9-9f763e077366,1983-05-03,,999-92-6341,S99976966,X58794658X,Mrs.,Kimbra238,Bogan287,,MacGyver246,M,white,nonhispanic,F,Dartmouth  Massachusetts  US,742 Hills Ranch,Holliston,Massachusetts,Middlesex County,,42.18784942531914,-71.49549320703021,1212416.301,521846.879,42.7,64,6,58,8,6,2001-06-26 04:14:46,2021-03-23 04:14:46,7.0,4.0,1665.04,47.0,203.0,0,0,0,0,1,0,0,0,0,0,27.4,11.25,18.75,8.65,4.0
28db1c55-fe99-d5c8-8fc4-bffda09ab3be,1977-09-15,,999-56-1244,S99965321,X56966869X,Mrs.,Sana377,Wolff180,,Nitzsche158,M,white,nonhispanic,F,Sutton  Massachusetts  US,114 Borer Club,Brockton,Massachusetts,Plymouth County,2301.0,42.0378007979013,-71.03407565372795,1280072.9465,527316.8134999998,48.3,50,1,49,23,1,1995-11-09 06:09:47,2021-11-04 06:09:47,62.0,9.0,38664.35,8459.0,69.0,1,1,0,0,0,0,0,0,0,0,35.9,17.75,28.6,12.8,8.55
f1b34fb1-f5e8-f45d-109d-99258979e7c6,1973-09-22,,999-66-2688,S99971818,X38776323X,Mr.,Son314,Lehner980,,,M,white,nonhispanic,M,Haverhill  Massachusetts  US,976 Steuber Landing Apt 27,Needham,Massachusetts,Norfolk County,,42.27810135709889,-71.24799279282891,1380077.0025,41347.9875,52.3,76,12,64,29,7,1974-04-05 05:23:31,2021-07-17 05:23:31,34.0,2.0,10.94,354.0,48.0,0,1,0,0,1,0,0,0,0,0,21.200000000000003,6.65,12.9,7.1,2.55
6895f047-ab31-c293-b335-374256e01eb1,2020-02-14,,999-98-3221,,,,Alicia629,Jakubowski832,,,,white,nonhispanic,F,West Springfield  Massachusetts  US,120 Rippin Terrace,Leominster,Massachusetts,Worcester County,1453.0,42.49100591802921,-71.75301383493418,52125.28,0.0,5.9,11,0,11,8,0,2020-02-14 15:36:31,2021-07-23 15:36:31,2.0,2.0,4500.72,18.0,9.0,0,0,0,0,0,0,0,0,0,0,33.9,13.45,25.25,10.15,6.7
c8ff4993-f646-91ea-f261-c8622dd1500a,1978-11-19,,999-88-3087,S99997226,X74475717X,Ms.,Darcey370,Walker122,,,S,white,nonhispanic,F,Malden  Massachusetts  US,771 Jerde Viaduct,Brookline,Massachusetts,Norfolk County,2215.0,42.27842601841725,-71.16339026450872,1593130.696,297654.154,47.1,36,3,33,8,2,1982-05-01 02:24:10,2021-06-07 02:24:10,9.0,5.0,22941.17,572.0,55.0,0,0,0,0,0,0,0,0,0,0,20.85,6.35,13.55,7.0,2.95
1d238968-2939-1734-5e6e-650d3e16454c,1975-12-24,,999-69-7376,S99965335,X14733636X,Mr.,Mason910,Hettinger594,,,M,white,nonhispanic,M,Holden  Massachusetts  US,823 Bechtelar Dam,Milford,Massachusetts,Worcester County,,42.11433640537566,-71.56655294358632,1146016.03,0.0,50.0,18,3,15,10,3,1994-02-17 02:27:10,2020-01-09 02:27:10,7.0,7.0,746.28,9.0,24.0,0,0,1,0,0,0,0,0,0,0,33.5,14.850000000000001,25.25,9.75,7.0
d3daf8c9-7cb8-995f-b698-f1d59b19a6b0,1965-07-04,,999-41-4798,S99928248,X73557079X,Mrs.,Fredda152,Larkin917,,Osinski784,M,white,nonhispanic,F,Leominster  Massachusetts  US,503 Runolfsson Crossroad,Dennis,Massachusetts,Barnstable County,2638.0,41.735578567515375,-70.17741228613966,2526405.2499999995,0.0,60.5,31,1,30,14,1,1977-07-24 21:35:19,2021-08-08 21:35:19,2.0,2.0,832.8,24.0,46.0,0,0,0,0,1,0,0,0,0,0,24.9,9.65,16.549999999999997,8.65,3.2
1f4b009b-80bf-da5f-a2c1-dad8e71e8927,2014-12-05,,999-53-4906,,,,Herminia75,Hahn503,,,,asian,nonhispanic,F,Northbridge  Massachusetts  US,434 Hills Brook,Natick,Massachusetts,Middlesex County,,42.26245797697573,-71.3358502173774,183656.9625,1756.5975,11.1,23,0,21,15,0,2014-12-05 18:05:19,2020-11-20 18:05:19,7.0,5.0,56.63,7.0,9.0,0,0,0,0,0,0,0,0,0,0,27.4,11.25,18.75,8.65,4.0
f3d95ff6-eeeb-a007-cde5-e69cfeee826f,1993-02-21,,999-44-9249,S99945999,X11524005X,Mrs.,Lanie389,Zemlak964,,O'Hara248,M,asian,hispanic,F,West Springfield  Massachusetts  US,904 Boyer Station,Boston,Massachusetts,Suffolk County,2125.0,42.35332157323828,-71.06851217007281,1153646.885,149922.92500000002,32.9,55,4,51,7,3,2006-03-19 18:04:30,2021-11-07 18:04:30,4.0,3.0,4521.84,48.0,199.0,0,0,0,0,0,0,0,0,0,0,24.25,11.25,24.0,9.45,6.3
426cade9-82be-f335-7340-c4413e4bdd6a,2008-04-26,,999-25-6350,,,,Erich201,Gulgowski816,,,,white,nonhispanic,M,Wakefield  Massachusetts  US,352 Spencer Village Suite 12,Great Barrington,Massachusetts,Berkshire County,,42.250855022012246,-73.28956439765074,341130.94999999995,206.22,17.7,40,5,30,10,5,2008-08-02 03:04:14,2021-05-23 03:04:14,32.0,9.0,80096.69,548.0,19.0,0,0,0,1,0,0,0,0,0,0,30.0,11.100000000000001,19.9,9.3,5.0
8151b558-93f4-5a4c-4697-a3137595e999,1959-04-22,,999-12-6661,S99911842,X50671686X,Mrs.,Cherri385,Klocko335,,Runte676,M,white,nonhispanic,F,Canton  Massachusetts  US,682 Hermiston Plaza,Milford,Massachusetts,Worcester County,1757.0,42.18903807644112,-71.51905221387241,2297354.3795000003,552492.8605,66.7,48,3,45,19,3,1976-01-25 21:58:06,2021-07-12 02:58:06,4.0,3.0,1915.19,196.0,73.0,0,0,0,0,0,0,0,0,0,0,33.5,14.850000000000001,25.25,9.75,7.0
3a4e4953-19cb-5a92-d896-cfeaa03f5ba8,2004-07-18,,999-71-5684,S99966905,,,Sudie246,Rowe323,,,,white,nonhispanic,F,Hopedale  Massachusetts  US,128 Dietrich Trail Suite 27,Concord,Massachusetts,Middlesex County,,42.48767897884411,-71.34012997474784,421814.9905000001,12032.499499999998,21.5,17,1,16,10,1,2012-07-15 10:01:03,2021-10-31 10:01:03,1.0,1.0,153.16,4.0,29.0,0,0,0,0,0,0,0,0,0,0,27.4,11.25,18.75,8.65,4.0
2c6287fd-399c-c0ca-1041-38564cb611ab,2009-04-27,,999-48-7311,,,,Shavonne800,Barton704,,,,white,hispanic,F,Boston  Massachusetts  US,244 Runolfsdottir Landing Unit 30,Topsfield,Massachusetts,Essex County,1983.0,42.67337214945591,-70.98999528570569,311737.23,131.21999999999994,16.7,18,1,17,11,1,2012-04-02 18:58:50,2021-11-08 18:58:50,5.0,4.0,102.12,5.0,4.0,0,0,0,0,0,0,0,0,0,0,25.799999999999997,7.35,16.2,7.699999999999999,2.5
752a3c69-44d7-d6af-0340-7d3e748f6060,2000-08-10,,999-65-3198,S99953663,X80600666X,Ms.,Oralia106,Williamson769,,,,white,nonhispanic,F,Wellesley  Massachusetts  US,180 Hegmann Trail,Fall River,Massachusetts,Bristol County,,41.71996855173458,-71.11197071435107,490096.0425,101.55749999999998,25.4,17,2,15,8,2,2012-08-30 13:51:30,2021-07-29 13:51:30,6.0,4.0,1364.74,44.0,38.0,0,0,0,0,0,0,0,0,0,0,35.25,21.450000000000003,30.799999999999997,11.85,9.0
2af5741b-913e-7915-e51c-890dd5c261fa,1963-06-04,,999-11-5951,S99936435,X88574363X,Mrs.,Janna498,Shanahan202,,Weissnat378,M,white,nonhispanic,F,Baldwinville  Massachusetts  US,851 Anderson Street Suite 89,Concord,Massachusetts,Middlesex County,,42.48717630794727,-71.3814951284677,2847179.320000001,48814.01999999999,62.6,59,1,58,38,1,1964-05-15 02:02:11,2021-05-04 14:02:11,60.0,6.0,18130.81,15426.0,53.0,0,1,0,0,1,0,0,0,0,0,27.4,11.25,18.75,8.65,4.0
563187cb-7236-8b85-e6bc-79f35538910d,1968-09-11,,999-56-6769,S99962347,X23014863X,Mrs.,Argelia29,Will178,,Reichel38,M,white,nonhispanic,F,Boston  Massachusetts  US,607 Simonis Lock Unit 63,Boston,Massachusetts,Suffolk County,2119.0,42.385436939504345,-71.0829710916672,2040350.8704999995,124695.1395,57.3,81,2,79,35,2,1980-10-02 02:32:43,2021-06-03 02:32:43,112.0,9.0,34234.75,25990.0,117.0,0,1,0,0,1,0,0,0,0,0,24.25,11.25,24.0,9.45,6.3
162135b4-931d-a531-c2ad-047b0c24abe8,2006-03-14,,999-45-4911,,,,Genna99,Stehr398,,,,white,nonhispanic,F,Ludlow  Massachusetts  US,956 Doyle Trace,Dartmouth,Massachusetts,Bristol County,,41.58674364526621,-71.001606759845,910878.0775,42.442499999999896,19.8,73,1,71,11,1,2007-01-18 13:28:07,2021-11-03 09:43:04,58.0,10.0,159318.43,907.0,75.0,0,0,1,1,0,0,0,0,0,0,27.4,11.25,18.75,8.65,4.0
bf0ad07a-462c-e0c9-bc3c-c40645afc6f9,1960-08-25,,999-80-5384,S99925264,X5078871X,Mr.,Clay913,Gleason633,,,M,white,nonhispanic,M,Milford  Massachusetts  US,990 Pouros Green Apt 48,Salem,Massachusetts,Essex County,,42.54363532687267,-70.8329832963435,1502457.8300000003,1378.0199999999998,65.3,29,2,27,19,2,1973-02-23 09:09:25,2021-10-28 09:09:25,2.0,2.0,1455803.58,594.0,54.0,0,0,0,0,1,0,0,0,0,0,29.9,11.2,22.35,8.899999999999999,5.55
aa01ba4c-e0ac-805a-f1cb-9b38dc431f4f,1963-07-26,,999-81-5160,S99924238,X22932599X,Mrs.,Lizette501,Nikolaus26,,Morar593,M,white,hispanic,F,Weymouth  Massachusetts  US,407 Bins Alley,Southborough,Massachusetts,Worcester County,,42.341936533560464,-71.56990644654248,1819738.6400000004,809491.6399999999,62.4,59,0,59,25,0,1981-09-19 00:09:05,2021-11-13 00:09:05,45.0,5.0,53217.22,389.0,84.0,1,0,0,0,0,0,0,0,0,0,27.4,11.25,18.75,8.65,4.0
055bcb42-de36-4673-6d1a-628d1817dcea,1981-10-18,,999-54-8593,S99946547,X48991639X,Mr.,Sydney660,Kassulke119,,,M,white,nonhispanic,M,Acton  Massachusetts  US,891 Okuneva Grove,Stoughton,Massachusetts,Norfolk County,,42.086242298975975,-71.08212309553493,1003809.9499999998,2070.39,44.2,13,0,13,8,0,1999-12-12 19:25:40,2021-10-24 19:25:40,0.0,0.0,0.0,0.0,22.0,0,0,0,0,0,0,0,0,0,0,27.4,11.25,18.75,8.65,4.0
f665d685-1e8b-dc83-a1e4-7ca3f26d5a8c,1971-06-27,,999-22-8599,S99960343,X38501945X,Mrs.,Palma671,Mann644,,Gaylord332,M,white,nonhispanic,F,Somerset  Massachusetts  US,460 O'Keefe Wall,Waltham,Massachusetts,Middlesex County,2472.0,42.38754278730552,-71.21644534063726,1984094.365,158415.70500000002,54.5,48,2,46,11,2,1987-08-09 18:09:56,2021-06-27 18:09:56,12.0,9.0,50806.909999999996,641.0,94.0,0,0,0,0,0,0,0,0,0,0,24.65,9.55,19.15,7.8,5.1
fbc55f1a-9438-99af-595e-8a4196b6684b,1993-04-27,,999-26-7401,S99920464,X83389411X,Mrs.,Bee658,Jacobi462,,Robel940,M,white,nonhispanic,F,Littleton  Massachusetts  US,227 Labadie Alley,Somerset,Massachusetts,Bristol County,2726.0,41.78140189736841,-71.19415088344417,1587990.925,760.2449999999999,32.7,44,7,36,11,1,1994-10-08 10:16:42,2021-10-22 12:16:42,33.0,9.0,107236.94,8295.0,64.0,0,1,0,1,0,0,0,0,0,0,29.15,13.100000000000001,20.0,8.55,3.9499999999999997
7fc4f0ed-3671-9ba3-43ba-f7e8da8ca108,2005-01-12,,999-33-8801,S99984743,,,Cher186,Becker968,,,,white,nonhispanic,F,Clinton  Massachusetts  US,265 Steuber Gate,Springfield,Massachusetts,Hampden County,1118.0,42.12045623221341,-72.59167444879968,643595.9404999999,266894.71949999995,21.0,93,4,89,10,3,2005-08-10 00:11:24,2021-11-01 11:11:09,8.0,7.0,64483.15,404.0,106.0,0,0,0,0,1,0,0,0,0,0,39.900000000000006,17.8,37.65,14.600000000000001,13.899999999999999
60e27639-436c-6c04-1ff6-9790df8552f8,1959-09-26,,999-19-4735,S99950646,X38364251X,Mrs.,Lashandra868,Ankunding277,,Glover433,M,white,nonhispanic,F,Attleboro  Massachusetts  US,450 Greenfelder Forge Unit 0,Belmont,Massachusetts,Middlesex County,,42.408428551037424,-71.2085199843358,2113164.799,869186.851,66.3,36,2,34,21,2,1977-11-20 01:45:20,2021-10-17 02:33:56,3.0,3.0,1534.58,60.0,63.0,0,0,0,0,0,0,0,0,0,0,21.049999999999997,6.5,14.25,7.050000000000001,2.5
659bd07d-dffb-9aa2-6a0d-7c52e41e46eb,1949-01-31,,999-52-9278,S99993229,X89913022X,Mrs.,Michele387,Murphy561,,Trantow673,M,hawaiian,nonhispanic,F,Marlborough  Massachusetts  US,449 Prohaska Run Apt 98,Arlington,Massachusetts,Middlesex County,,42.45841615955866,-71.19121836530898,2015686.5225000004,555944.0874999999,76.9,42,1,41,31,1,1967-03-28 03:15:00,2021-06-15 03:15:00,2.0,2.0,5050.28,154.0,61.0,0,0,0,0,0,0,0,0,0,1,22.4,7.199999999999999,14.75,7.1,2.75
22e14c09-32f4-0b73-36e3-b38c967afd1b,1945-10-23,,999-39-7122,S99950404,X40524513X,Mrs.,Jerica256,Glover433,,Williamson769,M,white,nonhispanic,F,North Adams  Massachusetts  US,454 Casper Row,Lowell,Massachusetts,Middlesex County,1851.0,42.63139613229527,-71.290378582147,557015.3300000002,2411213.62,80.2,89,31,58,13,10,1952-10-29 05:50:52,2021-10-04 19:33:15,13.0,5.0,12205.89,82.0,75.0,0,0,0,0,0,0,0,1,0,1,27.45,14.35,27.7,11.05,8.2
a19e5a5b-084c-13c5-fcd6-c5fb27e80b14,2017-02-07,,999-11-8197,,,,Demetra94,Jaskolski867,,,,white,nonhispanic,F,Cambridge  Massachusetts  US,317 Feil Dale,Boston,Massachusetts,Suffolk County,2126.0,42.34238643043325,-71.15750827313259,140465.045,563.295,8.9,21,1,20,13,1,2017-02-07 20:16:13,2021-01-12 20:16:13,5.0,4.0,21805.88,96.0,9.0,0,0,0,0,0,0,0,0,0,0,24.25,11.25,24.0,9.45,6.3
d1ac7006-362b-cc1d-d516-f11d65055473,1932-09-18,,999-70-8556,S99931311,X42063320X,Mrs.,Nita296,McLaughlin530,,Rice937,M,white,nonhispanic,F,Sandwich  Massachusetts  US,404 Jacobi Mission,Wellesley,Massachusetts,Norfolk County,2481.0,42.25152221972631,-71.34815415098736,2934852.472,1483773.9880000004,93.3,109,1,107,84,1,1935-07-01 00:39:29,2021-05-25 10:39:29,241.0,7.0,476867.45,2620.0,63.0,0,0,1,0,1,0,0,0,0,0,20.299999999999997,6.449999999999999,13.2,6.75,2.7
2e555528-3530-497a-222a-7a3bbb35d938,1948-08-17,,999-47-8226,S99936016,X86072769X,Mr.,Bob965,Waelchi213,,,M,white,nonhispanic,M,Ashburnham  Massachusetts  US,930 Stamm Course Suite 33,Charlton,Massachusetts,Worcester County,,42.18339002988717,-71.93095297981547,1818009.7575,60278.2025,77.4,79,3,76,54,2,1950-02-23 08:24:18,2021-08-17 20:24:18,72.0,4.0,7051.469999999999,20289.0,68.0,0,1,0,0,1,0,0,0,0,0,27.4,11.25,18.75,8.65,4.0
7049fd33-ca55-6cfd-3dd9-dfcea6228600,1979-01-18,,999-86-5316,S99916769,X48567887X,Mr.,Parker433,Davis923,,,M,white,nonhispanic,M,Chicopee  Massachusetts  US,901 Hintz Harbor Apt 84,Swampscott,Massachusetts,Essex County,1907.0,42.43313360027211,-70.86632493757031,1051455.6925,114.42749999999997,47.0,17,0,17,10,0,1995-03-02 08:03:58,2021-05-13 08:03:58,0.0,0.0,0.0,0.0,22.0,0,0,0,0,1,0,0,0,0,0,27.950000000000003,9.5,18.75,8.2,3.45
3dfce025-b696-711a-8c2d-6903736e2882,1962-10-04,,999-15-5852,S99939163,X44564760X,Ms.,Henry768,Gottlieb798,,,S,white,nonhispanic,F,Westford  Massachusetts  US,257 Heaney Parade,Scituate,Massachusetts,Plymouth County,,42.24528428834334,-70.77877629440229,2004855.275,1259245.085,63.2,164,5,121,25,5,1964-07-09 11:15:19,2021-10-21 11:15:19,201.0,6.0,179215.65,968.0,342.0,1,0,1,0,0,0,1,0,0,0,26.5,9.100000000000001,15.95,8.149999999999999,3.0999999999999996
d02b2ca5-7e63-1c3d-505f-3a7218bac46d,1960-05-29,,999-16-6162,S99918136,X6181467X,Mrs.,Krystyna791,VonRueden376,,Bailey598,M,white,nonhispanic,F,Malden  Massachusetts  US,699 Harris Grove,Lowell,Massachusetts,Middlesex County,,42.67292880236165,-71.27501169785494,2145039.8155000005,1005418.1045,65.6,75,1,74,39,1,1978-07-23 04:46:50,2021-07-04 04:46:50,112.0,5.0,28925.829999999998,29481.0,67.0,0,1,0,0,1,0,0,0,0,0,27.45,14.35,27.7,11.05,8.2
05877654-69c4-d607-400e-e162ea103642,1994-02-06,,999-82-3432,S99995190,X28743557X,Ms.,Yuonne878,Dooley940,,,S,white,nonhispanic,F,Wayland  Massachusetts  US,752 Bogisich Skyway,Bedford,Massachusetts,Middlesex County,1730.0,42.45706613389877,-71.24176162307158,1561672.4925000002,14291.9775,31.9,36,2,34,10,1,1994-10-02 04:57:54,2021-06-07 02:57:54,34.0,13.0,113489.37,4315.0,63.0,0,1,0,0,0,0,0,0,0,0,27.4,11.25,18.75,8.65,4.0
f75b4628-3ea9-4f6c-b3a6-e7ff678f58cf,1981-03-08,,999-76-4109,S99910848,X41181844X,Mrs.,Joseph689,Stiedemann542,,Homenick806,M,white,nonhispanic,F,Westford  Massachusetts  US,897 Brown Extension,Upton,Massachusetts,Worcester County,1568.0,42.16751085566731,-71.56226097783151,1720307.5684999996,291191.1815,44.8,31,2,29,8,1,1999-05-02 17:25:54,2021-08-25 17:25:54,4.0,3.0,1117.39,452.0,77.0,0,0,0,0,0,0,0,0,0,0,29.35,9.149999999999999,17.200000000000003,7.7,3.05
859e5c6f-f1db-308d-0e33-57d392c1bf04,2009-09-19,,999-10-9579,,,,Augustine565,Gorczany269,,,,white,nonhispanic,M,Marseille  Provence-Alpes-Cote d'Azur  FR,591 Bartoletti Spur Suite 22,Springfield,Massachusetts,Hampden County,1106.0,42.152359573597344,-72.58085757920757,367967.6500000001,8529.48,16.3,28,3,24,14,2,2011-02-27 02:25:00,2021-10-31 02:25:00,80.0,8.0,33333.83,512.0,20.0,0,0,1,0,0,0,0,0,0,0,39.900000000000006,17.8,37.65,14.600000000000001,13.899999999999999
ad95e4f9-ac42-a37b-9844-01a21e8fd5db,2006-04-19,,999-36-3358,,,,Rachell479,Lesch175,,,,white,nonhispanic,F,Leominster  Massachusetts  US,587 Daugherty Brook,Saugus,Massachusetts,Essex County,,42.42210043859399,-70.97230521795844,923442.965,194.535,19.7,72,0,70,12,0,2006-10-17 21:09:35,2021-11-03 00:18:23,42.0,6.0,139544.56,658.0,67.0,0,0,0,1,0,0,0,0,0,0,29.4,12.7,23.25,9.2,5.1
f0aa92fa-13d6-6e8c-cc01-9986ce990b5e,1967-04-25,,999-74-9907,S99930400,X29612195X,Mr.,Jamie386,Luettgen772,,,S,white,nonhispanic,M,Southampton  Massachusetts  US,757 Ankunding Annex Apt 35,Canton,Massachusetts,Norfolk County,,42.20536874686016,-71.08441462987125,1345893.8375,13081.3125,58.7,53,1,52,36,1,1985-06-18 06:16:08,2021-11-09 06:16:08,48.0,4.0,7419.86,13337.0,56.0,0,1,0,0,1,0,0,0,0,0,27.4,11.25,18.75,8.65,4.0
67c6597f-c239-a595-beac-b2941e7b54ff,1964-08-20,,999-95-2652,S99986308,X21123229X,Mr.,Levi940,Ratke343,,,M,asian,nonhispanic,M,Milford  Massachusetts  US,378 McGlynn Union,Pepperell,Massachusetts,Middlesex County,1463.0,42.645738297901055,-71.6191622876031,1541417.76,4033.8,61.4,44,0,44,18,0,1982-10-14 22:49:23,2021-10-02 22:49:23,25.0,6.0,33662.01,155.0,52.0,0,0,0,0,1,0,0,0,0,0,25.549999999999997,10.850000000000001,18.35,8.2,3.5999999999999996
6eca45da-1034-4775-72fd-fa3012b4ca45,2011-09-13,,999-58-6213,,,,Charlott617,Ryan260,,,,white,nonhispanic,F,Andover  Massachusetts  US,856 Ankunding Mews,Boston,Massachusetts,Suffolk County,2113.0,42.35632229183243,-71.05527542805658,256275.9525,65.58749999999992,14.3,27,2,25,17,2,2011-12-20 23:23:15,2021-10-22 23:23:15,5.0,4.0,176.9,5.0,8.0,0,0,0,0,0,0,0,0,0,0,24.25,11.25,24.0,9.45,6.3
a8eed586-7fc7-e064-78ee-c6d227039940,2015-12-12,,999-87-2722,,,,Augustine565,Dickinson688,,,,white,nonhispanic,M,Boston  Massachusetts  US,936 Mohr Rapid Suite 31,Arlington,Massachusetts,Middlesex County,,42.410283502538434,-71.18038826078704,136673.3875,3770.7825,10.1,19,0,19,14,0,2015-12-12 22:01:59,2021-03-16 22:01:59,6.0,3.0,65.18,6.0,8.0,0,0,0,0,0,0,0,0,0,0,22.4,7.199999999999999,14.75,7.1,2.75
2c622c62-af49-25e3-4f67-3ab19a455bb2,1989-03-17,,999-89-8759,S99933732,X8346299X,Mr.,Isaac321,Marks830,,,S,white,nonhispanic,M,Norwood  Massachusetts  US,343 Kerluke Trafficway Suite 44,Holliston,Massachusetts,Middlesex County,,42.19915914759804,-71.47667934681151,823347.1774999999,129.32249999999996,36.8,8,1,7,6,1,1989-12-26 02:19:04,2020-05-30 02:19:04,1.0,1.0,626388.84,383.0,15.0,0,0,0,0,0,0,0,0,0,0,27.4,11.25,18.75,8.65,4.0
ce54be47-1a8f-e1eb-9b4d-ca61378d9f41,1924-12-04,,999-47-6461,S99986782,X17097847X,Mrs.,Trinh357,Sanford861,,Wiegand701,M,white,nonhispanic,F,Dedham  Massachusetts  US,1023 Quigley Camp Unit 54,Danvers,Massachusetts,Essex County,,42.57692403420917,-70.94218175458748,2819452.1084999987,1377770.5215000007,101.1,131,1,130,76,1,1925-10-01 21:07:04,2021-06-03 13:07:04,302.0,7.0,190882.33,59361.0,74.0,0,1,0,0,0,0,0,0,0,0,27.75,10.35,19.450000000000003,8.1,3.65
730963e3-8472-75ab-fc64-5be33cdcc125,1974-01-16,,999-31-7174,S99911891,X66808440X,Mrs.,Teresa94,Estévez304,,Gaona896,M,white,hispanic,F,Salisbury  Saint Joseph Parish  DM,821 Lehner Skyway,Bellingham,Massachusetts,Norfolk County,2019.0,42.11936512282877,-71.48701622727967,1630093.6405000002,254363.56950000004,52.0,72,4,68,29,4,1983-01-19 11:11:05,2021-09-01 11:11:05,79.0,11.0,24417.94,11305.0,120.0,0,1,1,0,1,0,0,0,0,0,24.950000000000003,11.25,17.4,8.1,4.25
4727c1ea-a23f-270d-f38f-e03857029aee,1994-05-26,,999-27-1176,S99997206,X70857005X,Mr.,Tristan353,Zulauf375,,,S,white,nonhispanic,M,Lee  Massachusetts  US,1049 Dare Branch Apt 3,Walpole,Massachusetts,Norfolk County,2081.0,42.103050706932905,-71.26768679832587,681552.79,0.0,31.6,11,1,10,4,1,2012-04-15 07:07:28,2019-09-21 15:07:28,1.0,1.0,8.77,1.0,27.0,0,0,0,0,0,0,0,0,0,0,23.0,8.1,14.1,7.45,2.9
be01726c-4937-554f-6d8f-58f8ec72ebab,1997-11-21,,999-36-8838,S99994002,X14680217X,Mr.,Wilford267,Hilpert278,,,,asian,nonhispanic,M,Beverly  Massachusetts  US,822 Casper Green,Beverly,Massachusetts,Essex County,1915.0,42.55350187842335,-70.89753772266835,76164.279,33331.30100000001,28.1,12,2,10,7,2,2011-12-23 15:40:51,2021-03-05 15:40:51,2.0,2.0,33.98,2.0,41.0,0,0,0,0,1,0,0,0,0,0,28.4,10.55,19.65,8.0,3.8
e92e2c9d-d257-4f3c-73aa-a6ee61ec8db1,1981-12-31,,999-11-8132,S99959684,X27010886X,Mr.,Pablo44,Schulist381,,,M,white,nonhispanic,M,Malden  Massachusetts  US,1043 McLaughlin Park,Dennis,Massachusetts,Barnstable County,2638.0,41.69552765778268,-70.20977375355703,995603.6699999998,0.0,44.0,37,1,34,22,1,2000-02-24 13:32:19,2021-07-28 13:59:24,34.0,6.0,591.23,7955.0,61.0,0,1,0,0,0,0,0,0,0,0,24.9,9.65,16.549999999999997,8.65,3.2
c0c41fd4-6b03-a08f-ca14-94e353230678,1958-09-15,,999-18-1814,S99914795,X56418197X,Mrs.,Jennie425,Jerde200,,Sawayn19,M,white,nonhispanic,F,Quincy  Massachusetts  US,971 Rice Extension,Springfield,Massachusetts,Hampden County,1128.0,42.07528018039604,-72.5286579210616,2196043.174,549238.1059999999,67.3,32,1,31,24,1,1961-11-27 05:55:14,2021-05-31 05:55:14,1.0,1.0,19.91,1.0,59.0,0,0,1,0,1,0,0,0,0,0,39.900000000000006,17.8,37.65,14.600000000000001,13.899999999999999
988ba5c5-bb2c-1453-cfe7-16ea41c47b42,1980-03-25,,999-48-8530,S99968160,X22337916X,Mrs.,Eleanora667,Hyatt152,,Dibbert990,M,white,nonhispanic,F,Lawrence  Massachusetts  US,937 Bartell Parade,Acushnet,Massachusetts,Bristol County,,41.71981432854507,-70.9309052024286,1475272.015,384397.155,45.8,52,2,50,9,2,1998-05-19 12:03:04,2021-09-21 12:03:04,8.0,7.0,25378.46,170.0,98.0,0,0,0,0,0,0,0,0,0,0,27.4,11.25,18.75,8.65,4.0
f6542a20-3b0a-addd-d3a2-6a621f67970f,1975-11-24,,999-77-2075,S99955475,X35490807X,Mr.,Virgil85,Farrell962,,,S,white,nonhispanic,M,Lowell  Massachusetts  US,829 Hickle Gateway Unit 29,Charlton,Massachusetts,Worcester County,,42.09076387115661,-71.94112721770261,1169626.3449999995,2574.825,50.1,17,2,15,10,2,1994-01-17 21:29:37,2021-05-03 21:29:37,3.0,3.0,136.73,3.0,39.0,0,0,0,0,0,0,0,0,0,0,27.4,11.25,18.75,8.65,4.0
6f4a8d14-cba0-49d8-10c1-6669dff22f2f,1989-12-02,,999-31-6444,S99986688,X45458609X,Mrs.,Robin66,Reilly981,,Halvorson124,M,white,nonhispanic,F,Boston  Massachusetts  US,239 Leffler Ramp,Mashpee,Massachusetts,Barnstable County,,41.61107684784866,-70.52368189930014,1078019.902,151108.29799999998,36.1,40,1,39,13,1,2001-12-22 07:30:48,2021-11-06 07:30:48,14.0,5.0,9628.89,58.0,120.0,0,0,0,0,0,0,0,0,0,0,27.4,11.25,18.75,8.65,4.0
561db9de-7617-4fed-b230-1553b8dd65f3,1995-12-04,,999-50-1190,S99984536,X15372696X,Ms.,Jackelyn13,Ledner144,,,,white,nonhispanic,F,Lowell  Massachusetts  US,719 Frami Rue Suite 69,Palmer,Massachusetts,Hampden County,1079.0,42.16476492056355,-72.3675954943682,650686.6594999998,496988.4905,30.1,57,4,53,10,4,2012-01-16 22:40:09,2021-11-08 22:40:09,30.0,7.0,3149.8599999999997,5842.0,190.0,0,1,0,0,1,0,0,0,0,0,27.4,11.25,18.75,8.65,4.0
a06bce31-d0dc-f345-df41-777fb453afaf,1935-03-23,,999-58-3708,S99934448,X64374057X,Mr.,Fernando603,Klein929,,,M,white,nonhispanic,M,Boston  Massachusetts  US,730 Schaefer Annex Suite 31,Middleborough Center,Massachusetts,Plymouth County,,41.85455453364275,-70.94332464951887,2239505.002999999,696083.8670000001,90.8,136,5,131,67,5,1945-12-21 10:04:43,2021-10-11 10:04:43,367.0,11.0,83957.17,52277.0,72.0,0,1,1,0,0,0,0,0,0,1,31.1,14.9,21.8,9.25,5.05
319372b8-27b1-b827-5c89-ac991fc17407,1959-11-27,,999-64-9292,S99910394,X21211331X,Mr.,Booker670,Brown30,,,M,white,nonhispanic,M,Newton  Massachusetts  US,336 Fay Rest Apt 60,Boston,Massachusetts,Suffolk County,2131.0,42.38240577559187,-71.01600489199076,1579319.010000001,4439.04,66.1,76,4,72,45,2,1960-11-12 20:16:53,2021-10-01 20:14:53,54.0,7.0,1373.24,21002.0,83.0,0,1,0,0,1,0,0,0,0,0,24.25,11.25,24.0,9.45,6.3
30db29cb-a1c0-272e-bfed-ce88ebc23b2d,1965-09-12,,999-54-8730,S99973302,X55538579X,Mrs.,Barbara209,Acevedo301,,Alvarez441,M,white,hispanic,F,Marigot  Saint Andrew Parish  DM,619 Purdy Run Suite 61,Southborough,Massachusetts,Worcester County,,42.267110437672,-71.54010368206073,2150447.071499999,353552.39849999995,60.3,53,1,51,23,1,1982-11-07 09:49:49,2021-11-10 09:49:49,37.0,8.0,71007.65000000001,269.0,69.0,1,0,0,0,0,0,0,0,0,0,27.4,11.25,18.75,8.65,4.0
d321aaa9-5b61-14ae-832b-46b4b50fd88e,1960-04-08,,999-20-6277,S99994120,X21190812X,Mrs.,Lynetta635,Hahn503,,Gottlieb798,M,white,nonhispanic,F,North Adams  Massachusetts  US,852 Hintz Lane,Quincy,Massachusetts,Norfolk County,2170.0,42.28760477424418,-71.09489676722237,1933848.9795000008,274093.5805,65.7,55,1,54,43,1,1978-06-02 15:18:16,2021-10-08 15:18:16,61.0,7.0,19328.31,15607.0,59.0,0,1,1,0,1,0,0,0,0,0,22.85,11.1,20.55,9.75,4.9
4ca722b8-631c-fc54-1145-8d2c4d66809f,1965-03-25,,999-53-9668,S99981975,X32253229X,Mrs.,Dona966,Purdy2,,Kuvalis369,M,white,nonhispanic,F,Cambridge  Massachusetts  US,519 Hessel Mall Unit 61,Boston,Massachusetts,Suffolk County,2210.0,42.41359643253071,-70.95720373431845,2310128.3035000004,693633.5465,60.8,70,2,68,35,2,1983-05-19 16:22:35,2021-05-13 16:22:35,49.0,4.0,2347.19,833.0,109.0,0,1,0,0,1,0,0,0,0,0,24.25,11.25,24.0,9.45,6.3
3ce79121-6f1a-8d00-726d-bc0af611d017,1972-07-15,,999-35-7725,S99947946,X85881579X,Mr.,Randal152,Robel940,,,M,white,nonhispanic,M,Boston  Massachusetts  US,168 Koch Light Unit 42,Millbury,Massachusetts,Worcester County,,42.14992758570629,-71.81067588481787,2015514.5125000004,177.96749999999977,53.5,23,1,22,11,1,1976-10-02 21:27:34,2021-05-09 00:27:34,5.0,5.0,117884.87,1006.0,28.0,0,0,0,0,0,0,0,0,0,0,27.4,11.25,18.75,8.65,4.0
17ad4670-1e85-702d-c7b5-eac3e87f90ed,1998-07-09,,999-38-3378,S99935864,X29386171X,Ms.,Stephanie963,Gibson10,,,,white,nonhispanic,F,Hadley  Massachusetts  US,519 Cassin View,South Hadley,Massachusetts,Hampshire County,,42.28674309294315,-72.57618191905549,587751.1900000001,0.0,27.5,20,1,18,10,0,2012-07-09 01:09:50,2021-10-01 01:09:50,14.0,6.0,3375.23,1962.0,51.0,0,1,0,0,0,0,0,0,0,0,27.4,11.25,18.75,8.65,4.0
19162199-ffeb-d890-6d5e-ed7afe08f1c0,2011-03-12,,999-74-5964,,,,Mateo562,Cardenas331,,,,white,hispanic,M,Marigot  Saint Andrew Parish  DM,952 Carroll Parade,Bellingham,Massachusetts,Norfolk County,,42.1063102503786,-71.48429423419962,121580.27999999998,0.0,14.8,16,0,16,14,0,2012-02-18 18:42:44,2021-03-20 18:42:44,2.0,2.0,21.880000000000003,2.0,9.0,0,0,0,0,0,0,0,0,0,0,24.950000000000003,11.25,17.4,8.1,4.25
48fe9d25-b0b2-df56-3756-90843b3044a9,2005-09-17,,999-37-3003,S99916173,,,Bibi254,Stoltenberg489,,,,white,nonhispanic,F,Rome  Lazio  IT,149 Legros Quay Apt 66,Westborough,Massachusetts,Worcester County,,42.22697772049948,-71.633066066977,1029866.9125,3306.0975000000003,20.3,75,1,72,10,1,2006-03-05 10:07:46,2021-11-13 10:07:46,8.0,8.0,59054.95,408.0,78.0,0,0,0,0,1,0,0,0,0,0,30.15,10.3,19.9,8.55,4.1
9d92805b-c25a-c7ad-60ca-80c93ffb80b1,1938-09-30,,999-97-2103,S99989635,X88158957X,Mr.,Frances376,Smitham825,,,M,white,nonhispanic,M,Somerville  Massachusetts  US,898 Bernier Mews,Bourne,Massachusetts,Barnstable County,,41.79897293913609,-70.58998489286049,2129345.356,229554.914,87.3,72,1,71,35,1,1944-04-23 06:40:58,2021-11-18 06:40:58,70.0,7.0,64473.47,1072.0,56.0,0,0,1,0,1,0,0,0,0,0,27.2,11.75,18.15,9.35,3.75
11256c20-8feb-4033-de96-7d689a7d123a,2009-01-17,,999-31-1814,,,,Gabriel934,Villalpando154,,,,white,hispanic,M,Lima  Lima Province  PE,884 Rowe Green Unit 43,Boston,Massachusetts,Suffolk County,2127.0,42.38788958474243,-71.03237475833535,306117.5125,82.02749999999995,17.0,21,1,19,11,1,2011-12-25 02:31:12,2021-07-18 02:31:12,5.0,4.0,33.31,5.0,12.0,0,0,0,0,0,0,0,0,0,0,24.25,11.25,24.0,9.45,6.3
4688bc6a-6bd0-4a88-a590-9a11677082c9,1985-08-06,,999-16-4013,S99946111,X35968501X,Mrs.,Kyra237,Pagac496,,Howell947,M,white,nonhispanic,F,Revere  Massachusetts  US,137 Kerluke Plaza,Canton,Massachusetts,Norfolk County,,42.22128649833544,-71.11912086339395,1949682.0820000009,540806.068,40.4,55,2,53,12,2,1988-06-25 03:20:10,2021-05-12 03:20:10,27.0,11.0,230962.84000000003,917.0,144.0,0,0,0,0,1,0,0,0,0,0,27.4,11.25,18.75,8.65,4.0
9e9a8955-c4c4-dd80-2a2a-1c6b602efbf5,2019-05-15,,999-75-4152,,,,Luella739,Corwin846,,,,white,nonhispanic,F,Methuen  Massachusetts  US,530 Abbott Overpass,North Plymouth,Massachusetts,Plymouth County,,41.9308911732642,-70.72513697304873,68706.135,934.785,6.6,12,0,12,10,0,2019-05-15 04:37:01,2021-10-20 04:37:01,2.0,2.0,229.67000000000002,2.0,6.0,0,0,0,0,0,0,0,0,0,0,31.7,15.2,22.299999999999997,9.75,5.05
bb4116b4-db28-ec8f-cce5-6ec08b2ea0a0,1981-10-06,,999-39-4055,S99961759,X13888706X,Mr.,Son314,Rodriguez71,,,M,white,hispanic,M,Lunenburg  Massachusetts  US,1011 Stoltenberg Vista,Danvers,Massachusetts,Essex County,1923.0,42.54360720804201,-70.97650654422317,1009353.7575,1409.2424999999998,44.2,16,1,15,6,1,1999-11-30 23:29:19,2021-10-12 23:29:19,1.0,1.0,7.88,1.0,25.0,0,0,0,0,1,0,0,0,0,0,27.75,10.35,19.450000000000003,8.1,3.65
0ae08855-8e6c-5308-3ab5-da0080b36425,1986-06-14,,999-77-4319,S99978746,X69695537X,Mrs.,Josefina523,Deckow585,,Kerluke267,M,asian,nonhispanic,F,Ho Chi Minh City  Gia Định  VN,676 Kshlerin Rest,Lowell,Massachusetts,Middlesex County,,42.68255583896423,-71.29569507615054,1042607.7635,863017.4665,39.5,81,4,77,20,4,2000-07-15 09:34:20,2021-11-13 09:34:20,31.0,5.0,8247.33,6367.0,237.0,0,1,0,0,1,0,0,0,0,0,27.45,14.35,27.7,11.05,8.2
122d96b5-9b37-a7c2-7567-c3a66ae854d7,1956-01-23,,999-84-7825,S99999630,X69721357X,Ms.,Bridgette172,Schuppe920,,,S,white,nonhispanic,F,Lowell  Massachusetts  US,970 Dietrich Street,Middleborough,Massachusetts,Plymouth County,,41.864454988265386,-70.83816235637937,2019106.6100000008,1534.5299999999995,69.9,38,0,37,25,0,1969-02-17 05:28:03,2021-04-19 05:28:03,1.0,1.0,4.68,1.0,56.0,0,0,0,0,1,0,0,0,0,0,27.4,11.25,18.75,8.65,4.0
2987fe83-93bf-9d7d-1b8d-481913f54c5c,1987-08-23,,999-84-5527,S99966194,X63004050X,Mr.,Tracy345,Kassulke119,,,M,white,nonhispanic,M,Middleborough Center  Massachusetts  US,261 Emard Gardens Apt 53,Ashby,Massachusetts,Middlesex County,,42.66549971449378,-71.78534497635644,840312.0799999998,0.0,38.4,11,1,10,7,1,2005-10-16 23:09:15,2021-11-07 23:09:15,1.0,1.0,3.51,1.0,24.0,0,0,0,0,0,0,0,0,0,0,27.4,11.25,18.75,8.65,4.0
f533e863-964d-b59a-cf56-8f4b5f1c8959,1973-07-14,,999-12-2847,S99993142,X32144900X,Mrs.,Chara19,MacGyver246,,Murazik203,M,black,hispanic,F,East Bridgewater  Massachusetts  US,787 Keeling Esplanade Unit 27,Palmer,Massachusetts,Hampden County,1009.0,42.23428801076763,-72.34206834661435,1812036.2865,296058.0335,52.5,19,1,18,11,1,1991-09-08 00:04:07,2021-08-08 00:04:07,3.0,3.0,1039.58,3.0,29.0,0,0,0,0,1,0,0,0,0,0,27.4,11.25,18.75,8.65,4.0
6149e55a-5f2f-98ca-2767-c7f1ac73ca50,2006-02-28,,999-21-7002,,,,Chantel847,Grady603,,,,white,nonhispanic,F,Lowell  Massachusetts  US,1096 Jacobson Arcade Apt 6,West Springfield,Massachusetts,Hampden County,,42.08965965540256,-72.61043401021963,35726.09,0.0,19.8,14,1,13,10,1,2012-02-15 01:49:20,2021-04-07 01:49:20,2.0,2.0,303.08,10.0,29.0,0,0,0,0,0,0,0,0,0,0,27.4,11.25,18.75,8.65,4.0
02b1604a-1bad-bc6f-5b72-d219ecd8f7f4,1960-06-24,,999-36-5754,S99924315,X45814294X,Mr.,Tanner110,Hoeger474,,,M,black,nonhispanic,M,Marblehead  Massachusetts  US,615 Kulas Trailer,Lynn,Massachusetts,Essex County,1907.0,42.45362488585675,-70.99520224204969,1485437.397500001,13338.5325,65.5,46,0,46,20,0,1978-08-18 21:26:45,2021-08-27 21:26:45,19.0,2.0,11.819999999999999,215.0,58.0,0,0,0,0,1,0,0,0,0,0,33.849999999999994,14.649999999999999,32.0,12.0,11.9
eb98cdce-f8b2-bbb8-a720-cef7cca9823e,2011-04-11,,999-73-9325,,,,Shalanda398,Price929,,,,white,nonhispanic,F,Chicopee  Massachusetts  US,789 Kovacek Brook Unit 78,Randolph,Massachusetts,Norfolk County,,42.20846005840264,-71.01097649826615,261667.2125,144.33749999999995,14.7,18,0,18,15,0,2011-12-20 01:23:49,2021-04-20 01:23:49,2.0,2.0,25.75,2.0,8.0,0,0,0,0,0,0,0,0,0,0,27.4,11.25,18.75,8.65,4.0
4ba15182-a126-7f01-a46e-1901c5c5ceae,2005-09-27,,999-42-1026,S99922153,,,Louis204,Senger904,,,,white,nonhispanic,M,Seekonk  Massachusetts  US,441 Ankunding Viaduct,Woburn,Massachusetts,Middlesex County,1801.0,42.47218249226452,-71.12961342534732,998991.8525,11714.3775,20.3,64,1,63,10,1,2007-01-02 13:28:38,2021-11-09 10:28:38,4.0,4.0,54394.22,362.0,68.0,0,0,0,0,0,0,0,0,0,0,25.5,11.25,19.75,8.4,4.45
ba9773bf-d2ba-899b-a68c-4ef986c1325e,1966-12-25,,999-37-4701,S99935143,X44107854X,Mrs.,Birgit199,Maggio310,,Rice937,M,white,nonhispanic,F,Abington  Massachusetts  US,731 Kiehn Estate Suite 65,Swansea,Massachusetts,Bristol County,,41.784868871636434,-71.24084569548855,1747059.6725000003,629.5274999999999,59.0,23,2,20,17,2,1985-02-17 21:27:35,2021-01-17 21:27:35,2.0,2.0,359.52,39.0,39.0,0,0,0,0,1,0,0,0,0,0,27.4,11.25,18.75,8.65,4.0
3f6c7ea3-e73b-025e-06ab-e452943effad,2006-07-15,,999-46-8935,,,,Olivia294,Lovato727,,,,white,hispanic,F,Carolina  Puerto Rico  PR,877 Witting Dale Unit 76,Worcester,Massachusetts,Worcester County,1608.0,42.230689876411866,-71.89537287548032,409726.4075,3043.1025000000004,19.5,38,1,31,14,1,2009-02-11 10:25:38,2021-08-24 02:25:38,36.0,7.0,129919.09,613.0,18.0,0,0,0,1,0,0,0,0,0,0,35.9,14.9,29.3,11.55,8.8
72f91cc7-fb63-84e8-32ff-86456bfa446e,1942-06-07,,999-45-2196,S99989675,X32228110X,Mr.,Kim439,Barton704,,,M,white,nonhispanic,M,Pittsfield  Massachusetts  US,1070 Tromp Byway Apt 35,Wales,Massachusetts,Hampden County,,42.10149335592936,-72.25245761371613,1013727.3515000002,498238.9285,83.6,139,11,128,60,5,1958-07-21 02:39:01,2021-07-19 02:39:01,76.0,5.0,8524.57,1928.0,65.0,0,1,0,0,0,0,0,0,0,0,27.4,11.25,18.75,8.65,4.0
e0385e19-8fee-2a84-3ce6-193b08587ecc,2012-05-28,,999-85-1641,,,,Jospeh459,Mann644,,,,white,nonhispanic,M,Beverly  Massachusetts  US,772 Prohaska Ferry Apt 59,Sutton,Massachusetts,Worcester County,,42.10619119120639,-71.79914562811993,244396.28,56.21999999999992,13.6,27,1,26,18,1,2012-05-28 23:33:24,2021-05-31 23:33:24,4.0,4.0,22.43,4.0,9.0,0,0,0,0,0,0,0,0,0,0,27.4,11.25,18.75,8.65,4.0
7cfbccad-2a81-400a-4858-1d2f4b680960,1994-09-17,,999-86-2397,S99969481,X18681509X,Mr.,Nathan164,Stroman228,,,M,white,nonhispanic,M,Pinehurst  Massachusetts  US,387 Bailey Ramp Apt 77,Williamsburg,Massachusetts,Hampshire County,,42.412971343617855,-72.71432345131458,700378.1025000003,2113.9575,31.3,20,1,19,9,1,2012-11-10 16:50:15,2021-11-06 16:50:15,41.0,8.0,30020.350000000002,115.0,49.0,0,0,0,0,0,0,0,0,0,0,27.4,11.25,18.75,8.65,4.0
b91dc3fd-3ed0-eb50-9376-e9bd9ab26940,1964-05-04,,999-70-6201,S99975578,X49011318X,Mr.,Lenard338,Carroll471,,,M,white,nonhispanic,M,Rockland  Massachusetts  US,365 Dickens Landing Suite 59,Attleboro,Massachusetts,Bristol County,,41.979617809866525,-71.30336218781056,1505267.2999999996,6863.9699999999975,61.7,126,7,119,39,4,1982-06-29 00:56:12,2021-08-04 05:17:26,56.0,5.0,2896.58,779.0,113.0,0,1,0,0,1,0,0,0,0,0,31.4,15.2,23.45,9.65,5.65
4b10c406-d391-31dc-cefd-5812b6832cf9,1952-02-07,,999-39-7871,S99954697,X38998620X,Mrs.,Beth967,Osinski784,,Goldner995,M,black,nonhispanic,F,New Bedford  Massachusetts  US,620 Purdy Ferry,Merrimac,Massachusetts,Essex County,,42.86677318594506,-70.98977812508068,3056980.397000001,678693.7329999998,73.9,47,1,46,29,1,1958-05-09 09:47:41,2021-07-08 09:26:27,3.0,3.0,6413.78,946.0,70.0,1,0,0,0,1,0,0,0,0,0,27.4,11.25,18.75,8.65,4.0
83a86980-de17-1b13-d31a-78f2376649af,2001-08-31,,999-99-5627,S99929008,X86326210X,Mr.,Stephan15,Krajcik437,,,,white,nonhispanic,M,Boston  Massachusetts  US,975 Kuvalis Port Apt 95,Amherst,Massachusetts,Hampshire County,,42.40588443841859,-72.48019151063855,469468.57,5685.029999999999,24.3,20,1,18,10,1,2012-09-14 14:25:41,2021-11-05 14:25:41,12.0,6.0,9403.79,1598.0,46.0,0,1,0,0,0,0,0,0,0,0,27.4,11.25,18.75,8.65,4.0
2c098b38-279d-88b3-d553-e87b56eb1b04,1995-01-26,,999-38-3600,S99926392,X29662254X,Ms.,Marcela739,Almonte426,,,,white,hispanic,F,Wesley  Saint Andrew Parish  DM,393 Haley Road Unit 51,Chelsea,Massachusetts,Suffolk County,,42.372055696836405,-71.08489340966939,695019.1,310355.85,30.9,44,4,40,5,3,2011-01-15 07:13:34,2021-08-11 07:13:34,11.0,10.0,3516.1499999999996,83.0,131.0,0,0,0,0,0,0,0,0,0,0,28.75,15.3,35.150000000000006,12.1,16.9
f8cbe1ed-be00-21ac-5705-080cb286f964,1993-08-13,,999-18-2735,S99951343,X79754736X,Mrs.,Anna632,Davis923,,West559,M,white,nonhispanic,F,Gloucester  Massachusetts  US,496 Zboncak Meadow,Brookline,Massachusetts,Norfolk County,2445.0,42.35371538017977,-71.0693985208808,1312220.27,0.0,32.4,62,3,59,6,3,2006-09-08 10:04:23,2021-11-12 10:04:23,9.0,8.0,12087.58,120.0,111.0,0,0,0,0,0,0,0,0,0,0,20.85,6.35,13.55,7.0,2.95
454bbec4-42bc-bd2c-fe3a-f8f4fc4346e9,2001-09-17,,999-88-1494,S99947520,X15711612X,Ms.,Kizzy275,Daniel959,,,,white,nonhispanic,F,Worcester  Massachusetts  US,649 Langosh Lock,Whitman,Massachusetts,Plymouth County,,42.03207888219829,-70.94616979852535,1602396.16,38825.19,24.3,120,3,114,16,3,2002-06-13 01:45:55,2021-10-19 02:56:07,50.0,7.0,189919.9,877.0,195.0,0,0,0,1,0,0,0,0,0,0,27.4,11.25,18.75,8.65,4.0
6f0b58f9-cb95-1fb3-5fef-cd914f9b4de3,1980-11-15,,999-53-7954,S99931851,X37685126X,Ms.,Devon268,Bernhard322,,,S,white,hispanic,F,Berkley  Massachusetts  US,1065 Sporer Underpass,Methuen,Massachusetts,Essex County,1841.0,42.779823260715965,-71.16623735455963,1156272.05,447992.81,45.1,53,2,51,22,2,1999-01-09 17:04:34,2021-10-02 17:04:34,49.0,8.0,32677.04,8456.0,100.0,0,1,0,0,1,0,0,0,0,0,27.4,11.25,18.75,8.65,4.0
0cb8b8f9-fc42-2841-9578-dbff50c6c86e,2001-04-19,,999-76-8776,S99971089,X34841574X,Mr.,Reyes140,White193,,,,white,nonhispanic,M,Hingham  Massachusetts  US,175 Kihn Rapid Apt 20,Cambridge,Massachusetts,Middlesex County,2138.0,42.41273071309213,-71.10093976157745,1553465.5475,66037.85250000001,24.7,106,0,103,10,0,2009-06-18 02:50:03,2021-07-29 04:50:03,12.0,6.0,10879.07,1941.0,141.0,0,1,0,0,0,0,0,0,0,0,23.0,7.55,16.35,6.9,3.65
dba87de8-9e28-0140-47c4-9419277178f0,1960-08-10,,999-26-5277,S99960730,X5905304X,Mrs.,Tomiko229,Ratke343,,Fisher429,M,white,nonhispanic,F,Dracut  Massachusetts  US,1016 Olson Wynd Apt 7,Brockton,Massachusetts,Plymouth County,2302.0,42.07439475879742,-71.07555548835532,2242714.7345,366862.6755,65.4,45,2,43,23,2,1977-09-28 22:50:00,2021-10-13 22:50:00,4.0,3.0,3038.1200000000003,160.0,65.0,0,0,0,0,1,0,0,0,0,0,35.9,17.75,28.6,12.8,8.55
03e502b6-b810-06c1-7d65-83db077ed3ee,1967-10-06,,999-17-5418,S99998694,X43662804X,Mrs.,Katharyn928,Toy286,,Parisian75,M,white,nonhispanic,F,South Yarmouth  Massachusetts  US,922 Spinka Fort,Holyoke,Massachusetts,Hampden County,1040.0,42.17905857530585,-72.64365941623565,2385327.875,9436.575,58.2,108,43,65,13,3,1969-01-06 08:56:17,2021-11-11 13:15:07,90.0,12.0,239157.85,895.0,194.0,0,0,0,0,1,0,0,1,0,0,38.5,17.3,37.05,14.1,15.0
bf079bf2-4d65-f4a6-0f7b-f02801b57177,2003-09-09,,999-99-9657,S99930232,,Ms.,Shana231,Ziemann98,,,,white,nonhispanic,F,Haverhill  Massachusetts  US,450 Sporer Branch Apt 52,Newton,Massachusetts,Middlesex County,2459.0,42.30618545483294,-71.27244277491607,1153967.73,37094.49,22.3,89,1,84,10,1,2004-11-23 22:54:55,2021-11-02 11:54:55,9.0,8.0,73824.54,452.0,106.0,0,1,0,0,0,0,0,0,0,0,21.35,6.7,14.8,7.25,2.7
e61fe1f4-3daa-bbeb-649a-fdae0eeee227,2013-07-16,,999-15-4143,,,,Hilario934,Stroman228,,,,hawaiian,nonhispanic,M,Hadley  Massachusetts  US,423 Johns Esplanade Suite 26,Rockport,Massachusetts,Essex County,,42.69921250320708,-70.65440336296543,205587.17,2453.1600000000003,12.5,26,1,24,17,1,2013-07-16 20:45:12,2021-07-13 20:45:12,4.0,3.0,29.81,6.0,11.0,0,0,0,0,0,0,0,0,0,0,27.4,8.95,18.35,8.75,2.85
94c64aed-cca1-dc80-c180-5ba446c00df4,1990-10-12,,999-23-4670,S99959288,X63254571X,Mrs.,Jerica256,Pfeffer420,,Towne435,M,white,nonhispanic,F,Westfield  Massachusetts  US,312 Frami Walk Unit 17,Milton,Massachusetts,Norfolk County,,42.19428471929536,-71.05182032515076,2130767.7660000003,206222.404,35.2,68,5,63,13,5,1991-11-03 12:38:12,2021-03-26 23:38:12,55.0,11.0,148957.40000000002,10371.0,210.0,0,1,0,0,0,0,0,0,0,0,23.6,8.05,15.0,7.9,3.25
42017485-34da-0251-9969-577a72265086,1997-05-04,,999-68-5210,S99956314,X66241935X,Mr.,Charles364,Klocko335,,,,white,hispanic,M,Rochester  Massachusetts  US,211 Wiza Quay Apt 54,West Springfield,Massachusetts,Hampden County,,42.136409508568,-72.68706782396335,599975.7875,696.3525,28.7,7,0,7,6,0,2012-06-10 13:09:19,2019-07-07 13:09:19,1.0,1.0,63.46,1.0,33.0,0,0,0,0,0,0,0,0,0,0,27.4,11.25,18.75,8.65,4.0
01d78eb5-7f50-45e9-f524-921196a3dffe,2000-12-13,,999-67-3382,S99973218,X29205391X,Ms.,Siu135,Konopelski743,,,,white,nonhispanic,F,Rehoboth  Massachusetts  US,397 Leffler Hollow,Chelsea,Massachusetts,Suffolk County,2149.0,42.41643507693516,-71.00567786179414,75594.48399999998,214867.08599999995,25.0,32,1,31,9,1,2002-03-20 04:17:46,2021-06-30 13:18:46,7.0,7.0,84524.72,516.0,80.0,0,0,0,0,0,0,0,0,0,0,28.75,15.3,35.150000000000006,12.1,16.9
05801c88-9f2e-536e-9068-4b7b4431d072,1994-01-17,,999-76-3109,S99927819,X69226720X,Mrs.,Shanda945,Cremin516,,Ankunding277,M,white,nonhispanic,F,Westwood  Massachusetts  US,233 Wuckert Promenade Apt 82,Walpole,Massachusetts,Norfolk County,,42.09653533455578,-71.25929277026822,692391.435,295.84499999999986,32.0,18,0,17,5,0,2008-02-18 22:43:50,2021-11-04 22:43:50,8.0,8.0,1688.9,52.0,33.0,0,0,0,0,0,0,0,0,0,0,23.0,8.1,14.1,7.45,2.9
32f516f7-b223-278c-d0de-5c0b9d70654c,1986-02-05,,999-25-7185,S99987618,X29274744X,Mr.,Randell912,Reinger292,,,M,white,nonhispanic,M,Charlton  Massachusetts  US,800 O'Hara Fort Apt 20,Belmont,Massachusetts,Middlesex County,,42.414361073549614,-71.13825412425699,883046.3274999999,2485.7025,39.9,25,0,25,17,0,2004-03-31 13:22:52,2021-07-07 13:22:52,48.0,4.0,29217.46,6769.0,59.0,0,1,0,0,0,0,0,0,0,0,21.049999999999997,6.5,14.25,7.050000000000001,2.5
5da2277e-7922-0f7c-513d-fcb794d088e7,1981-12-23,,999-75-6970,S99995048,X64531688X,Mr.,Rosario163,Brekke496,,,M,white,nonhispanic,M,Billerica  Massachusetts  US,645 Koelpin Drive,Watertown,Massachusetts,Middlesex County,,42.35417156605632,-71.17424184040634,990560.2375,234.92249999999996,44.0,17,1,16,7,1,2000-02-16 15:32:53,2021-06-30 15:32:53,4.0,4.0,1899.83,6.0,19.0,0,0,0,0,0,0,0,0,0,0,27.4,11.25,18.75,8.65,4.0
30813a62-aa9f-3c7c-cc52-6c3957a3c1b1,1928-11-13,,999-17-2762,S99912910,X54008264X,Mrs.,January966,Ledner144,,Schroeder447,M,asian,nonhispanic,F,Hyderabad  Andhra Pradesh  IN,120 Zieme Manor Unit 21,Burlington,Massachusetts,Middlesex County,,42.49935028619798,-71.27897602527372,2052142.1520000005,141990.30800000002,97.1,87,14,71,35,8,1930-08-05 20:45:19,2021-09-23 20:45:19,53.0,10.0,48259.51,1008.0,76.0,0,0,1,0,1,0,0,0,0,1,22.75,8.7,17.45,7.949999999999999,3.3
a57b5df9-090b-3367-e302-89f6c9660923,1994-05-01,,999-40-4854,S99964726,X29058973X,Mr.,Andrea7,Champlin946,,,M,hawaiian,nonhispanic,M,Raynham  Massachusetts  US,435 Gleason Rue Unit 21,Methuen,Massachusetts,Essex County,,42.74949305237809,-71.20909629531724,86829.43049999999,29629.1795,31.7,6,0,6,4,0,2012-06-24 16:12:13,2021-08-22 16:12:13,0.0,0.0,0.0,0.0,21.0,0,0,0,0,0,0,0,0,0,0,27.4,11.25,18.75,8.65,4.0
ad134528-56a5-35fd-c37f-466ff119c625,1940-12-31,,999-98-4342,S99946280,X84186192X,Mr.,Allen322,Ferry570,,,M,white,nonhispanic,M,Millis  Massachusetts  US,217 Robel Promenade,Northborough,Massachusetts,Worcester County,,42.333816171984,-71.69423255913725,3232521.0195,464013.1605,85.0,80,2,78,62,1,1941-05-16 01:24:54,2021-05-25 15:24:54,191.0,10.0,509172.74,25474.0,63.0,0,1,1,0,1,0,0,0,0,0,28.15,8.5,17.299999999999997,7.9,3.05
0b43ab26-950f-0680-3c41-f0db599d643d,1987-10-01,,999-48-7624,S99931271,X54854257X,Mr.,Shaun461,Franecki195,,,S,white,nonhispanic,M,Quincy  Massachusetts  US,821 Koelpin Boulevard Suite 36,Medford,Massachusetts,Middlesex County,2155.0,42.4666209506772,-71.11618325943618,858362.4549999998,1194.8549999999998,38.3,24,1,22,16,1,2005-11-24 16:33:23,2021-06-25 16:33:23,37.0,5.0,153.17,6007.0,58.0,0,1,0,0,1,0,0,0,0,0,24.6,9.899999999999999,18.4,7.800000000000001,4.15
60b0873c-9665-b3f0-61f4-d09ae9667a27,1947-08-16,,999-38-1741,S99920330,X19235276X,Mrs.,Nedra260,Dooley940,,Howell947,M,white,nonhispanic,F,Lanesborough  Massachusetts  US,165 Hodkiewicz Grove Suite 54,Malden,Massachusetts,Middlesex County,,42.44438588856439,-71.1289720523399,1583209.169,312873.741,78.4,91,6,85,53,5,1951-05-16 14:14:47,2021-08-21 14:14:47,80.0,5.0,2399.65,20415.0,63.0,0,1,1,0,1,0,0,0,0,0,25.5,12.1,23.700000000000003,10.05,5.75
40ef2428-c142-6e65-8e0e-0ee4098dda28,1974-09-19,,999-62-5189,S99917935,X73174301X,Ms.,Meghan514,Jacobson885,,,S,white,nonhispanic,F,Weymouth  Massachusetts  US,967 Gutkowski Light,Somerville,Massachusetts,Middlesex County,2138.0,42.39974340176581,-71.17517600043432,1384466.0999999996,488.55,51.3,20,2,17,11,1,1990-06-18 03:05:17,2021-10-22 02:02:06,6.0,2.0,8235.37,39.0,46.0,1,0,0,0,0,0,0,0,0,0,23.95,8.8,16.9,6.85,4.25
8a69ae35-07ad-e093-0162-ad02d8e1e070,2000-05-05,,999-11-2683,S99977121,X62564154X,Mr.,Dorsey40,Klein929,,,,white,nonhispanic,M,Agawam  Massachusetts  US,776 Abbott Gateway,Duxbury,Massachusetts,Plymouth County,2332.0,42.00592580615128,-70.67406624160796,541817.305,20.23499999999993,25.7,12,0,12,8,0,2003-02-15 20:32:35,2020-04-26 12:32:35,1.0,1.0,45933.12,123.0,41.0,0,0,0,0,0,0,0,0,0,0,25.8,8.1,14.600000000000001,7.65,2.7
18022a84-1fd7-ba38-3567-efbc6a50e9d4,1967-05-11,,999-72-2163,S99927017,X11327446X,Mrs.,Narcisa997,Torphy630,,Rath779,M,white,nonhispanic,F,Haverhill  Massachusetts  US,752 Cormier Common Suite 91,Dedham,Massachusetts,Norfolk County,2026.0,42.26464792872736,-71.1317289089654,2021538.209,360999.0510000001,58.6,84,0,82,46,0,1968-08-07 20:12:35,2021-09-19 15:36:02,132.0,10.0,315817.68,1818.0,73.0,0,0,0,0,0,0,0,0,0,0,24.4,9.55,16.6,8.1,4.199999999999999
70da0834-3ef3-7dfe-ad2a-8a00b5f87749,2000-04-28,,999-55-7085,S99965827,X38975870X,Ms.,Reynalda736,Metz686,,,,white,nonhispanic,F,Framingham  Massachusetts  US,189 Johns Orchard Suite 72,Stoughton,Massachusetts,Norfolk County,,42.10087710045191,-71.13767323697056,626757.5625000001,18447.3675,25.7,57,0,57,10,0,2012-05-18 14:26:59,2021-10-29 14:26:59,7.0,3.0,6051.91,28.0,91.0,0,0,0,0,0,0,0,0,0,0,27.4,11.25,18.75,8.65,4.0
73e6ab94-00b7-e78c-0f7c-a482ebf6a6f3,1964-05-09,,999-89-5447,S99974692,X45025527X,Mr.,Gus973,Roob72,,,S,white,nonhispanic,M,Mashpee Neck  Massachusetts  US,932 Moore Orchard Apt 86,Norfolk,Massachusetts,Norfolk County,,42.159766400516304,-71.29198525573409,142049.586,68690.434,61.6,48,1,47,40,1,1977-06-04 21:46:56,2021-02-06 21:46:56,137.0,5.0,599.28,29214.0,68.0,0,1,0,0,1,0,0,0,0,0,27.4,11.25,18.75,8.65,4.0
1ab85caa-724e-d796-8d77-bcaf4a295826,1979-07-02,,999-15-9615,S99943047,X41252022X,Mrs.,Casey401,Jacobi462,,Shanahan202,M,other,nonhispanic,F,Lowell  Massachusetts  US,789 Deckow Arcade,Springfield,Massachusetts,Hampden County,1128.0,42.13228880650607,-72.59526109148385,634485.337,370888.873,46.5,58,3,55,8,3,1997-08-25 20:41:27,2021-07-12 20:41:27,6.0,3.0,28211.879999999997,72.0,148.0,0,0,0,0,0,0,0,0,0,0,39.900000000000006,17.8,37.65,14.600000000000001,13.899999999999999
88d520e7-276e-65c7-1b5b-354aa27f2358,2003-08-06,,999-65-3260,S99943561,,Mr.,Stevie682,Wolff180,,,,white,hispanic,M,Weymouth  Massachusetts  US,747 Schultz Wynd,Lakeville,Massachusetts,Plymouth County,,41.84206910654075,-70.91102276111745,1122972.4149999998,164771.62500000003,22.4,106,1,105,10,1,2008-12-20 23:21:02,2021-09-29 23:21:02,3.0,3.0,41610.07,315.0,152.0,0,0,0,0,0,0,0,0,0,0,27.4,11.25,18.75,8.65,4.0
32cd9cb6-2fca-7062-98f0-020f9946a6f5,1997-12-07,,999-38-9750,S99965355,X32360540X,Mr.,Stanford577,Schoen8,,,,white,nonhispanic,M,Dartmouth  Massachusetts  US,669 Schmidt Annex Apt 66,Northbridge,Massachusetts,Worcester County,,42.121858679051215,-71.69480832874744,601603.6025,1366.5674999999997,28.1,14,1,13,7,1,2012-01-08 14:04:47,2021-09-26 14:04:47,2.0,1.0,17.47,3.0,38.0,0,0,0,0,0,0,0,0,0,0,27.4,11.25,18.75,8.65,4.0
c42fab5d-77f6-9b8a-2e33-3339cc104394,1991-02-25,,999-68-7833,S99911315,X52134439X,Mr.,Hilario934,Stracke611,,,M,white,nonhispanic,M,Wilmington  Massachusetts  US,946 White Pathway Suite 50,New Bedford,Massachusetts,Bristol County,2745.0,41.58732500215205,-71.01525679798378,28777.93,0.0,34.8,10,0,10,5,0,2009-04-21 04:47:47,2020-06-23 04:47:47,1.0,1.0,5.04,1.0,28.0,0,0,0,0,0,0,0,0,0,0,36.4,21.549999999999997,32.599999999999994,12.6,11.25
3d5f91c2-0539-37c9-0691-d2bbe28c78e3,2002-03-01,,999-20-4381,S99923610,,Ms.,Lashonda618,Klein929,,,,white,nonhispanic,F,Cambridge  Massachusetts  US,1030 Ledner Club Unit 86,Bourne,Massachusetts,Barnstable County,,41.778965690599904,-70.63844751020835,570693.255,267.765,23.8,37,3,34,10,3,2002-10-02 15:15:34,2021-04-30 15:15:34,19.0,13.0,10123.62,1200.0,57.0,0,1,0,0,0,0,0,0,0,0,27.2,11.75,18.15,9.35,3.75
a0d22ce4-8c1f-1168-5a83-aff4f79f4a1f,1989-01-07,,999-93-9172,S99977621,X53602914X,Mr.,Merlin721,Hane680,,,M,white,nonhispanic,M,Mansfield  Massachusetts  US,1079 Wiegand Alley Suite 26,Cambridge,Massachusetts,Middlesex County,2140.0,42.37442927014153,-71.09485570277836,808429.5274999999,518.3324999999998,37.0,32,0,32,16,0,2006-02-25 10:29:19,2021-05-22 10:29:19,42.0,3.0,21907.58,5579.0,70.0,0,1,0,0,1,0,0,0,0,0,23.0,7.55,16.35,6.9,3.65
7e2e283e-fef9-4061-4fa7-cf68be4a6dbf,2017-03-25,,999-28-8368,,,,Latesha830,Breitenberg711,,,,asian,nonhispanic,F,Belmont  Massachusetts  US,963 Langosh Station,Medford,Massachusetts,Middlesex County,,42.46962540167082,-71.06829867404579,125567.25,0.0,8.8,16,0,16,13,0,2017-03-25 22:15:24,2021-04-17 22:15:24,2.0,2.0,28.8,2.0,8.0,0,0,0,0,0,0,0,0,0,0,24.6,9.899999999999999,18.4,7.800000000000001,4.15
25d06c17-e5a4-02b2-a18f-67886970cefa,1969-02-02,,999-66-7856,S99937288,X41644284X,Mrs.,Illa976,Kuphal363,,Pagac496,M,black,nonhispanic,F,Webster  Massachusetts  US,497 Miller Divide Unit 37,Boston,Massachusetts,Suffolk County,2130.0,42.301326625139794,-71.13990950507957,1097057.5085000002,582015.7614999999,56.9,61,2,59,31,2,1987-03-29 23:25:12,2021-10-03 23:25:12,44.0,7.0,18974.82,11250.0,108.0,0,1,0,0,1,0,0,0,0,0,24.25,11.25,24.0,9.45,6.3
065e8a3d-b782-c088-2a17-6498d7d190bc,1996-11-01,,999-98-7243,S99957909,X88664635X,Mr.,Ezequiel972,Gulgowski816,,,,white,nonhispanic,M,Woburn  Massachusetts  US,110 Torphy Key,Braintree,Massachusetts,Norfolk County,2184.0,42.23573055977103,-71.00802046761754,620519.3399999999,12186.75,29.2,20,2,17,11,2,2010-12-03 07:30:48,2021-02-19 07:30:48,12.0,3.0,78.48,2531.0,59.0,0,1,0,0,0,0,0,0,0,0,27.4,11.25,18.75,8.65,4.0
b75fc5f1-10f0-5103-82f3-e7957a48132a,1962-04-23,,999-79-2194,S99934490,X60808386X,Ms.,Lora418,Kilback373,,,S,white,nonhispanic,F,Gill  Massachusetts  US,468 Bins Track Suite 3,Raynham,Massachusetts,Bristol County,,41.92637257942571,-71.02391936136863,3435766.8599999994,22541.46,63.7,60,3,57,38,3,1967-12-01 19:55:48,2021-04-12 19:55:48,97.0,7.0,6885.129999999999,16360.0,74.0,0,1,1,0,1,0,0,0,0,0,27.4,11.25,18.75,8.65,4.0
a4ce9a28-c676-33d4-1656-0cb7e4419883,2009-02-25,,999-31-6930,,,,Arnette709,Schamberger479,,,,white,nonhispanic,F,Upton  Massachusetts  US,183 Auer Trailer Unit 2,Northwest Harwich,Massachusetts,Barnstable County,,41.67857733912465,-70.1499308659487,232409.9575,3037.7025,16.8,26,2,23,11,2,2012-02-01 16:19:09,2021-11-03 16:19:09,4.0,4.0,21.77,4.0,20.0,0,0,0,0,0,0,0,0,0,0,26.450000000000003,11.0,17.45,8.55,3.75
df9b9e5b-c894-1879-c153-3e9df381f15b,1981-01-10,,999-60-8749,S99968145,X57643535X,Mrs.,Karma832,Klocko335,,Kohler843,M,white,hispanic,F,Springfield  Massachusetts  US,615 Frami Crossroad,Clinton,Massachusetts,Worcester County,1510.0,42.453779593526335,-71.70039210784147,421092.20550000033,790870.5445,45.0,62,3,59,10,2,1990-01-13 15:12:16,2021-11-06 12:56:01,10.0,9.0,27959.84,69.0,93.0,0,0,0,0,1,0,0,0,0,0,34.25,14.0,24.950000000000003,9.75,6.85
140c88b4-afb8-dca3-92e5-3e688aa19800,2018-05-20,,999-74-8211,,,,Terri848,Grimes165,,,,white,nonhispanic,F,Leominster  Massachusetts  US,1004 Reichert Vale Apt 38,Uxbridge,Massachusetts,Worcester County,,42.09041428864198,-71.66042427347782,92022.17,56.21999999999992,7.6,13,0,13,12,0,2018-05-20 18:51:57,2021-10-24 18:51:57,2.0,2.0,12.95,2.0,3.0,0,0,0,0,0,0,0,0,0,0,27.4,11.25,18.75,8.65,4.0
17eddffe-9412-688c-7944-65251314b1c0,1977-11-21,,999-11-9036,S99978871,X40317298X,Mr.,Orval846,Schaefer657,,,M,white,nonhispanic,M,Hull  Massachusetts  US,759 Stanton Union,Burlington,Massachusetts,Middlesex County,,42.54006071527422,-71.18436861151234,1096723.97,2199.36,48.1,18,0,18,11,0,1996-01-15 20:15:16,2021-03-29 20:15:16,17.0,2.0,28629.75,51.0,46.0,0,0,0,0,1,0,0,0,0,0,22.75,8.7,17.45,7.949999999999999,3.3
2783a318-7e6d-e3a7-fce7-2a70e66c6ba9,2006-01-27,,999-74-1908,,,,Yevette778,Tillman293,,,,white,nonhispanic,F,Amherst  Massachusetts  US,1046 Farrell Corner Unit 88,Swansea,Massachusetts,Bristol County,,41.79346953871146,-71.23548687993342,410812.7200000001,0.0,19.9,21,1,18,10,1,2006-05-16 17:16:04,2021-07-23 17:16:04,3.0,3.0,51.989999999999995,3.0,32.0,0,0,0,0,1,0,0,0,0,0,27.4,11.25,18.75,8.65,4.0
153c68e6-08e5-a751-1f6b-4439d279681d,1951-11-27,,999-95-8491,S99919171,X75482818X,Mr.,Brain142,Wuckert783,,,M,white,nonhispanic,M,Boston  Massachusetts  US,826 DuBuque Corner,Dennis,Massachusetts,Barnstable County,,41.69941683708563,-70.20731435227447,2234679.01,62377.95,74.1,124,7,117,63,6,1952-06-01 11:21:45,2021-11-09 08:14:45,255.0,10.0,403561.99,3491.0,74.0,0,0,1,0,1,0,0,0,0,0,24.9,9.65,16.549999999999997,8.65,3.2
918e387f-cb9a-ec9f-ab54-65467a4df548,1995-04-12,,999-24-9850,S99939099,X5171132X,Mr.,Frederick289,Conroy74,,,,white,nonhispanic,M,Methuen  Massachusetts  US,750 Feeney Terrace Apt 93,Boston,Massachusetts,Suffolk County,2110.0,42.216837907689886,-71.11819232668336,1458838.3199999998,1277.19,30.7,26,1,22,5,1,2000-05-07 16:58:37,2021-02-06 16:58:37,7.0,7.0,140363.16,712.0,31.0,0,0,0,0,0,0,0,0,0,0,24.25,11.25,24.0,9.45,6.3
1fe3dce8-51b2-98ed-751e-dd8f64a48fb7,1976-04-15,,999-67-4107,S99944410,X15086099X,Mr.,Martin117,Raynor401,,,M,white,nonhispanic,M,Amherst Center  Massachusetts  US,515 Cormier Village,Melrose,Massachusetts,Middlesex County,,42.445109709271854,-71.06786593216407,1074784.2799999996,204.38999999999987,49.7,29,1,28,12,1,1992-05-28 13:15:49,2021-11-04 13:15:49,2.0,2.0,21.11,2.0,39.0,0,0,0,0,1,0,0,0,0,0,23.55,8.75,16.200000000000003,7.25,3.3499999999999996
79823958-40ce-9882-a2da-9ff37be49b19,1969-07-01,,999-73-7072,S99998636,X47165432X,Mrs.,Dorathy429,Wunsch504,,Kulas532,M,black,nonhispanic,F,Boston  Massachusetts  US,686 Kshlerin Parade,Westfield,Massachusetts,Hampden County,1086.0,42.1601736750784,-72.80038240851253,1758916.6205000002,238540.4795,56.5,49,0,49,34,0,1987-08-25 17:58:04,2021-04-13 17:58:04,80.0,3.0,268.65,12887.0,66.0,0,1,0,0,0,0,0,0,0,0,32.05,13.8,24.35,9.399999999999999,5.3
177971b9-2284-1459-06de-165414d9de11,1989-10-12,,999-31-4903,S99993496,X32639231X,Mrs.,Russell422,Robel940,,Leuschke194,M,white,nonhispanic,F,Lexington  Massachusetts  US,548 Farrell Path Suite 6,North Adams,Massachusetts,Berkshire County,1247.0,42.72003691863467,-73.10576767717207,1555287.9975,197730.3825,36.2,61,3,58,14,3,2007-12-06 14:03:02,2021-08-05 14:03:02,32.0,5.0,1600.47,5346.0,216.0,0,1,0,0,0,0,0,0,0,0,34.2,17.35,25.55,10.7,6.25
57e403fc-885a-3b44-804e-a034ca08413c,1969-05-20,,999-87-1892,S99978148,X78538580X,Mr.,Marc757,Rutherford999,,,S,asian,nonhispanic,M,Hong Kong  Hong Kong Special Administrative Region  CN,434 Langworth Ville Suite 56,Boston,Massachusetts,Suffolk County,2113.0,42.32750954978397,-71.0896561823282,1289751.1775000002,12090.5325,56.6,24,1,23,15,1,1981-03-18 08:25:12,2021-06-15 08:25:12,1.0,1.0,7.22,1.0,40.0,0,0,0,0,1,0,0,0,0,0,24.25,11.25,24.0,9.45,6.3
7d5e31d3-163b-4a77-576b-1ed21adf8c09,2021-01-24,,999-61-3773,,,,Eli762,Douglas31,,,,white,nonhispanic,M,Boston  Massachusetts  US,981 Feeney Vista,Springfield,Massachusetts,Hampden County,1105.0,42.09439747542891,-72.49243251871854,27109.5,34.349999999999945,4.9,5,0,5,5,0,2021-01-24 15:05:12,2021-10-03 15:05:12,0.0,0.0,0.0,0.0,2.0,0,0,0,0,0,0,0,0,0,0,39.900000000000006,17.8,37.65,14.600000000000001,13.899999999999999
146f9020-c423-72ce-7c96-12e60f3f5910,2009-04-26,,999-25-6534,,,,Darin74,Williamson769,,,,white,nonhispanic,M,Billerica  Massachusetts  US,496 Blanda Forge Unit 90,Taunton,Massachusetts,Bristol County,,41.91273165167714,-71.07690636418579,327545.61750000005,7949.842500000001,16.7,41,2,33,11,2,2009-08-11 15:32:56,2021-05-16 15:32:56,34.0,7.0,98301.74,500.0,17.0,0,0,0,1,0,0,0,0,0,0,33.400000000000006,17.9,25.85,10.35,6.449999999999999
767e1d64-d100-a9ec-fe05-073c6857ffa8,1965-04-10,,999-11-9695,S99948686,X71590169X,Ms.,Kylee806,Rempel203,,,S,black,nonhispanic,F,Weymouth  Massachusetts  US,609 Champlin Terrace,Revere,Massachusetts,Suffolk County,,42.41390472371682,-70.97305125699572,2210637.786000001,349290.944,60.7,55,0,55,38,0,1980-05-18 02:01:19,2021-05-30 02:01:19,141.0,9.0,108444.92,1648.0,50.0,0,0,1,0,1,0,0,0,0,0,25.7,14.0,28.4,10.100000000000001,10.25
355a3cad-a055-c14b-117e-47accfc708ca,1991-01-12,,999-62-5328,S99998129,X24450449X,Mrs.,Carole948,Konopelski743,,Kulas532,M,white,nonhispanic,F,Franklin  Massachusetts  US,616 Kulas Stravenue,Cambridge,Massachusetts,Middlesex County,2472.0,42.38678045892407,-71.17782380273219,929404.801,356003.799,35.0,55,2,53,0,2,1991-02-12 03:50:32,2021-05-01 03:50:32,3.0,3.0,1568.04,36.0,131.0,0,0,0,0,0,0,0,0,0,1,23.0,7.55,16.35,6.9,3.65
e841df97-29d6-fe22-3ebc-a837d092b339,1971-04-29,,999-92-2026,S99946928,X36556404X,Mrs.,Zandra428,Kerluke267,,Huel628,M,white,nonhispanic,F,North Reading  Massachusetts  US,904 Marks Camp Suite 72,Lowell,Massachusetts,Middlesex County,1854.0,42.65839816782073,-71.3565800638384,2097055.6015,35113.7385,54.7,85,11,72,8,7,1989-06-15 13:18:15,2021-08-29 13:18:15,5.0,4.0,15436.429999999998,49.0,103.0,0,0,0,0,1,0,0,0,0,0,27.45,14.35,27.7,11.05,8.2
7683e3a1-996d-1f2a-8bca-a463ad969cc1,1958-04-04,,999-95-4370,S99967577,X37085741X,Mrs.,Luanna919,Schuppe920,,Kohler843,M,white,nonhispanic,F,Boston  Massachusetts  US,521 Conroy Crossing,Carver,Massachusetts,Plymouth County,,41.906761636670566,-70.70149031915287,1564581.0510000004,180781.949,67.7,45,1,44,23,1,1976-05-28 05:40:24,2021-06-18 05:40:24,12.0,2.0,8704.880000000001,34.0,72.0,0,0,1,0,1,0,0,0,0,0,27.4,11.25,18.75,8.65,4.0
7442e18c-ac59-805d-6140-6db8778408b5,2006-11-03,,999-36-1547,,,,Kristeen693,Paucek755,,,,other,nonhispanic,F,Sharon  Massachusetts  US,797 Nikolaus Lane Suite 38,Lowell,Massachusetts,Middlesex County,1851.0,42.6291831109308,-71.26878942957735,377244.57,659.22,19.2,16,3,13,9,3,2012-02-07 19:09:50,2021-10-28 15:09:50,5.0,5.0,113.1,7.0,15.0,0,0,0,0,0,0,0,0,0,0,27.45,14.35,27.7,11.05,8.2
e65573ba-e39e-bac4-2e49-2d3cf9a538b8,1965-06-03,,999-74-2017,S99935685,X18910084X,Ms.,Elza246,Johnson679,,,S,white,nonhispanic,F,Boston  Massachusetts  US,665 Mayert Common Apt 54,Braintree,Massachusetts,Norfolk County,2184.0,42.25200991350289,-71.04628517610672,2239357.518,406383.472,60.6,37,2,35,16,2,1983-07-28 18:31:31,2021-07-08 18:31:31,4.0,3.0,377.36,15.0,102.0,0,0,0,0,0,0,0,0,0,0,27.4,11.25,18.75,8.65,4.0
1a9659fb-0cbb-50af-d820-04a12c1b2604,2008-10-24,,999-90-4292,,,,Sylvia544,Collins926,,,,white,nonhispanic,F,Shrewsbury  Massachusetts  US,482 Collier Spur Apt 44,Lowell,Massachusetts,Middlesex County,1854.0,42.640340144488434,-71.32004511154354,167199.68999999997,0.0,17.2,19,1,18,10,1,2011-11-02 02:11:48,2021-09-05 13:11:48,2.0,2.0,12.25,2.0,13.0,0,0,0,0,0,0,0,0,0,0,27.45,14.35,27.7,11.05,8.2
58a3b04c-07b8-fd55-b008-316dbd1fe190,1984-06-09,,999-99-7021,S99977581,X29794551X,Mrs.,Carman694,Wyman904,,Kiehn525,M,white,nonhispanic,F,West Springfield  Massachusetts  US,689 Ondricka Underpass,Bedford,Massachusetts,Middlesex County,1730.0,42.45924152498501,-71.2946449685908,1350906.034,583250.8859999999,41.6,64,4,60,8,4,2002-08-03 14:05:02,2021-08-28 14:05:02,9.0,8.0,26960.2,78.0,172.0,0,0,0,0,0,0,0,0,0,0,27.4,11.25,18.75,8.65,4.0
fcf025a4-3827-2f50-d719-c8981cdffda9,1964-04-26,,999-79-6586,S99968965,X47865486X,Mr.,Tracy345,Kirlin939,,,S,white,nonhispanic,M,Lawrence  Massachusetts  US,1040 Emmerich Heights,Northbridge,Massachusetts,Worcester County,,42.10785923016278,-71.66836050841279,181042.686,70921.03400000001,61.7,30,1,29,20,1,1982-06-20 14:36:33,2021-06-06 14:36:33,1.0,1.0,33.33,1.0,58.0,0,0,0,0,1,0,0,0,0,0,27.4,11.25,18.75,8.65,4.0
03b291e7-6d3f-d687-eac7-cb46455f34e3,1938-05-16,,999-36-6068,S99995629,X25939616X,Mr.,Rudolf736,Reilly981,PhD,,M,white,nonhispanic,M,Weymouth  Massachusetts  US,576 Dare Corner Apt 25,Westwood,Massachusetts,Norfolk County,,42.23834904825631,-71.21343189484915,1943519.025000001,33800.594999999994,87.6,49,0,49,39,0,1956-07-09 04:02:52,2021-04-24 14:02:52,1.0,1.0,75.28,1.0,56.0,0,0,0,0,1,0,0,0,0,0,27.4,11.25,18.75,8.65,4.0
1f06f787-61cd-dd2d-a6b2-347507100f10,1974-07-07,,999-39-9348,S99925093,X30136080X,Mr.,Noel608,Quigley282,,,S,white,nonhispanic,M,Williamstown  Massachusetts  US,706 Baumbach Terrace,Mansfield Center,Massachusetts,Bristol County,,42.06861446397959,-71.18331512546456,1028714.0024999998,2114.4975,51.5,22,3,19,12,2,1992-08-30 11:13:02,2021-08-08 11:13:02,2.0,2.0,41.66,2.0,18.0,0,0,0,0,1,0,0,0,0,0,28.6,12.1,18.6,7.699999999999999,3.8499999999999996
22b01ffb-7537-e873-3a7c-0d6961c498d7,2018-10-29,,999-61-6244,,,,Elton404,Homenick806,,,,black,nonhispanic,M,Marlborough  Massachusetts  US,859 King Road,Middleborough,Massachusetts,Plymouth County,,41.90654157220239,-70.82643897069039,88103.03,206.22,7.2,14,0,13,11,0,2018-10-29 13:47:08,2021-10-04 13:47:08,1.0,1.0,6.6,1.0,5.0,0,0,0,0,0,0,0,0,0,0,27.4,11.25,18.75,8.65,4.0
80591a09-43a2-3933-605e-d14dd364f2c5,1996-09-05,,999-54-7963,S99925899,X50906127X,Ms.,Ciara810,Effertz744,,,,white,nonhispanic,F,Lynn  Massachusetts  US,522 Altenwerth Divide,Boston,Massachusetts,Suffolk County,2125.0,42.29539340255773,-71.03871220080076,1228658.7795,360575.8805,29.3,95,2,93,9,2,2002-08-22 11:23:32,2021-11-11 11:23:32,8.0,7.0,27035.57,245.0,139.0,0,0,0,0,1,0,0,0,0,0,24.25,11.25,24.0,9.45,6.3
f53de9cd-1222-a913-829a-08a06e9b1581,2004-06-18,,999-72-4879,S99993234,,,Tyler508,Bergnaum523,,,,white,nonhispanic,M,Holliston  Massachusetts  US,740 Goodwin Corner Apt 26,Wellesley,Massachusetts,Norfolk County,2481.0,42.2952812507903,-71.31571642094966,438602.8175,906.3225,21.5,14,1,13,10,1,2012-06-15 09:49:06,2021-08-06 09:49:06,1.0,1.0,26.05,1.0,24.0,0,0,0,0,0,0,0,0,0,0,20.299999999999997,6.449999999999999,13.2,6.75,2.7
811c2d6c-eef7-0134-6f19-d4aea9606922,1980-04-08,,999-18-7464,S99922570,X41778439X,Mr.,Floyd420,Kunze215,,,M,white,nonhispanic,M,Westford  Massachusetts  US,635 Borer Lane Unit 4,Dover,Massachusetts,Norfolk County,2030.0,42.25776077747949,-71.28144847645568,1071479.3274999997,21124.0725,45.7,44,0,43,25,0,1997-05-27 08:19:01,2021-10-12 08:19:01,70.0,5.0,14697.74,8894.0,77.0,0,1,0,0,0,0,0,0,0,0,20.75,6.05,11.850000000000001,6.9,2.25
75bae569-fca6-6a70-00fe-2910d51ddd65,1988-01-30,,999-61-5889,S99987011,X50963702X,Mr.,Jewell855,Schmidt332,,,M,white,hispanic,M,Boston  Massachusetts  US,583 Leuschke Ville Unit 51,Somerville,Massachusetts,Middlesex County,2155.0,42.40594819182724,-71.14502502773036,838124.175,1384.3049999999998,37.9,20,0,20,12,0,2006-03-25 17:10:18,2021-11-06 17:10:18,28.0,5.0,22244.62,82.0,42.0,0,0,0,0,0,0,0,0,0,0,23.95,8.8,16.9,6.85,4.25
34f26c54-34b6-ad2b-db7c-5ff818b0456c,1991-02-11,,999-58-7405,S99913802,X7702108X,Mr.,Darrel772,O'Reilly797,,,M,white,nonhispanic,M,Boston  Massachusetts  US,122 Satterfield Neck Suite 20,Brookline,Massachusetts,Norfolk County,2467.0,42.32187088270901,-71.14792226769478,808206.4425000001,1982.1675,34.9,16,2,14,6,1,1996-01-19 11:46:11,2021-02-15 17:46:11,2.0,2.0,13.36,2.0,27.0,0,0,0,0,0,0,0,0,0,0,20.85,6.35,13.55,7.0,2.95
7014a3c8-c168-7809-d981-f7f4cc181442,1966-05-22,,999-29-2584,S99978327,X81349489X,Mrs.,Noriko180,Mayert710,,Ward668,M,white,nonhispanic,F,Raynham  Massachusetts  US,1002 Grimes Key Suite 18,Wenham,Massachusetts,Essex County,,42.59576100937666,-70.87717035280096,3491927.8905000007,98696.4495,59.6,39,0,39,16,0,1971-04-05 18:24:39,2021-03-28 18:24:39,12.0,3.0,29022.43,1004.0,69.0,0,0,0,0,1,0,0,0,0,0,27.4,11.25,18.75,8.65,4.0
b67cb13c-7ae0-70a5-c1f8-9bf1af3e2ec2,1968-12-20,,999-98-9977,S99967240,X54426193X,Mrs.,Myrna889,Schroeder447,,Trantow673,M,white,nonhispanic,F,Pittsfield  Massachusetts  US,838 Wuckert Landing,Huntington,Massachusetts,Hampshire County,1050.0,42.26868307358046,-72.87659406751293,2151550.7090000003,448877.8709999999,57.0,29,0,29,15,0,1984-01-28 04:50:07,2021-01-02 04:50:07,14.0,8.0,19060.4,118.0,49.0,0,0,1,0,1,0,0,0,0,0,25.799999999999997,14.25,20.450000000000003,9.35,5.0
5e4a0309-e8c1-c58c-bb7f-208dbe06cb13,1942-05-21,,999-45-6464,S99988566,X53191950X,Mr.,Leland44,Runolfsdottir785,,,M,white,nonhispanic,M,Marlborough  Massachusetts  US,531 Lowe Lodge Suite 70,Northbridge,Massachusetts,Worcester County,,42.15452506637859,-71.6478830849531,1936730.7890000008,68595.421,83.6,50,1,49,39,1,1953-06-05 02:58:07,2021-11-05 02:58:07,1.0,1.0,14.02,1.0,61.0,0,0,0,0,1,0,0,0,0,0,27.4,11.25,18.75,8.65,4.0
4c7bbf23-68f4-86e8-c61e-1a1b1e81c4ea,1950-10-06,,999-43-6810,S99926125,X8913825X,Mr.,Ike571,Harvey63,,,M,white,nonhispanic,M,Northborough  Massachusetts  US,685 Grady Forge Suite 55,Braintree,Massachusetts,Norfolk County,,42.24478586698884,-71.01922065799296,1838037.0825,75280.7175,75.2,68,1,67,52,1,1968-11-29 08:03:07,2021-10-07 11:11:40,179.0,7.0,1820.0,39316.0,69.0,0,1,1,0,1,0,0,0,0,0,27.4,11.25,18.75,8.65,4.0
ce6fbb19-19f4-b597-7df8-8bb192f78da8,1956-09-23,,999-58-3173,S99967959,X73005810X,Mrs.,Hulda44,Reichel38,,Luettgen772,M,white,nonhispanic,F,Brockton  Massachusetts  US,497 Gusikowski Extension,Southbridge,Massachusetts,Worcester County,1550.0,42.02516392831029,-72.07909806940938,2983892.6685,187621.7215,69.3,37,1,35,21,1,1958-01-11 23:39:20,2021-09-23 14:53:11,3.0,3.0,18784.47,824.0,54.0,0,0,0,0,0,0,0,0,0,1,27.4,11.25,18.75,8.65,4.0
3a364909-94ec-e0c4-0156-8a2e15fa354e,1961-08-10,,999-32-6662,S99943606,X68078082X,Mr.,German382,Trantow673,,,M,other,nonhispanic,M,East Brookfield  Massachusetts  US,1078 Dibbert Rue,Leominster,Massachusetts,Worcester County,,42.51292124968611,-71.7450508732987,1514622.2924999995,6112.0875,64.4,65,0,65,42,0,1979-10-04 15:02:14,2021-05-27 15:02:14,113.0,5.0,404.16,16030.0,62.0,0,1,0,0,1,0,0,0,0,0,33.9,13.45,25.25,10.15,6.7
475803f3-ae29-ba8d-bdd1-25145a94eaee,1977-12-05,,999-46-6435,S99935213,X62687987X,Mr.,Cleveland582,Dach178,,,M,white,nonhispanic,M,Franklin  Massachusetts  US,794 Nienow Quay Unit 96,Stoughton,Massachusetts,Norfolk County,,42.07056023865296,-71.1440446073205,1076008.895,166.48499999999984,48.1,15,0,15,12,0,1996-01-30 00:37:30,2021-01-26 00:37:30,5.0,1.0,2757.57,47.0,39.0,1,0,0,0,1,0,0,0,0,0,27.4,11.25,18.75,8.65,4.0
6f35c499-7420-2122-d3b4-ea13cc57669d,1972-10-08,,999-77-1469,S99942107,X80656093X,Mrs.,Henriette328,Flatley871,,Fisher429,M,hawaiian,nonhispanic,F,Concord  Massachusetts  US,449 Johnson Frontage road,Whitinsville,Massachusetts,Worcester County,1588.0,42.16498942035109,-71.72152671422333,1746836.7025000004,8851.5975,53.2,36,1,35,9,1,1990-12-02 20:26:48,2021-08-15 13:55:02,7.0,7.0,38809.89,75.0,74.0,0,0,0,0,0,0,0,0,0,0,32.8,13.05,22.1,9.0,4.5
96a91c58-1099-af08-0aee-3d924cd5c7e8,1983-06-03,,999-83-1282,S99929154,X53825134X,Mrs.,Kristi306,Anderson154,,Borer986,M,black,hispanic,F,Boston  Massachusetts  US,223 Rohan Bypass Suite 95,Holyoke,Massachusetts,Hampden County,1040.0,42.1824767343802,-72.64015686034148,1271021.9379999998,219354.77199999997,42.6,125,18,106,31,10,1984-03-16 03:21:13,2021-11-13 03:25:13,91.0,13.0,187383.22,1327.0,119.0,0,0,0,0,0,0,0,0,0,0,38.5,17.3,37.05,14.1,15.0
7f571b07-f9a5-da74-3547-5f83bedcc5b7,1955-12-26,,999-66-4157,S99911839,X2532083X,Mr.,José Emilio366,Cadena322,,,M,white,hispanic,M,Wesley  Saint Andrew Parish  DM,212 Bahringer Lock Unit 83,Quincy,Massachusetts,Norfolk County,2170.0,42.28039695247209,-71.01809435589199,1603209.845,1081.725,70.0,70,13,57,20,8,1974-02-18 17:01:16,2021-11-10 17:01:16,0.0,0.0,0.0,0.0,40.0,0,0,0,0,0,0,0,0,0,0,22.85,11.1,20.55,9.75,4.9
0e78dfee-9af0-046c-39bb-33fdcb910976,1964-04-23,,999-28-6683,S99973670,X32925491X,Mr.,Carol737,Lesch175,,,M,white,nonhispanic,M,Springfield  Massachusetts  US,589 Hoeger Dale Unit 40,Bourne,Massachusetts,Barnstable County,,41.71729811235167,-70.62647859925691,2699630.2275,3440.6325,61.7,83,16,66,39,2,1965-02-09 20:01:36,2021-11-18 13:31:22,163.0,12.0,341744.8,16013.0,113.0,0,1,1,0,1,0,0,1,0,0,27.2,11.75,18.15,9.35,3.75
1e6c1763-afae-06b8-e9ec-6a3cfee72c45,2012-09-30,,999-22-9855,,,,Anderson154,Haag279,,,,white,nonhispanic,M,Hingham  Massachusetts  US,166 Jerde Pathway Suite 28,Norton,Massachusetts,Bristol County,,41.95500792494139,-71.20845413410785,226608.6675,2908.8525,13.3,27,0,26,18,0,2012-09-30 14:21:16,2021-10-03 14:21:16,1.0,1.0,5.16,1.0,9.0,0,0,0,0,0,0,0,0,0,0,27.4,11.25,18.75,8.65,4.0
5ec53533-38d5-fd93-159b-7389ffd95940,1926-07-19,,999-53-5811,S99914158,X82081492X,Mr.,Jewel43,McClure239,,,M,white,nonhispanic,M,Worcester  Massachusetts  US,745 Breitenberg Tunnel,Wakefield,Massachusetts,Middlesex County,1940.0,42.5211534903204,-71.08189990939397,2372510.1495,128214.4405,99.5,36,2,34,24,2,1944-09-11 22:34:40,2021-03-29 22:34:40,5.0,5.0,298255.25000000006,1411.0,69.0,0,0,0,0,0,0,0,0,0,0,24.25,9.25,16.6,7.449999999999999,3.3
4b0917d5-d8b8-ca5a-9bce-658885b34afe,2001-03-24,,999-35-5393,S99968500,X22307395X,Mr.,Manual570,Morissette863,,,,white,nonhispanic,M,Randolph  Massachusetts  US,665 Schulist Dam,Sandwich,Massachusetts,Barnstable County,,41.721484161981046,-70.49169414618363,505147.5475,7447.0725,24.8,18,2,16,9,2,2011-08-19 23:23:01,2021-04-04 23:21:44,3.0,1.0,19.59,3.0,38.0,0,0,0,0,0,0,0,0,0,0,25.4,9.8,16.2,8.3,3.25
03bb882e-730f-0d96-cd3d-3caee932fef6,1956-12-30,,999-34-4514,S99921326,X28910085X,Mrs.,Regenia619,Gibson10,,Batz141,M,white,nonhispanic,F,Leominster  Massachusetts  US,906 Mertz Divide Unit 26,Salisbury,Massachusetts,Essex County,1952.0,42.833122115844056,-70.87469182479106,2700908.87,156126.62999999998,69.0,39,4,35,21,4,1969-01-19 16:46:01,2021-10-03 16:46:01,10.0,7.0,47196.65,189.0,69.0,0,0,0,0,1,0,0,0,0,0,28.549999999999997,10.8,20.049999999999997,8.8,3.45
9cbf47d8-b59a-ef34-c330-77accc084c17,1934-09-09,,999-22-6740,S99919161,X12593111X,Ms.,Santina680,Kub800,,,S,white,nonhispanic,F,Brookline  Massachusetts  US,583 Smitham Passage Apt 99,Brockton,Massachusetts,Plymouth County,2351.0,42.10054837608682,-71.00325317167962,3014163.068499998,633922.9715,91.3,123,25,97,66,1,1952-11-09 15:07:05,2021-10-24 00:38:35,242.0,11.0,36473.99,50646.0,96.0,0,1,1,0,0,0,0,1,0,0,35.9,17.75,28.6,12.8,8.55
03a870d0-f88c-5cf7-538d-491923a3b57b,1956-05-15,,999-73-5086,S99994268,X33920624X,Mrs.,Clare187,Miller503,,Klocko335,M,black,nonhispanic,F,Boston  Massachusetts  US,589 Jacobs Flat,Raynham Center,Massachusetts,Bristol County,2768.0,41.889375693758176,-71.06646004422333,2984580.686500001,784523.3335,69.6,37,0,37,22,0,1961-07-19 15:08:58,2021-10-25 06:08:58,1.0,1.0,8191.44,734.0,55.0,0,0,0,0,0,0,0,0,0,0,31.3,14.55,21.6,9.35,4.5
f2308839-f572-e86e-8f29-cb0fd61e0f57,2013-08-21,,999-45-1259,,,,Ozella681,Ortiz186,,,,white,nonhispanic,F,Dracut  Massachusetts  US,726 Hills Passage,Sharon,Massachusetts,Norfolk County,2067.0,42.13302315593948,-71.22886010305844,208968.63,0.0,12.4,22,1,21,17,1,2013-08-21 17:36:35,2021-08-18 17:36:35,3.0,2.0,15.42,3.0,8.0,0,0,0,0,0,0,0,0,0,0,21.5,7.050000000000001,13.3,7.3,2.55
3ec37e85-5d7f-2ace-82cf-352d99ccdb8a,1964-12-06,,999-47-4001,S99984977,X19133706X,Mr.,Rodney21,Kohler843,,,S,asian,nonhispanic,M,Ho Chi Minh City  Gia Định  VN,395 Pollich Throughway Suite 87,Cambridge,Massachusetts,Middlesex County,2138.0,42.34764923966328,-71.08031995275532,1464022.2325000004,8666.137499999999,61.1,35,3,32,19,2,1983-01-31 00:28:21,2021-05-03 00:28:21,1.0,1.0,25.21,1.0,51.0,0,0,0,0,0,0,0,0,0,0,23.0,7.55,16.35,6.9,3.65
6d715e84-4c7a-e4a9-e8ce-6065e2607107,1999-03-12,,999-13-1931,S99980332,X36827885X,Ms.,Shonta375,Dickinson688,,,,hawaiian,nonhispanic,F,Wareham  Massachusetts  US,520 Heidenreich Path Apt 84,Newton,Massachusetts,Middlesex County,2462.0,42.31835482319641,-71.24712112446349,776222.9424999999,4226.5275,26.8,44,3,41,8,3,2012-04-06 20:42:41,2021-05-14 20:42:41,5.0,5.0,1629.34,49.0,112.0,0,0,0,0,0,0,0,0,0,0,21.35,6.7,14.8,7.25,2.7
56cfe6a5-4835-d925-fd7a-84faf11306f0,1969-12-27,,999-16-7101,S99994613,X43367999X,Mr.,Matthew562,O'Connell601,,,M,white,nonhispanic,M,Whitman  Massachusetts  US,777 Bergstrom Haven,Norton,Massachusetts,Bristol County,,41.95276795634452,-71.219056752687,1311371.65,8546.01,56.0,27,1,26,20,1,1984-01-28 21:50:01,2021-03-06 21:50:01,41.0,4.0,25027.02,4619.0,58.0,1,1,0,0,1,0,0,0,0,0,27.4,11.25,18.75,8.65,4.0
c2786fee-2b45-56cd-f36c-96ad2ce9ab01,1951-11-01,,999-74-2353,S99941285,X45062570X,Mr.,Bernard308,Walsh511,,,M,white,nonhispanic,M,Fitchburg  Massachusetts  US,313 Zboncak Mission,Everett,Massachusetts,Middlesex County,,42.44660338164088,-71.04308562650996,2744802.4355,30073.834500000004,74.2,92,2,90,51,2,1952-04-22 10:39:53,2021-10-14 10:39:53,147.0,10.0,149830.12,21512.0,58.0,0,1,0,0,0,0,0,0,0,0,30.95,16.05,29.0,11.3,10.149999999999999
9a89902c-ba23-e035-51fc-1dd6285e6309,1976-08-02,,999-91-1078,S99940391,X17170526X,Mrs.,Trisha327,Murray856,,Ledner144,M,white,nonhispanic,F,Newton  Massachusetts  US,751 Altenwerth Ferry Suite 32,Weymouth,Massachusetts,Norfolk County,,42.23900913051583,-70.92107764350064,2199824.4020000007,181552.888,49.4,26,2,24,12,1,1977-02-17 23:53:28,2021-05-24 05:53:28,2.0,2.0,3243.11,545.0,38.0,0,0,0,0,1,0,0,0,0,0,27.4,11.25,18.75,8.65,4.0
3a240793-dc26-8138-00da-bdff02591677,1950-09-22,,999-97-6651,S99979390,X26059821X,Mrs.,Voncile324,Schultz619,,Abshire638,M,white,nonhispanic,F,Arlington  Massachusetts  US,1047 Heathcote Quay,Malden,Massachusetts,Middlesex County,,42.44349215621197,-71.08459932647409,2491958.596999999,213310.353,75.3,42,0,42,28,0,1951-10-04 02:12:01,2021-03-26 08:12:01,3.0,2.0,145.2,3.0,54.0,0,0,0,0,1,0,0,0,0,0,25.5,12.1,23.700000000000003,10.05,5.75
d29560ea-5e1b-99a1-1beb-e8dd19b67468,1961-10-25,,999-65-2973,S99938214,X48390913X,Mr.,Sherwood961,Glover433,,,M,white,nonhispanic,M,Westford  Massachusetts  US,1089 Ruecker Track Unit 24,Dedham,Massachusetts,Norfolk County,2026.0,42.21559393720433,-71.26255309692165,1576848.3225,1271.9175,64.2,57,3,54,42,3,1979-12-19 14:17:49,2021-08-11 14:17:49,99.0,3.0,325.44,15813.0,57.0,0,1,1,0,0,0,0,0,0,0,24.4,9.55,16.6,8.1,4.199999999999999
c8448d6d-50cc-98e8-ceb0-7f7babf8c8c3,1970-01-14,,999-81-4027,S99926054,X13456869X,Mr.,Luciano237,Bode78,,,M,white,nonhispanic,M,Braintree  Massachusetts  US,940 Murphy Tunnel Unit 39,Fairhaven,Massachusetts,Bristol County,,41.61238275149636,-70.86457232919582,1337134.3,10817.61,56.0,46,1,44,37,1,1983-02-09 15:24:35,2021-09-15 15:24:35,41.0,5.0,872.8100000000001,12320.0,78.0,0,1,0,0,1,0,0,0,0,0,27.4,11.25,18.75,8.65,4.0
8daa23b6-137c-abd3-58c8-da0f70b98143,2015-03-31,,999-82-4846,,,,Elenora790,Buckridge80,,,,white,nonhispanic,F,Falmouth  Massachusetts  US,716 Medhurst Walk Unit 96,Plymouth,Massachusetts,Plymouth County,,41.861444974225904,-70.5928697290944,185855.78,206.22,10.8,19,1,18,15,1,2015-04-01 01:06:49,2021-10-09 01:06:49,5.0,3.0,82.47,5.0,10.0,0,0,0,0,0,0,0,0,0,0,29.8,13.4,20.85,9.25,4.65
1293efbb-72dc-8b15-3bd6-916f96ed54f4,1959-10-18,,999-73-1445,S99971978,X3223002X,Mr.,Chauncey770,Jones311,,,M,white,nonhispanic,M,Framingham  Massachusetts  US,786 Sipes Gate,Franklin,Massachusetts,Norfolk County,,42.1000243395544,-71.39827990012668,1535479.895,14816.295000000002,66.2,42,1,40,27,1,1977-12-11 08:04:03,2021-07-11 08:04:03,63.0,5.0,224069.03,14062.0,64.0,1,1,0,0,1,0,0,0,0,0,27.4,11.25,18.75,8.65,4.0
b84e121c-8ce7-a6e9-9c45-f6867bcb757d,1988-01-31,,999-98-9736,S99950937,X11006825X,Mr.,Darrell400,Pollich983,,,M,white,nonhispanic,M,Middleton  Massachusetts  US,968 Kling Avenue Apt 51,Cambridge,Massachusetts,Middlesex County,2141.0,42.38446594212043,-71.10638263620001,1659964.8725,4667.0175,37.9,35,1,34,16,1,1988-10-01 17:57:54,2021-06-06 10:57:54,39.0,5.0,226595.98,1083.0,77.0,0,0,0,1,1,0,0,0,0,0,23.0,7.55,16.35,6.9,3.65
1376b3c5-6250-0dcb-0a6d-d9c595a1e167,1987-05-29,,999-98-7891,S99958603,X61971934X,Mr.,Keneth579,Kozey370,,,M,white,nonhispanic,M,Westford  Massachusetts  US,811 Ferry Route Unit 47,Westfield,Massachusetts,Hampden County,,42.11142707845035,-72.78360581443235,830892.5675,2638.0725,38.6,12,0,12,7,0,1993-12-12 19:10:09,2021-08-13 20:10:09,1.0,1.0,6.23,1.0,29.0,0,0,0,0,1,0,0,0,0,0,32.05,13.8,24.35,9.399999999999999,5.3
be11f8fe-52e4-7748-8835-1f2435aeb7db,2020-04-28,,999-28-9940,,,,Reynaldo722,Koch169,,,,white,nonhispanic,M,Littleton  Massachusetts  US,1000 Kovacek Heights Apt 27,Lynn,Massachusetts,Essex County,1940.0,42.48331486714837,-71.00731561745683,44472.3425,65.5874999999999,5.7,10,0,10,8,0,2020-04-28 17:06:48,2021-10-05 17:06:48,2.0,2.0,8.32,2.0,4.0,0,0,0,0,0,0,0,0,0,0,33.849999999999994,14.649999999999999,32.0,12.0,11.9
eb2f8ba1-fd23-fdbb-dbe3-484a3d58244e,1913-06-22,,999-98-7216,S99949779,X72129908X,Mrs.,Claude750,Nikolaus26,,Mills423,M,white,nonhispanic,F,Bridgewater  Massachusetts  US,971 Schoen Green,Chesterfield,Massachusetts,Hampshire County,,42.42153627699343,-72.87623969635767,2919032.919000001,355508.37100000004,112.5,122,4,118,61,4,1931-08-17 04:30:47,2021-09-16 04:30:47,66.0,8.0,5870.73,651.0,77.0,0,0,1,0,1,0,0,0,0,1,27.4,11.25,18.75,8.65,4.0
b8c195d4-0396-fb84-3aa2-57dd23ff5a23,1977-12-09,,999-40-9663,S99955723,X30665475X,Mr.,Alexander630,Kovacek682,,,S,black,nonhispanic,M,Cambridge  Massachusetts  US,722 Bailey Harbor,Franklin,Massachusetts,Norfolk County,2038.0,42.06976215023855,-71.42968998825427,1104770.7675,1647.2624999999998,48.1,33,1,32,26,1,1996-02-02 17:06:17,2021-06-25 17:06:17,31.0,4.0,71.61,309.0,55.0,0,1,0,0,1,0,0,0,0,0,27.4,11.25,18.75,8.65,4.0
55c5b8d3-99d0-58ad-8444-e42bb81bd5c7,1941-12-04,,999-66-7084,S99966939,X49125805X,Mr.,Jospeh459,Gerhold939,,,S,white,nonhispanic,M,Fitchburg  Massachusetts  US,161 Eichmann Grove Suite 84,Fall River,Massachusetts,Bristol County,2721.0,41.70920136168101,-71.02465430438798,12641788.6025,91344.6075,84.1,412,23,201,55,23,1953-12-24 22:59:05,2021-11-18 22:59:05,825.0,7.0,205604.42,19030.0,801.0,1,1,1,0,0,0,1,0,0,0,35.25,21.450000000000003,30.799999999999997,11.85,9.0
7a929240-2387-1d5c-664b-d643ee18bb39,1993-11-20,,999-12-3972,S99939736,X51986702X,Mrs.,Felicitas300,Kovacek682,,Lebsack687,M,white,nonhispanic,F,Deerfield  Massachusetts  US,953 Christiansen Avenue Unit 32,Gloucester,Massachusetts,Essex County,1930.0,42.63390757656983,-70.67942527752813,958998.4684999998,321695.5815,32.1,73,4,69,4,4,2011-07-30 02:21:05,2021-10-09 19:21:05,7.0,6.0,7054.7,141.0,192.0,0,0,0,0,0,0,0,0,0,0,30.15,12.95,22.9,9.5,4.5
423a9252-21e3-6141-4207-46a9066fd7f4,2020-12-14,,999-94-4527,,,,Pam996,Kris249,,,,black,nonhispanic,F,Boston  Massachusetts  US,343 McKenzie Trail,Revere,Massachusetts,Suffolk County,,42.44777352506388,-71.0379710839183,3173.6035000000006,3298.4665,5.0,5,0,5,5,0,2020-12-15 02:23:37,2021-08-24 02:23:37,0.0,0.0,0.0,0.0,1.0,0,0,0,0,0,0,0,0,0,0,25.7,14.0,28.4,10.100000000000001,10.25
dfb2da7f-ed8b-1d6e-504e-db4ace36cee5,1983-12-14,,999-71-3984,S99929906,X15615907X,Mr.,Tyson541,Bailey598,,,M,white,nonhispanic,M,Bellingham  Massachusetts  US,627 Hermann Hollow,Wayland,Massachusetts,Middlesex County,,42.407529818684,-71.38310678474792,958548.3574999996,969.7724999999998,42.0,25,1,24,20,1,2002-02-06 21:28:05,2021-10-06 21:28:05,21.0,2.0,159.74,7232.0,55.0,0,1,0,0,0,0,0,0,0,0,27.4,11.25,18.75,8.65,4.0
01f8bbfd-cfc6-3b97-8bc1-8da6f0b4a9a8,2011-01-15,,999-70-7412,,,,Eustolia154,Barton704,,,,white,nonhispanic,F,Boston  Massachusetts  US,359 Schmitt Track Unit 80,Somerville,Massachusetts,Middlesex County,2155.0,42.45145234490646,-71.09535444111344,261963.635,90.88499999999996,15.0,35,0,32,14,0,2011-08-30 13:45:07,2021-11-10 23:45:07,8.0,6.0,45050.259999999995,254.0,6.0,0,0,0,0,0,0,0,0,0,0,23.95,8.8,16.9,6.85,4.25
92895f1d-3f61-fc09-a300-e3e533a25592,1974-06-05,,999-23-5390,S99990789,X64916399X,Mrs.,Bea654,Rice937,,Glover433,M,white,nonhispanic,F,Brockton  Massachusetts  US,650 Gutmann Club Suite 12,Bridgewater,Massachusetts,Plymouth County,,41.9720001639274,-71.00694865447096,1733526.6005000002,259886.08949999997,51.6,56,0,56,29,0,1992-07-29 19:14:50,2021-03-31 19:14:50,104.0,8.0,20781.329999999998,21861.0,64.0,0,1,0,0,1,0,0,0,0,0,27.4,11.25,18.75,8.65,4.0
418c6a4c-1615-cba9-80b3-ac2901f4c07f,1950-09-18,,999-82-2148,S99982318,X73927817X,Ms.,Laurine214,Cronin387,,,S,white,nonhispanic,F,Quincy  Massachusetts  US,957 Fay Gateway,Foxborough,Massachusetts,Norfolk County,,42.09017477895209,-71.26399650156455,2659399.854,755510.266,75.3,57,1,55,20,1,1968-11-11 10:49:12,2021-10-10 10:49:12,32.0,4.0,7150.12,787.0,45.0,0,0,0,0,1,0,0,0,0,0,24.55,9.649999999999999,15.95,7.85,3.7
792a51c0-a2a4-ee26-c23c-7cb24f8a0e35,1969-05-05,,999-85-9578,S99980583,X49093846X,Mr.,Pasquale620,Kuhn96,,,M,white,nonhispanic,M,Peabody  Massachusetts  US,225 Blanda Road,Dracut,Massachusetts,Middlesex County,,42.7263938517059,-71.28735035701116,1304025.9700000002,1822.5,56.7,19,0,19,16,0,1985-06-17 06:35:08,2021-05-17 06:35:08,13.0,5.0,8297.78,262.0,31.0,0,0,1,0,1,0,0,0,0,0,27.4,11.25,18.75,8.65,4.0
92f5789e-9175-3815-b189-654c2671d19b,2013-12-15,,999-11-3736,,,,Ping698,Abbott774,,,,white,nonhispanic,F,Wareham  Massachusetts  US,400 Orn Landing,Braintree,Massachusetts,Norfolk County,2184.0,42.23841747894714,-71.02434193794184,195503.1325,4538.4975,12.0,21,2,19,16,2,2013-12-15 23:15:38,2020-12-06 23:15:38,2.0,2.0,21.78,2.0,10.0,0,0,0,0,0,0,0,0,0,0,27.4,11.25,18.75,8.65,4.0
cf49b901-a4fe-9b9d-fd42-45b1fdcdd55e,1988-10-18,,999-86-1475,S99956549,X37769192X,Mrs.,Lila466,Weber641,,McLaughlin530,M,white,nonhispanic,F,Natick  Massachusetts  US,1052 Marvin Orchard Suite 29,Hopedale,Massachusetts,Worcester County,1747.0,42.16104296697546,-71.52679884890459,459578.98,0.0,37.2,28,1,26,6,1,2005-03-18 11:09:06,2021-11-09 11:09:06,5.0,5.0,17615.149999999998,40.0,68.0,0,0,0,0,0,0,0,0,0,0,30.200000000000003,10.5,19.2,8.15,3.55
c518abbe-9695-1b3a-3173-305ff9bb6150,1965-08-29,,999-73-4200,S99988117,X2596805X,Ms.,Lesa839,Price929,,,S,white,hispanic,F,Lowell  Massachusetts  US,633 Sawayn Rue,Winchendon,Massachusetts,Worcester County,1475.0,42.62724856359111,-72.08402740001874,2109629.549,165529.391,60.3,53,2,51,39,2,1977-09-19 00:49:21,2021-05-24 00:49:21,128.0,6.0,4899.219999999999,28252.0,57.0,0,1,0,0,1,0,0,0,0,0,35.3,16.15,26.5,10.600000000000001,5.4
a24ffe4b-09c7-3855-e3b3-0b2983c73077,1990-11-20,,999-36-4153,S99938233,X87304005X,Mrs.,Ivory697,Mueller846,,Lueilwitz711,M,asian,nonhispanic,F,Holyoke  Massachusetts  US,386 Fay Vale Suite 2,Brookline,Massachusetts,Norfolk County,2215.0,42.35531398893225,-71.08311321703266,155289.49200000006,1015730.348,35.1,44,3,41,4,3,2009-01-14 02:27:56,2021-11-03 02:27:56,5.0,4.0,8572.05,49.0,149.0,0,0,0,0,0,0,0,0,0,0,20.85,6.35,13.55,7.0,2.95
d31bde96-deb4-7a7b-7a10-8a06cd0c3472,1999-04-05,,999-98-7968,S99915137,X52246855X,Mr.,Reyes140,Witting912,,,,asian,nonhispanic,M,East Longmeadow  Massachusetts  US,846 Reichel Fork,Hudson,Massachusetts,Middlesex County,,42.39696107839465,-71.55082845416437,561750.8,2922.2700000000004,26.7,20,0,20,10,0,2012-04-30 14:26:35,2021-06-28 14:26:35,10.0,2.0,33.41,1691.0,50.0,0,1,0,0,0,0,0,0,0,0,25.700000000000003,11.45,19.25,8.3,4.6
70c444f6-2f20-e9c3-0c1c-13fab72f9a4a,1957-07-10,,999-74-5226,S99912015,X20517205X,Ms.,Marilu588,Upton904,,,S,white,nonhispanic,F,Boston  Massachusetts  US,577 Stracke Divide,West Springfield,Massachusetts,Hampden County,,42.16148779121109,-72.62837892830575,3081893.948000001,326077.542,68.5,44,1,43,23,1,1958-10-13 02:12:23,2021-09-30 00:12:23,1.0,1.0,4.84,1.0,60.0,0,0,0,0,1,0,0,0,0,0,27.4,11.25,18.75,8.65,4.0
219ddc63-11fe-e940-aa69-0e1bdd131e08,1994-08-02,,999-13-3696,S99996833,X25963051X,Mrs.,Allyson474,Gibson10,,Douglas31,M,white,nonhispanic,F,Sandwich  Massachusetts  US,621 Aufderhar Crossing Unit 97,Attleboro,Massachusetts,Bristol County,,41.91730688557364,-71.3344630787899,1727785.2599999995,4702.049999999999,31.4,74,5,67,10,5,1995-04-30 06:33:56,2021-11-16 05:14:56,57.0,13.0,186824.52,872.0,128.0,0,0,0,0,0,0,0,0,0,0,31.4,15.2,23.45,9.65,5.65
72b71d33-b242-8f86-7ce0-198b3dfd3bf1,1948-06-28,,999-49-4855,S99989334,X71003317X,Mrs.,Thresa531,Mante251,,Wehner319,M,white,nonhispanic,F,Stoneham  Massachusetts  US,134 Borer Bypass,Brockton,Massachusetts,Plymouth County,2351.0,42.07641598397418,-70.99659033841056,3833526.6570000006,166938.13300000006,77.5,58,2,56,31,2,1949-07-26 02:20:01,2021-11-08 21:50:01,11.0,2.0,20.689999999999998,121.0,62.0,0,0,0,0,1,0,0,0,0,0,35.9,17.75,28.6,12.8,8.55
0d61d17e-51a7-9590-3dc4-5aa410968b17,1992-04-22,,999-42-3556,S99987171,X74199653X,Mr.,Peter292,Lynch190,,,M,white,nonhispanic,M,Dartmouth  Massachusetts  US,1086 Wisoky Dam,Rockland,Massachusetts,Plymouth County,,42.11331081971777,-70.916043344519,772353.0349999998,2916.2850000000003,33.7,14,0,14,12,0,2010-06-16 13:41:06,2021-08-18 13:41:06,12.0,1.0,83.58,4179.0,49.0,0,1,0,0,1,0,0,0,0,0,27.4,11.25,18.75,8.65,4.0
964576b0-7527-b34a-d7c8-37cee9f6e396,2005-05-07,,999-67-6025,S99928897,,,Yuriko393,Rogahn59,,,,white,nonhispanic,F,East Douglas  Massachusetts  US,107 Becker Loaf Suite 96,South Amherst,Massachusetts,Hampshire County,,42.32900762101156,-72.53372615235999,415058.246,144624.28400000004,20.7,24,2,22,10,2,2012-04-28 05:05:30,2021-11-13 05:05:30,7.0,6.0,866.03,20.0,53.0,0,0,1,0,0,0,0,0,0,0,27.4,11.25,18.75,8.65,4.0
f99e1c5e-40c9-aa06-3e00-f2d944dc3ae0,1944-11-18,,999-72-6116,S99984117,X69071962X,Mrs.,Geri861,Padberg411,,Moore224,M,white,nonhispanic,F,Newton  Massachusetts  US,152 Hilpert Junction,South Deerfield,Massachusetts,Franklin County,1373.0,42.48401998832816,-72.59713485962035,2677158.173,278013.867,81.1,98,16,82,28,8,1952-02-13 23:58:35,2021-11-04 01:58:35,16.0,1.0,4.16,190.0,48.0,0,0,0,0,1,0,0,0,0,0,25.15,11.35,18.85,8.600000000000001,4.1
aa2f41c3-412f-6635-26df-de6f46013766,1966-06-22,,999-92-4686,S99988679,X57937607X,Mrs.,Chanel977,Emmerich580,,Connelly992,M,white,nonhispanic,F,Shrewsbury  Massachusetts  US,634 Aufderhar Common,Weymouth,Massachusetts,Norfolk County,2190.0,42.16226603059081,-70.9760299426597,2093583.9925,795871.2075,59.5,65,5,60,36,3,1984-08-22 22:16:35,2021-06-22 22:45:28,44.0,7.0,9841.28,13317.0,98.0,0,1,0,0,1,0,0,0,0,0,27.4,11.25,18.75,8.65,4.0
f7f16284-7947-c5d0-9d50-d5e51e082888,2002-04-08,,999-49-2181,S99977632,,Ms.,Sherley266,Dare640,,,,white,nonhispanic,F,Framingham  Massachusetts  US,849 Hermiston Viaduct,Marshfield,Massachusetts,Plymouth County,2050.0,42.15560751914845,-70.70897030207229,464032.7605,42137.0595,23.7,18,0,18,10,0,2012-04-16 12:40:05,2021-09-10 12:40:05,2.0,2.0,944.64,24.0,49.0,0,0,0,0,0,0,0,0,0,0,27.75,10.25,16.9,8.399999999999999,3.4000000000000004
402e86ae-4bab-2990-e3e5-af591cb87f6e,1981-03-10,,999-17-1058,S99979439,X43055952X,Mr.,Carrol931,Bogisich202,,,M,white,nonhispanic,M,Worcester  Massachusetts  US,835 Kuvalis Trail Unit 48,Northampton,Massachusetts,Hampshire County,,42.27553776563769,-72.6275149551359,1074209.63,20685.09,44.8,39,2,37,23,2,1999-05-04 12:40:20,2021-09-07 12:40:20,28.0,5.0,284.78,8245.0,72.0,0,1,0,0,0,0,0,0,0,0,23.5,9.9,17.15,8.2,4.199999999999999
d66b5418-06cb-fc8a-8c13-85685b6ac939,1997-06-11,,999-69-9126,S99919339,X55548446X,Mr.,Milton509,Ortiz186,,,,white,nonhispanic,M,West Boylston  Massachusetts  US,769 Pfeffer Heights Unit 14,Somerville,Massachusetts,Middlesex County,,42.40326153081691,-71.09808797673722,575544.1849999999,335.5649999999999,28.6,19,1,18,11,0,2010-07-07 20:36:45,2021-09-08 20:36:45,11.0,5.0,293.82,2330.0,92.0,0,1,0,0,0,0,0,0,0,0,23.95,8.8,16.9,6.85,4.25
84fee56a-9ef7-8cff-e7d3-526ece562d87,1953-09-21,,999-26-8533,S99982247,X59548608X,Mr.,Dewitt635,Bernier607,,,M,asian,nonhispanic,M,Hong Kong  Hong Kong Special Administrative Region  CN,967 Funk Dam Unit 96,Somerville,Massachusetts,Middlesex County,2138.0,42.40829822396104,-71.11473807741243,1715639.1049999995,24056.905,72.3,39,1,38,21,1,1971-11-16 01:25:11,2021-11-11 06:23:11,38.0,6.0,30171.61,112.0,63.0,0,0,0,0,1,0,0,0,0,0,23.95,8.8,16.9,6.85,4.25
bde529cd-a87e-f646-6b7d-d0370a097d70,2012-04-30,,999-68-8044,,,,Lance203,Daugherty69,,,,white,nonhispanic,M,Taunton  Massachusetts  US,716 McDermott Meadow Unit 55,Attleboro,Massachusetts,Bristol County,2861.0,41.84018999644242,-71.31465911861082,241722.295,904.815,13.7,26,2,23,18,2,2012-04-30 04:33:09,2021-05-18 06:15:09,4.0,4.0,52.08,4.0,14.0,0,0,0,0,0,0,0,0,0,0,31.4,15.2,23.45,9.65,5.65
1037e617-a1f1-fe6c-6204-815c28293a22,2004-08-16,,999-15-1760,S99936169,,,Jude172,Kerluke267,,,,white,nonhispanic,M,Worcester  Massachusetts  US,867 Kautzer Trace Suite 89,Weymouth,Massachusetts,Norfolk County,2191.0,42.26885888251966,-70.95853507991151,445903.1,0.0,21.4,16,0,16,10,0,2012-08-13 19:37:11,2021-10-04 19:37:11,2.0,1.0,18.57,2.0,31.0,0,0,0,0,0,0,0,0,0,0,27.4,11.25,18.75,8.65,4.0
9d403f74-9f2a-894d-468b-268f08189ab4,1996-04-16,,999-99-7586,S99960871,X73808823X,Ms.,Kizzie166,Hickle134,,,,white,nonhispanic,F,Chicopee  Massachusetts  US,548 Kohler Knoll Apt 30,Lawrence,Massachusetts,Essex County,,42.71989227475517,-71.19502817299745,217257.91,0.0,29.7,19,1,18,7,1,2010-05-18 09:50:38,2021-06-22 09:50:38,7.0,6.0,9126.91,70.0,37.0,0,0,0,0,0,0,0,0,0,0,37.35,14.6,38.95,14.45,18.75
5cd20da5-2f01-b94a-07fb-173648c58460,1944-08-19,,999-16-3356,S99980960,X72610632X,Mrs.,Sammie902,Mosciski958,,Anderson154,M,white,nonhispanic,F,Holliston  Massachusetts  US,896 Ledner Glen,Plymouth,Massachusetts,Plymouth County,2360.0,41.853295366471066,-70.63014538209393,2677819.988,559129.252,81.4,63,2,61,35,2,1962-10-14 01:57:50,2021-03-21 01:57:50,16.0,5.0,50882.049999999996,1104.0,72.0,0,0,0,0,1,0,0,0,0,1,29.8,13.4,20.85,9.25,4.65
0bbf4179-5526-b01d-b1b3-11a0f9742e3a,1981-07-05,,999-40-5730,S99963834,X34611703X,Mr.,Lazaro919,Greenfelder433,,,M,white,nonhispanic,M,Fall River  Massachusetts  US,871 Rempel Bypass,Quincy,Massachusetts,Norfolk County,2170.0,42.28313467483782,-70.99718421758945,126719.53400000004,44641.14599999999,44.5,11,2,9,8,2,1999-08-29 08:22:19,2021-07-11 08:22:19,1.0,1.0,15.76,1.0,26.0,0,0,0,0,0,0,0,0,0,0,22.85,11.1,20.55,9.75,4.9
863410e4-cd33-2f03-47b6-01fa2bc39753,2002-05-31,,999-55-4685,S99918843,,Ms.,Renee555,Hilll811,,,,asian,nonhispanic,F,Chongqing  Chongqing Municipality  CN,748 Greenholt Loaf Unit 79,Springfield,Massachusetts,Hampden County,1103.0,42.12056886661321,-72.53205568248278,1217819.5625,11625.3075,23.6,124,5,115,15,5,2002-12-12 18:02:17,2021-08-27 19:02:17,50.0,13.0,265605.59,944.0,129.0,0,0,0,1,0,0,0,0,0,0,39.900000000000006,17.8,37.65,14.600000000000001,13.899999999999999
38f38890-b80f-6542-51d4-882c7b37b0bf,1941-01-11,,999-89-5652,S99970404,X82459872X,Mr.,Napoleon578,Fay398,,,S,white,nonhispanic,M,Walpole  Massachusetts  US,182 McDermott Club Unit 86,Waltham,Massachusetts,Middlesex County,2453.0,42.37942821208728,-71.28636951146525,1979068.732,47025.298,85.0,109,1,108,61,1,1959-01-26 19:07:50,2021-08-15 14:07:50,169.0,7.0,885.42,24128.0,72.0,0,1,0,0,1,0,0,0,0,0,24.65,9.55,19.15,7.8,5.1
f4e9db02-4f07-2d07-f7f3-fc01c45454d1,1960-03-31,,999-30-8705,S99914229,X26284052X,Mrs.,Dara636,Hills818,,Simonis280,M,white,nonhispanic,F,Westminster  Massachusetts  US,668 Dare Route Apt 98,New Bedford,Massachusetts,Bristol County,2740.0,41.64027199431455,-70.93492473979907,819863.1095000003,18605.1705,65.8,22,0,22,14,0,1966-08-12 12:33:49,2021-06-03 12:33:49,0.0,0.0,0.0,0.0,60.0,0,0,0,0,1,0,0,0,0,0,36.4,21.549999999999997,32.599999999999994,12.6,11.25
86b4e80a-13f8-e14b-cf3f-9000cc0e96b5,1979-06-23,,999-89-9390,S99927264,X63604556X,Mr.,Scottie437,Fritsch593,,,S,white,nonhispanic,M,Amherst  Massachusetts  US,216 Gottlieb View Unit 55,Carver,Massachusetts,Plymouth County,,41.86278215005379,-70.73914515047652,64731.71000000001,0.0,46.5,34,2,31,24,1,1997-08-16 12:52:42,2021-05-08 12:52:42,77.0,4.0,377.63,17985.0,54.0,0,1,0,0,0,0,0,0,0,0,27.4,11.25,18.75,8.65,4.0
9188198b-4f9b-8648-3609-37465be0a144,1972-08-07,,999-22-6498,S99984003,X17506109X,Ms.,Melodi744,Hessel84,,,S,white,nonhispanic,F,Nantucket  Massachusetts  US,613 Nicolas Track,Holyoke,Massachusetts,Hampden County,,42.25851555268133,-72.63464520743254,564859.527,426954.6429999999,53.4,18,0,18,8,0,1990-10-01 18:12:39,2021-01-25 18:12:39,2.0,2.0,79.35,2.0,36.0,0,0,0,0,1,0,0,0,0,0,38.5,17.3,37.05,14.1,15.0
ccfc4db2-2026-7adb-3db0-33f3828140bb,1976-06-06,,999-19-3890,S99983305,X29510904X,Mr.,Abe604,Schmidt332,,,M,white,nonhispanic,M,Worcester  Massachusetts  US,768 Mertz Camp,Peabody,Massachusetts,Essex County,1940.0,42.53488867467872,-70.9597319140293,1142154.2775,1974.8925,49.6,38,1,36,27,1,1994-07-31 05:20:43,2021-09-26 12:20:43,49.0,4.0,33000.81,378.0,44.0,0,1,0,0,1,0,0,0,0,0,29.25,12.25,23.05,9.15,5.25
5b0609a7-49e8-65b4-dc32-9edc8301c646,1989-09-05,,999-28-1194,S99960333,X86472494X,Ms.,Olimpia983,Rolfson709,,,S,white,nonhispanic,F,Wilmington  Massachusetts  US,510 Kemmer Drive,Chelmsford,Massachusetts,Middlesex County,,42.60040480640773,-71.41847687188817,1008793.35,69835.28999999996,36.3,64,3,58,11,3,2007-10-30 23:35:02,2021-11-02 23:35:02,40.0,7.0,41554.02,141.0,186.0,0,0,0,0,0,0,0,0,0,0,27.4,11.25,18.75,8.65,4.0
7673112e-f252-3c46-a7e7-ac1e1fe3fa45,1994-08-29,,999-79-6206,S99986638,X27992836X,Mr.,Roosevelt595,Turner526,,,M,asian,nonhispanic,M,Billerica  Massachusetts  US,775 Legros Way Unit 65,Boston,Massachusetts,Suffolk County,2467.0,42.31684514125598,-71.0932824663028,496445.75000000006,3171.9299999999994,31.3,19,0,18,9,0,2012-10-22 13:12:16,2021-07-26 13:12:16,17.0,3.0,12655.58,49.0,51.0,0,0,0,0,0,0,0,0,0,0,24.25,11.25,24.0,9.45,6.3
407ef75b-0a9c-ec23-60e5-c90ba86e27af,1952-10-28,,999-92-6496,S99983411,X56952612X,Mr.,Brice635,Stark857,,,M,white,nonhispanic,M,Boston  Massachusetts  US,360 Farrell Bridge Suite 94,Greenfield,Massachusetts,Franklin County,,42.62424370725397,-72.6006362884395,1762864.6550000005,8470.185,73.2,114,5,108,52,3,1966-11-24 21:54:04,2021-10-20 19:54:04,179.0,7.0,1510.71,37825.0,45.0,0,1,0,0,1,0,0,0,0,0,27.4,14.4,23.15,9.85,5.75
d362f4e5-244f-cf80-f2d5-25bcd2c97785,1974-08-09,,999-92-6588,S99923071,X48435353X,Mrs.,Lorinda137,Rosenbaum794,,Murphy561,M,asian,nonhispanic,F,Busan  Busan  KR,206 Denesik Well,Natick,Massachusetts,Middlesex County,,42.26261315327767,-71.39047527857201,1347239.9185,100691.0515,51.4,26,1,25,12,1,1989-09-14 00:56:30,2021-09-11 00:30:24,8.0,2.0,24.04,1221.0,42.0,1,1,0,0,1,0,0,0,0,0,27.4,11.25,18.75,8.65,4.0
c90a6e66-0199-98db-346c-c8efb2ba8ccf,1987-08-25,,999-11-8154,S99971179,X39981981X,Mr.,Jerrell6,Fahey393,,,S,black,nonhispanic,M,Lowell  Massachusetts  US,797 Ernser Promenade,Boston,Massachusetts,Suffolk County,,42.37363375007629,-71.03427519315893,200283.88250000004,230.9174999999999,38.4,22,1,21,16,1,2005-10-18 05:21:38,2021-06-22 05:21:38,35.0,3.0,123.71000000000001,6043.0,51.0,0,1,0,0,0,0,0,0,0,0,24.25,11.25,24.0,9.45,6.3
4d842986-92fc-ba68-b496-9d21913a7141,2010-04-19,,999-26-6205,,,,Louvenia131,Wisozk929,,,,white,nonhispanic,F,Falmouth  Massachusetts  US,700 Conn Common,Saugus,Massachusetts,Essex County,1906.0,42.4750715251945,-70.97412297789546,293372.835,157.45499999999993,15.7,16,1,15,12,1,2011-03-10 05:06:08,2021-05-03 18:06:08,4.0,4.0,39164.530000000006,260.0,6.0,0,0,0,0,0,0,0,0,0,0,29.4,12.7,23.25,9.2,5.1
9bbc77f6-c1e1-0c48-c64e-eb5958f15faf,2012-02-16,,999-58-4205,,,,Sheron583,Leffler128,,,,white,nonhispanic,F,Andover  Massachusetts  US,545 O'Reilly Mall,Douglas,Massachusetts,Worcester County,,42.01377779530748,-71.79356929818374,246579.25,0.0,13.9,23,0,23,18,0,2012-02-16 12:19:42,2021-02-18 12:19:42,1.0,1.0,4.82,1.0,11.0,0,0,0,0,0,0,0,0,0,0,27.4,11.25,18.75,8.65,4.0
0a168e32-7b62-8597-0e11-296871bb764f,1998-12-09,,999-55-4711,S99997701,X27409562X,Mr.,Bryon392,Howell947,,,,black,nonhispanic,M,Orange  Massachusetts  US,328 Leffler Trace Unit 95,Chicopee,Massachusetts,Hampden County,1013.0,42.21199332184795,-72.54178410506002,593094.5250000001,578.9249999999998,27.1,23,3,20,10,2,2011-04-08 12:33:08,2021-11-04 00:33:08,9.0,5.0,106.2,1761.0,56.0,0,1,0,0,0,0,0,0,0,0,34.8,15.8,29.3,11.0,8.100000000000001
459f6a66-b392-60b2-5164-cf29d3be444e,1985-11-30,,999-57-9670,S99913539,X20425055X,Mr.,Earle679,Balistreri607,,,M,white,nonhispanic,M,Concord  Massachusetts  US,107 Nienow Manor Suite 91,Hudson,Massachusetts,Middlesex County,,42.38963362288523,-71.51789878517016,878170.6675,1189.9125,40.1,14,2,12,6,2,2004-01-24 07:22:39,2021-03-06 07:22:39,2.0,2.0,61.519999999999996,2.0,11.0,0,0,0,0,0,0,0,0,0,0,25.700000000000003,11.45,19.25,8.3,4.6
c49a00b1-cead-b093-f02c-be9b7789c584,2012-02-16,,999-62-6454,,,,Ernesto186,Pacocha935,,,,white,nonhispanic,M,Northborough  Massachusetts  US,789 Fahey Plaza,Gloucester,Massachusetts,Essex County,1930.0,42.61330863597762,-70.67521624863227,254486.41,0.0,13.9,22,0,22,18,0,2012-02-16 05:06:42,2021-02-18 05:06:42,3.0,3.0,37.2,3.0,12.0,0,0,0,0,0,0,0,0,0,0,30.15,12.95,22.9,9.5,4.5
90a958eb-68a4-aa61-85e0-e9f20b083d94,1964-09-28,,999-16-2458,S99951880,X44853988X,Mr.,Calvin845,Schiller186,,,M,white,nonhispanic,M,Lawrence  Massachusetts  US,932 Dickens Gateway Apt 52,Methuen,Massachusetts,Essex County,,42.75069613414535,-71.18227531294852,1460661.015,1639.185,61.3,37,2,35,21,1,1981-11-17 03:19:50,2021-11-11 03:19:50,10.0,1.0,2.7199999999999998,118.0,52.0,0,0,0,0,1,0,0,0,0,0,27.4,11.25,18.75,8.65,4.0
fabb7ac2-1c62-3293-f43c-e35fb903c1c7,1988-08-29,,999-83-2791,S99945406,X60729360X,Mr.,Nicholas495,Muller251,,,S,asian,nonhispanic,M,Gloucester  Massachusetts  US,334 Bashirian Path,Westwood,Massachusetts,Norfolk County,,42.18753835830092,-71.23061195233304,870093.1675000002,2383.8825,37.3,20,0,19,5,0,1991-01-16 06:26:14,2021-08-02 06:26:14,4.0,4.0,50.63,4.0,28.0,0,0,0,0,0,0,0,0,0,0,27.4,11.25,18.75,8.65,4.0
fc8dfe9b-047b-4457-610f-75aff8e51692,1999-09-07,,999-56-1614,S99956145,X61114999X,Mr.,Colin861,Barrows492,,,,white,nonhispanic,M,Cambridge  Massachusetts  US,886 Rutherford Wynd Suite 40,Leverett,Massachusetts,Franklin County,,42.502386085810514,-72.46062481210238,540841.81,7040.31,26.3,18,0,18,10,0,2002-04-23 06:04:14,2020-11-17 10:04:14,8.0,4.0,4088.7400000000002,18.0,57.0,0,0,0,0,1,0,0,0,0,0,27.4,11.25,18.75,8.65,4.0
203e71e8-7254-6d5c-64a4-37258364dd41,1965-08-26,,999-56-2341,S99992175,X59110953X,Mr.,Winston220,Stamm704,,,M,white,nonhispanic,M,Melrose  Massachusetts  US,682 King Manor Unit 14,Swansea,Massachusetts,Bristol County,,41.802334713236895,-71.25396197957782,1024386.29,0.0,60.3,70,5,65,49,4,1969-09-11 02:42:58,2021-05-21 02:42:58,117.0,5.0,343595.06,1288.0,67.0,0,0,0,0,0,0,0,0,0,0,27.4,11.25,18.75,8.65,4.0
81fbeaeb-d95a-1d34-e260-291f23fec526,2011-01-02,,999-25-9079,,,,Eva64,Soria950,,,,white,hispanic,F,Bogota  Bogota  CO,1073 Beer Fork Unit 13,Boston,Massachusetts,Suffolk County,2199.0,42.2614899345523,-71.12801107797505,22194.886,26209.854,15.0,20,2,18,14,2,2011-09-29 08:59:23,2021-02-27 09:22:11,4.0,4.0,30785.08,212.0,8.0,0,0,0,0,0,0,0,0,0,0,24.25,11.25,24.0,9.45,6.3
07a1f80c-f4e2-8e91-5913-270fc6afa25d,1956-09-24,,999-75-9370,S99954596,X18943493X,Mr.,Kenton313,Lowe577,,,M,white,nonhispanic,M,Mansfield Center  Massachusetts  US,534 Robel Heights,Marlborough,Massachusetts,Middlesex County,1752.0,42.311687094817295,-71.53098459696064,1741022.032500001,6291.1275,69.3,27,1,26,19,1,1957-06-04 20:44:13,2021-03-08 15:44:13,4.0,4.0,586312.31,372.0,52.0,0,0,0,0,1,0,0,0,0,0,26.950000000000003,12.8,22.1,9.1,6.449999999999999
e4c2980e-ffa5-4570-988e-3eb8e108aad3,1960-01-30,,999-45-6613,S99927105,X88186358X,Mr.,Ethan766,Smitham825,,,M,white,nonhispanic,M,Worcester  Massachusetts  US,317 Veum Ferry Unit 67,Chicopee,Massachusetts,Hampden County,,42.17879957331234,-72.5715531548277,195136.38299999997,90751.277,65.9,32,1,31,18,1,1978-03-26 02:08:22,2021-05-09 02:08:22,5.0,4.0,6734.99,5.0,89.0,0,0,0,0,0,0,0,0,0,0,34.8,15.8,29.3,11.0,8.100000000000001
c30d42e6-8e9e-d548-8114-482cdd553fcb,2008-04-20,,999-54-2286,,,,Hong136,Miller503,,,,white,nonhispanic,F,Raynham  Massachusetts  US,1009 Upton Parade,Revere,Massachusetts,Suffolk County,2151.0,42.388726701866126,-70.95007486845049,43946.2055,32037.9045,17.7,17,0,17,10,0,2012-03-25 15:10:07,2021-09-26 15:10:07,3.0,3.0,34.17,3.0,16.0,0,0,0,0,1,0,0,0,0,0,25.7,14.0,28.4,10.100000000000001,10.25
45e16cee-56b9-4619-d136-dbba2af81729,1944-09-12,,999-67-7010,S99913854,X72807212X,Mrs.,Dann525,Wisoky380,,Dooley940,M,white,nonhispanic,F,Boston  Massachusetts  US,828 Monahan Highlands Apt 95,Boston,Massachusetts,Suffolk County,2111.0,42.29312137833993,-71.14130033107816,2943064.4205,514447.4995,81.3,81,0,81,34,0,1945-03-17 08:24:51,2021-11-14 22:24:51,23.0,4.0,29883.15,447.0,67.0,0,0,0,0,0,0,0,0,0,1,24.25,11.25,24.0,9.45,6.3
56e2acb9-efb3-f7b5-39bd-c2a1f860e553,2009-11-15,,999-87-3049,,,,Jackie93,Cummerata161,,,,white,nonhispanic,M,North Brookfield  Massachusetts  US,947 Runolfsdottir Lane Suite 21,Shrewsbury,Massachusetts,Worcester County,,42.25963291311174,-71.72507713515013,301589.66750000004,4910.6625,16.1,16,0,16,11,0,2012-04-23 04:00:00,2020-11-30 04:00:00,4.0,4.0,66.11,4.0,4.0,0,0,0,0,0,0,0,0,0,0,27.4,11.25,18.75,8.65,4.0
81057ca9-6e9d-25d6-cec3-7f743dff8ffd,1967-01-28,,999-56-1801,S99910641,X14985116X,Mrs.,Kassie598,Pfannerstill264,,Kub800,M,white,nonhispanic,F,Holyoke  Massachusetts  US,1007 Armstrong Vale,Marlborough,Massachusetts,Middlesex County,,42.30687453911665,-71.55042765633955,1381180.3575000004,7475.6325,58.9,18,0,18,13,0,1985-03-23 06:20:42,2021-04-10 06:20:42,0.0,0.0,0.0,0.0,34.0,0,0,0,0,1,0,0,0,0,0,26.950000000000003,12.8,22.1,9.1,6.449999999999999
29b21635-3f05-3634-1941-4122fb2471ce,1987-09-21,,999-85-3058,S99937571,X86464210X,Mr.,Marty115,Nader710,,,M,white,hispanic,M,Westborough  Massachusetts  US,530 Gaylord Knoll Suite 45,Ludlow,Massachusetts,Hampden County,,42.23319052684496,-72.43031328524798,867371.4824999999,2932.2075,38.3,46,1,42,31,1,1990-08-29 00:25:24,2021-09-15 02:25:24,68.0,3.0,171379.0,740.0,60.0,0,0,0,0,1,0,0,0,0,0,27.4,11.25,18.75,8.65,4.0
ce1153cb-d4ad-77e2-cd07-575e249a83ad,2006-10-18,,999-76-5232,,,,Deidra675,Rosenbaum794,,,,white,nonhispanic,F,Boston  Massachusetts  US,619 Keeling Bypass,Brockton,Massachusetts,Plymouth County,2301.0,42.13801281056496,-70.91466163766647,53260.3195,41426.0705,19.2,59,4,44,11,4,2008-03-20 20:56:33,2021-10-12 09:56:33,43.0,9.0,133684.9,599.0,28.0,0,0,0,1,0,0,0,0,0,0,35.9,17.75,28.6,12.8,8.55
fa2d28b1-de84-ac96-ee04-a20dc54832c1,1973-01-03,,999-11-3474,S99920273,X78936979X,Mrs.,Scarlet110,Gaylord332,,Hettinger594,M,white,nonhispanic,F,Fall River  Massachusetts  US,916 Weber Key Unit 4,Natick,Massachusetts,Middlesex County,,42.3076281690647,-71.317042304567,2025622.903,76023.827,53.0,89,3,81,15,2,1986-08-20 03:02:13,2021-11-11 04:02:13,77.0,9.0,89976.68,6780.0,141.0,1,1,0,0,1,0,1,0,0,0,27.4,11.25,18.75,8.65,4.0
eebbb6c9-87b3-9978-5eab-84edacbccc7c,1999-02-25,,999-84-8741,S99951099,X13461615X,Mr.,Salvador46,Tromp100,,,,white,nonhispanic,M,Lawrence  Massachusetts  US,218 Vandervort Lane Unit 20,Acton,Massachusetts,Middlesex County,,42.47446865696882,-71.41573407863606,1433532.8949999998,1077.8849999999995,26.8,103,3,99,19,3,2000-06-11 15:57:14,2021-10-08 19:57:14,54.0,4.0,174037.96,974.0,112.0,0,0,0,1,1,0,0,0,0,0,27.4,11.25,18.75,8.65,4.0
09faca51-f561-cdc3-e524-a1d682f19258,1965-02-26,,999-78-7307,S99998859,X45311661X,Mr.,Brendan864,Grady603,,,M,white,nonhispanic,M,Lowell  Massachusetts  US,358 Homenick Orchard,Lakeville,Massachusetts,Plymouth County,,41.791590284159874,-70.97263753680107,2221482.610000001,5205.27,60.8,82,2,78,50,2,1966-04-17 06:15:50,2021-07-03 03:37:50,131.0,6.0,276302.71,2226.0,68.0,0,0,0,0,0,0,0,0,0,0,27.4,11.25,18.75,8.65,4.0
dbf10a3b-473c-ab44-3882-8c7f48244567,1989-11-18,,999-94-2941,S99932650,X46902731X,Mr.,Carlos172,Cruickshank494,,,M,asian,nonhispanic,M,Littleton Common  Massachusetts  US,457 Hauck Dam Apt 66,Boston,Massachusetts,Suffolk County,2115.0,42.34398468162962,-71.1260034992754,808182.3900000002,4106.46,36.1,21,0,21,11,0,2008-01-12 18:30:55,2021-03-27 18:30:55,35.0,5.0,52656.840000000004,103.0,55.0,0,0,0,0,0,0,0,0,0,0,24.25,11.25,24.0,9.45,6.3
d1f767cc-a980-8bd9-8a1b-f7ada327b40c,2020-04-20,,999-66-5404,,,,Miguel815,Braun514,,,,white,nonhispanic,M,Belchertown  Massachusetts  US,961 Rolfson Skyway Unit 38,Webster,Massachusetts,Worcester County,,42.05580177624464,-71.83334621819762,46245.5125,284.1674999999999,5.7,10,0,10,8,0,2020-04-20 08:15:57,2021-09-27 08:15:57,4.0,4.0,91.97,4.0,4.0,0,0,0,0,0,0,0,0,0,0,36.650000000000006,16.799999999999997,29.15,11.55,7.5
3f8f669e-a86e-7ed2-9cd3-af981a89dfa1,1948-04-11,,999-40-3939,S99947171,X85609499X,Mrs.,Shelba765,Dicki44,,Hahn503,M,white,nonhispanic,F,West Bridgewater  Massachusetts  US,909 Orn Forge Suite 29,Carlisle,Massachusetts,Middlesex County,,42.55021308499219,-71.37472846007019,2795403.9405,157385.56949999998,77.7,87,2,85,54,2,1949-08-04 02:12:18,2021-10-10 15:54:18,86.0,10.0,184331.68,1410.0,83.0,0,1,1,0,0,0,0,0,0,1,27.4,11.25,18.75,8.65,4.0
61adebe2-451a-0518-8424-dabde68087ea,2020-02-05,,999-22-5398,,,,Norma469,Apodaca347,,,,asian,hispanic,F,Puebla  Puebla  MX,226 McDermott Harbor Suite 17,Boston,Massachusetts,Suffolk County,2120.0,42.31478708109146,-71.09199717467445,7931.4,0.0,5.9,12,0,12,8,0,2020-02-05 13:06:29,2021-08-25 13:06:29,2.0,1.0,13.260000000000002,2.0,7.0,0,0,0,0,0,0,0,0,0,0,24.25,11.25,24.0,9.45,6.3
a3752f35-b99c-5da7-a16a-f6e06adc97ac,1993-10-14,,999-93-2619,S99986354,X57944943X,Mr.,Marty115,Wisozk929,,,M,black,nonhispanic,M,Weymouth  Massachusetts  US,1076 Von Boulevard,Boston,Massachusetts,Suffolk County,2134.0,42.28902548335598,-71.10354039874305,707144.9174999999,1472.4225,32.2,9,0,9,5,0,2002-10-17 06:56:48,2021-07-01 06:56:48,1.0,1.0,30.02,1.0,20.0,0,0,0,0,1,0,0,0,0,0,24.25,11.25,24.0,9.45,6.3
c6861ca8-bf6b-8912-57d6-68df88cbe481,1995-05-13,,999-76-4741,S99916197,X21048924X,Mr.,Parker433,Hudson301,,,,white,nonhispanic,M,Shrewsbury  Massachusetts  US,815 Hermann Course Suite 16,Granby,Massachusetts,Hampshire County,1033.0,42.2712989217577,-72.466553658016,670467.1099999999,1214.37,30.6,17,0,16,6,0,1998-01-24 07:01:45,2021-07-17 07:01:45,10.0,2.0,13147.68,86.0,37.0,0,0,0,1,0,0,0,0,0,0,23.75,11.55,17.75,8.45,4.2
0d281c81-6c94-4578-c69f-217929d12245,1975-08-05,,999-41-8955,S99957224,X88104387X,Mrs.,Roxy374,Reichert620,,Ledner144,M,asian,nonhispanic,F,Shrewsbury  Massachusetts  US,544 Hermann Knoll,Arlington,Massachusetts,Middlesex County,2476.0,42.43907233065245,-71.14193349617359,2455563.150999999,413895.829,50.4,50,1,49,8,1,1976-03-29 01:56:22,2021-11-02 19:27:22,8.0,8.0,18759.51,628.0,128.0,0,0,0,0,1,0,0,0,0,0,22.4,7.199999999999999,14.75,7.1,2.75
f49dace4-cb51-d640-468f-044ec67ed318,1956-05-06,,999-57-8497,S99982047,X62919575X,Mrs.,Melisa53,Effertz744,,Kiehn525,M,white,nonhispanic,F,Holden  Massachusetts  US,332 Rutherford Track Unit 76,Marion,Massachusetts,Plymouth County,,41.687903384042535,-70.72933245713635,2209905.6895,457273.8105,69.7,50,0,50,25,0,1972-06-18 10:45:20,2021-08-01 10:45:20,17.0,3.0,10.57,397.0,53.0,0,0,0,0,0,0,0,0,0,0,27.4,11.25,18.75,8.65,4.0
d868e198-8ebe-2338-5691-4c1de3421c65,1966-10-11,,999-92-6622,S99958959,X10830423X,Mr.,Leonardo412,Effertz744,,,M,white,nonhispanic,M,Rochester  Massachusetts  US,229 McDermott Dam Suite 90,Haverhill,Massachusetts,Essex County,1832.0,42.758732820307394,-71.10488499921445,183181.04399999997,143279.83599999995,59.2,59,1,58,37,0,1984-12-04 10:51:13,2021-10-11 11:34:45,90.0,7.0,8661.58,14032.0,91.0,0,1,0,0,1,0,0,0,0,0,31.75,13.55,25.7,9.8,7.3
81aa7647-779f-fd6b-94cf-782e606efeb2,2014-12-29,,999-92-3781,,,,Aimee901,Hudson301,,,,white,nonhispanic,F,Medford  Massachusetts  US,573 Tremblay Station Unit 3,Weston,Massachusetts,Middlesex County,,42.38452752742667,-71.33150338227004,168038.01,0.0,11.0,17,0,17,15,0,2014-12-30 03:31:56,2020-12-15 03:31:56,1.0,1.0,5.96,1.0,7.0,0,0,0,0,0,0,0,0,0,0,27.4,11.25,18.75,8.65,4.0
03777c32-ed98-50e2-f75d-cbcad532c610,1968-03-26,,999-77-2595,S99926429,X40438170X,Mrs.,Eloise59,Gerhold939,MD,Waelchi213,M,white,nonhispanic,F,Ware  Massachusetts  US,964 Hayes Stravenue Unit 38,Sudbury,Massachusetts,Middlesex County,,42.34502148550692,-71.37867740349058,2003833.1189999992,145358.761,57.8,40,2,38,20,2,1985-05-14 23:15:15,2021-08-10 23:15:15,61.0,10.0,65868.98,618.0,66.0,0,0,1,0,1,0,0,0,0,0,27.4,11.25,18.75,8.65,4.0
f992b5b4-16f1-1587-cca6-a15bda17a557,1983-04-01,,999-77-1520,S99995821,X83373748X,Mr.,Porter490,Wehner319,,,S,white,nonhispanic,M,Lynn  Massachusetts  US,337 Schmeler Bay Apt 29,Boston,Massachusetts,Suffolk County,2116.0,42.36988930803458,-71.01216049490974,121466.14800000002,44576.812,42.8,17,0,16,9,0,1995-04-22 01:35:39,2021-05-29 01:35:39,0.0,0.0,0.0,0.0,21.0,0,0,0,1,1,0,0,0,0,0,24.25,11.25,24.0,9.45,6.3
9055bf8d-a995-d068-a3e0-666a002b5683,2010-11-12,,999-85-5488,,,,Manuela585,Villalpando154,,,,white,hispanic,F,Puebla  Puebla  MX,931 Beatty Loaf,Holliston,Massachusetts,Middlesex County,,42.151266912110586,-71.41134400718849,267670.0725,69.12749999999997,15.1,14,0,14,13,0,2012-01-20 08:24:53,2020-11-20 08:24:53,2.0,2.0,184.87,2.0,5.0,0,0,0,0,0,0,0,0,0,0,27.4,11.25,18.75,8.65,4.0
0b48bf9b-5582-1253-ab01-b34da54bad15,1973-11-15,,999-76-1573,S99925854,X68929408X,Ms.,Ramona980,Cordero852,,,S,black,hispanic,F,Port-au-Prince  Haiti  HT,374 Brown Rapid Apt 74,Boston,Massachusetts,Suffolk County,2124.0,42.37599516281993,-71.04201940011065,572373.1959999999,582081.4539999999,52.1,69,0,68,13,0,1985-12-05 08:14:52,2021-10-14 08:14:52,3.0,3.0,1396.7,3.0,69.0,0,0,0,0,0,0,0,0,0,0,24.25,11.25,24.0,9.45,6.3
4e100688-c089-1057-395a-eb4ced369230,2012-05-26,,999-78-8433,,,,Bev675,Morissette863,,,,white,nonhispanic,F,Boston  Massachusetts  US,157 Kling Gardens,East Brookfield,Massachusetts,Worcester County,,42.17234960121964,-72.08905345365785,247195.56,601.1099999999999,13.6,32,0,32,18,0,2012-05-26 14:55:24,2021-05-29 14:55:24,3.0,2.0,29.84,3.0,14.0,0,0,0,0,0,0,0,0,0,0,31.65,12.6,21.549999999999997,8.9,4.05
1ea40a05-c295-8b66-66a2-fda3bc1ed13f,1960-05-25,,999-91-1294,S99925900,X26839448X,Mr.,Brock407,Paucek755,,,M,white,nonhispanic,M,Agawam  Massachusetts  US,979 Jacobi Club Apt 30,Lawrence,Massachusetts,Essex County,1840.0,42.70179814767898,-71.17288378360622,1153016.49,2895.3299999999995,65.6,27,1,25,16,1,1978-07-19 05:01:38,2021-07-28 05:01:38,4.0,4.0,41.28,215.0,61.0,0,0,0,0,0,0,0,0,0,0,37.35,14.6,38.95,14.45,18.75
19362ed4-09cb-6096-9b73-1c4e434d1cfa,2008-08-24,,999-69-3928,,,,Brianna665,Smitham825,,,,white,nonhispanic,F,Wilbraham  Massachusetts  US,1066 Hayes Frontage road Suite 44,Rochester,Massachusetts,Plymouth County,,41.72319148131419,-70.87904160845605,335340.38,5573.220000000001,17.4,21,0,21,11,0,2012-01-19 12:54:26,2021-09-19 19:54:26,2.0,2.0,34.01,2.0,19.0,0,0,0,0,1,0,0,0,0,0,27.4,11.25,18.75,8.65,4.0
d8e3a701-d108-74ff-2ce3-156537276a14,1992-07-30,,999-28-8644,S99989621,X23230866X,Mr.,Harland508,Price929,,,M,white,nonhispanic,M,Wayland  Massachusetts  US,920 Doyle Gardens,Newton,Massachusetts,Middlesex County,2467.0,42.329006187138766,-71.18917228839565,855040.0199999998,0.0,33.4,9,0,9,7,0,2005-08-25 14:48:08,2021-04-22 14:48:08,0.0,0.0,0.0,0.0,15.0,0,0,0,0,0,0,0,0,0,0,21.35,6.7,14.8,7.25,2.7
eb16b994-f2ca-beee-fce4-25286f1a0e89,2006-04-08,,999-87-6831,,,,Julieta402,Schmitt836,,,,white,nonhispanic,F,Westborough  Massachusetts  US,591 Nicolas Glen Unit 4,Sutton,Massachusetts,Worcester County,,42.14470870123561,-71.77538241430594,388189.365,1554.8249999999998,19.7,19,1,17,10,1,2012-03-24 18:28:22,2021-06-19 18:28:22,4.0,4.0,451.28000000000003,15.0,17.0,0,0,0,0,0,0,0,0,0,0,27.4,11.25,18.75,8.65,4.0
fae0edab-0c3d-d1ed-5fbd-bb87125da5c4,2004-02-18,,999-43-1984,S99919262,,,Milagros256,Douglas31,,,,asian,nonhispanic,F,Lawrence  Massachusetts  US,701 Walter Hollow Unit 21,Boston,Massachusetts,Suffolk County,2199.0,42.41955042592118,-70.95694862333251,1173722.13,1168.62,21.9,99,2,96,13,2,2004-09-22 10:00:59,2021-04-07 06:00:59,40.0,6.0,110311.22,733.0,106.0,0,0,0,1,0,0,0,0,0,0,24.25,11.25,24.0,9.45,6.3
8c39d1ea-a482-d741-288d-0c780719797f,1983-01-10,,999-23-5190,S99920464,X65059106X,Mrs.,Nova124,Blanda868,,Ziemann98,M,white,nonhispanic,F,Boston  Massachusetts  US,233 Armstrong Light Apt 64,Boston,Massachusetts,Suffolk County,2199.0,42.30744240859382,-71.14378789698912,1485050.6820000005,376521.408,43.0,49,4,45,7,3,2000-02-28 13:19:33,2021-04-12 13:19:33,4.0,4.0,9838.4,37.0,163.0,0,0,0,0,0,0,0,0,0,0,24.25,11.25,24.0,9.45,6.3
e1245016-60e8-f2d1-728b-5f32bf4b387b,1973-11-30,,999-65-8823,S99945886,X37250120X,Ms.,Thomasina264,Heidenreich818,,,S,white,nonhispanic,F,Stoughton  Massachusetts  US,802 Orn Vista Apt 72,Boston,Massachusetts,Suffolk County,2130.0,42.38396638381197,-71.03308435381167,1776776.5329999998,553740.477,52.1,33,0,33,16,0,1992-01-24 23:28:32,2021-05-07 23:28:32,19.0,6.0,82388.93,758.0,68.0,1,0,0,0,1,0,0,0,0,0,24.25,11.25,24.0,9.45,6.3
915aacda-a5d6-b157-5f8a-572c9ed4eb0f,1963-09-05,,999-50-8286,S99978242,X26393218X,Mr.,Jonas187,Sporer811,,,S,white,nonhispanic,M,Springfield  Massachusetts  US,201 Kris Terrace,Boston,Massachusetts,Suffolk County,,42.33977000544113,-70.95788102528228,1787435.055,1349.745,62.3,24,0,24,15,0,1981-10-30 03:47:51,2021-10-22 03:47:51,19.0,3.0,14283.95,55.0,53.0,0,0,0,0,0,0,0,0,0,0,24.25,11.25,24.0,9.45,6.3
9f876c35-7d5a-dc96-971d-2e1b11700318,2018-08-28,,999-44-6948,,,,Kenton313,Purdy2,,,,white,nonhispanic,M,New Bedford  Massachusetts  US,842 Metz Trace,Shrewsbury,Massachusetts,Worcester County,,42.2655122308434,-71.66650365929233,76044.1525,2639.8875,7.3,13,0,13,11,0,2018-08-29 01:42:08,2021-08-04 01:42:08,3.0,3.0,68.74,3.0,5.0,0,0,0,0,0,0,0,0,0,0,27.4,11.25,18.75,8.65,4.0
af7711e2-9168-bf9a-63de-9fe3e5bad22d,1996-01-06,,999-18-6191,S99989686,X77345576X,Mr.,Oren284,Vandervort697,,,,white,nonhispanic,M,Everett  Massachusetts  US,184 Murray Gardens Apt 13,Southbridge,Massachusetts,Worcester County,,42.06202283451906,-71.9938930525616,679730.66,10627.68,30.0,52,1,50,24,1,1996-12-03 04:11:20,2021-04-10 20:11:20,121.0,10.0,237692.71,6920.0,75.0,0,1,0,1,0,0,0,0,0,0,27.4,11.25,18.75,8.65,4.0
83f922a9-3567-cb65-b57f-2da9cc05af15,1964-05-16,,999-51-6068,S99917572,X70648758X,Mrs.,Sofia418,Mesa630,,Laureano185,M,other,hispanic,F,Gaudalajara  Jalisco  MX,899 Sawayn Trafficway,Beverly,Massachusetts,Essex County,1915.0,42.52383880389347,-70.83570440936295,650597.6869999999,490604.953,61.6,53,2,51,28,1,1982-07-10 10:30:41,2021-09-11 02:07:09,56.0,6.0,1715.44,9151.0,67.0,1,1,0,0,0,0,0,0,0,0,28.4,10.55,19.65,8.0,3.8
b3c96d58-b033-6bc7-a65f-3acd85698fd6,2021-05-07,,999-93-4564,,,,Raymonde315,Marvin195,,,,white,nonhispanic,F,Raynham  Massachusetts  US,991 Boyle Forge Apt 95,Salem,Massachusetts,Essex County,1970.0,42.51696468096226,-70.92410058922701,17681.86,12.479999999999968,4.7,5,0,5,4,0,2021-05-07 16:07:08,2021-10-15 16:07:08,2.0,2.0,13.969999999999999,2.0,1.0,0,0,0,0,0,0,0,0,0,0,29.9,11.2,22.35,8.899999999999999,5.55
82493462-2eea-803b-7183-4e8b1b4ee8d9,1938-10-20,,999-75-1531,S99975743,X80664603X,Mr.,Merrill415,Jones311,,,M,white,nonhispanic,M,Brookline  Massachusetts  US,806 Walsh Union Suite 13,Duxbury,Massachusetts,Plymouth County,,42.01071405248576,-70.73526438198843,329221.60100000014,227840.419,87.2,75,2,73,24,2,1956-12-13 09:29:10,2021-08-08 13:03:10,44.0,7.0,7492.38,462.0,93.0,0,0,0,0,1,0,0,0,0,0,25.8,8.1,14.600000000000001,7.65,2.7
d57e867e-4896-9e07-f502-5f4f881bd80e,1961-05-09,,999-72-3767,S99947629,X33329252X,Mrs.,Ula130,Medhurst46,,Kreiger457,M,white,nonhispanic,F,Carver  Massachusetts  US,875 D'Amore Tunnel Suite 92,Somerville,Massachusetts,Middlesex County,2138.0,42.34477003485778,-71.10205496675374,1834173.8440000005,807480.1259999999,64.6,53,2,45,27,2,1979-07-03 05:43:00,2021-09-21 05:43:00,123.0,6.0,121691.64,13965.0,85.0,1,1,0,0,1,0,1,0,0,0,23.95,8.8,16.9,6.85,4.25
443e574b-0480-6ad5-8add-e22f5e87a9bb,1952-12-05,,999-54-9059,S99970313,X43968298X,Mr.,Dorian295,Will178,,,M,black,nonhispanic,M,Athol  Massachusetts  US,935 Koelpin Meadow Suite 22,Boston,Massachusetts,Suffolk County,2136.0,42.28928744104825,-71.0973652747884,1883684.4050000005,80358.335,73.1,39,0,38,29,0,1971-01-29 08:14:47,2021-04-23 08:14:47,10.0,4.0,6755.889999999999,64.0,76.0,0,0,1,0,1,0,0,0,0,0,24.25,11.25,24.0,9.45,6.3
094c294d-4e4c-043d-4100-f59b08b45770,1991-03-11,,999-97-8600,S99918687,X68361045X,Ms.,Ayanna800,Krajcik437,,,S,white,nonhispanic,F,Fall River  Massachusetts  US,1001 Hayes Crossing Suite 10,Hudson,Massachusetts,Middlesex County,1749.0,42.3646206311644,-71.58097417283207,1360546.163,12441.256999999998,34.8,70,4,66,0,4,1991-04-10 08:25:48,2021-07-12 08:25:48,7.0,5.0,7421.7300000000005,44.0,181.0,0,0,0,0,0,0,0,0,0,1,25.700000000000003,11.45,19.25,8.3,4.6
e23c7a6e-6ef2-3932-1361-b73b4c8a3961,1914-12-20,,999-88-5404,S99968751,X9722170X,Mr.,Sung603,Weber641,,,M,black,nonhispanic,M,New Bedford  Massachusetts  US,754 Effertz Gardens Suite 78,Boston,Massachusetts,Suffolk County,2116.0,42.32562987012356,-71.12685124765576,23116549.359000005,1897464.2010000004,111.0,705,29,499,88,29,1919-01-02 15:34:00,2021-10-25 01:34:00,2117.0,10.0,1004577.43,37022.0,799.0,1,1,1,0,1,0,1,0,0,0,24.25,11.25,24.0,9.45,6.3
c5340af3-dde7-d403-78dd-bf20a03f0238,2001-09-02,,999-99-9148,S99982686,X28396491X,Ms.,Margorie48,Stoltenberg489,,,,white,nonhispanic,F,Billerica  Massachusetts  US,204 Feeney Wall,Granby,Massachusetts,Hampshire County,,42.290508820086494,-72.54937876387083,552066.61,116258.79,24.3,35,1,34,9,1,2012-09-16 04:43:17,2021-10-24 04:43:17,7.0,6.0,51248.530000000006,204.0,92.0,0,0,0,0,0,0,0,0,0,0,23.75,11.55,17.75,8.45,4.2
4e65c7b6-abda-fcae-ffb1-31c700e03afd,1970-06-22,,999-36-9698,S99948046,X28815069X,Ms.,Tiana543,Fay398,,,S,white,nonhispanic,F,Adams  Massachusetts  US,522 Stiedemann Lock Unit 29,Peabody,Massachusetts,Essex County,,42.53416266292539,-70.92414978986962,2794307.3614999987,382149.5585,55.5,46,2,43,33,1,1971-01-18 16:22:14,2021-05-24 05:22:14,74.0,6.0,5740.8,13128.0,65.0,0,1,0,0,1,0,0,0,0,0,29.25,12.25,23.05,9.15,5.25
6d2fc252-7270-aa59-e5e0-0c21432984ba,1949-08-12,,999-66-5514,S99964901,X27939024X,Mrs.,Allison818,Howell947,,Mueller846,M,white,nonhispanic,F,Natick  Massachusetts  US,1095 Hartmann Trailer,East Dennis,Massachusetts,Barnstable County,2641.0,41.737883845187085,-70.16940934839319,2706593.615,59251.425,76.4,69,2,67,54,2,1967-04-22 15:23:05,2021-08-06 23:23:05,59.0,2.0,416.3,19773.0,66.0,0,1,0,0,1,0,0,0,0,0,25.9,9.8,17.15,9.35,3.25
b810c52d-5c90-ede3-65b0-cdcda01df8f4,1995-11-11,,999-30-6389,S99959232,X76376426X,Ms.,Ashley34,McKenzie376,,,,asian,nonhispanic,F,Worcester  Massachusetts  US,1061 Bergnaum Lane,Newbury,Massachusetts,Essex County,,42.74092550609674,-70.91959119821811,667393.5125,35147.1675,30.1,21,1,20,6,1,2011-12-24 09:43:24,2021-09-13 07:43:24,5.0,5.0,1099.41,38.0,42.0,0,0,0,0,0,0,0,0,0,0,27.4,11.25,18.75,8.65,4.0
9027ebcb-fab1-6cb7-60c1-1c9dd2b7b729,1968-01-26,,999-41-8602,S99989319,X51394672X,Mr.,Ned189,Emmerich580,,,M,asian,nonhispanic,M,Haiphong  Kiến An  VN,218 Hayes Path Unit 91,Braintree,Massachusetts,Norfolk County,,42.16614206345044,-70.95891621283079,1895343.9875,4350.6225,57.9,26,2,24,15,2,1976-02-15 14:54:24,2021-04-16 12:54:24,5.0,5.0,40365.340000000004,230.0,53.0,0,0,0,0,0,0,0,0,0,0,27.4,11.25,18.75,8.65,4.0
a67877ad-5f7a-782d-c74c-0aa5d2072de3,2003-06-12,,999-75-4531,S99986537,,Ms.,Man114,Kassulke119,,,,white,hispanic,F,Marshfield  Massachusetts  US,802 Pfannerstill Crossing,Clinton,Massachusetts,Worcester County,,42.41936470207197,-71.72046615335303,446189.53,0.0,22.6,19,1,18,10,1,2012-06-14 08:07:08,2021-11-11 08:07:08,4.0,3.0,1655.58,42.0,32.0,0,0,0,0,0,0,0,0,0,0,34.25,14.0,24.950000000000003,9.75,6.85
6d06eb4a-dc31-a2d2-1144-afea738d5302,1982-12-16,,999-19-5507,S99959204,X73798433X,Mrs.,Cristen212,Hammes673,,Gleichner915,M,white,hispanic,F,Boston  Massachusetts  US,491 Rippin Trail,Cambridge,Massachusetts,Middlesex County,2139.0,42.40523628113338,-71.09094266414547,1888622.141,427968.60900000005,43.0,34,4,30,7,3,1983-08-23 01:07:58,2021-09-16 13:07:58,6.0,6.0,9290.93,492.0,66.0,0,0,0,0,0,0,0,0,0,0,23.0,7.55,16.35,6.9,3.65
297c1550-317d-aac0-b529-042721fed414,1994-11-23,,999-12-7403,S99911249,X75890672X,Ms.,Chan58,Hartmann983,,,,white,nonhispanic,F,Andover  Massachusetts  US,263 Jaskolski Meadow Unit 56,Mattapoisett,Massachusetts,Plymouth County,,41.61160339435085,-70.80852297170878,1275265.065,10012.605,31.1,64,4,60,5,3,2011-11-07 22:21:18,2021-11-03 22:02:55,7.0,6.0,7591.23,51.0,202.0,0,0,0,0,1,0,0,0,0,0,27.4,11.25,18.75,8.65,4.0
3724187a-4b7f-43ef-aa6f-22e13b76449b,2019-06-25,,999-78-8833,,,,Dan465,Tromp100,,,,white,hispanic,M,Spencer  Massachusetts  US,771 Rutherford Mill,Mansfield,Massachusetts,Bristol County,,42.01690171979366,-71.2286694946773,84399.39,206.22,6.5,15,1,14,9,1,2019-06-25 18:30:21,2021-06-01 18:30:21,2.0,2.0,37.370000000000005,4.0,12.0,0,0,0,0,0,0,0,0,0,0,27.4,11.25,18.75,8.65,4.0
7249d5ba-664d-786e-f1c8-924588615e7a,2004-01-21,,999-98-2374,S99972443,,,Cecilia788,Arroyo916,,,,white,hispanic,F,Carolina  Puerto Rico  PR,907 Metz Ranch,Lynn,Massachusetts,Essex County,1901.0,42.430772082458304,-70.87315968524426,474129.575,121.51499999999982,21.9,21,1,17,10,1,2007-06-27 00:45:55,2021-03-11 00:45:55,6.0,4.0,52303.18,354.0,38.0,0,0,0,0,0,0,0,0,0,0,33.849999999999994,14.649999999999999,32.0,12.0,11.9
59f7a978-7c32-4d81-4879-56a8d44f4a12,1977-01-23,,999-74-6523,S99982757,X53320546X,Mr.,Timothy142,Bayer639,,,M,black,nonhispanic,M,Lowell  Massachusetts  US,869 Ruecker Junction Unit 84,Natick,Massachusetts,Middlesex County,,42.27539217958759,-71.31202827060466,1111854.7125,9222.7575,48.9,35,2,33,27,2,1990-07-27 14:45:56,2021-08-22 14:45:56,31.0,3.0,135859.4,697.0,55.0,0,1,0,0,1,0,0,0,0,0,27.4,11.25,18.75,8.65,4.0
c46a254d-cd25-4375-528b-e8d0da9c6a29,1954-08-12,,999-45-8535,S99965755,X47806759X,Mr.,Giovanni385,Barrows492,,,M,white,nonhispanic,M,Quincy  Massachusetts  US,535 Bartell Junction Unit 77,Worcester,Massachusetts,Worcester County,1604.0,42.27786741174154,-71.7472784491493,1350529.2125,17335.607500000002,71.4,74,2,72,49,2,1972-10-05 15:31:31,2021-07-08 15:31:31,175.0,8.0,86116.4,37100.0,57.0,0,1,1,0,0,0,0,0,0,0,35.9,14.9,29.3,11.55,8.8
795045ce-11be-b8ac-a5c7-886d4eca732c,2007-07-08,,999-59-3877,,,,Tyrell880,Fadel536,,,,white,hispanic,M,Pittsfield  Massachusetts  US,528 Parker Divide Unit 82,Shrewsbury,Massachusetts,Worcester County,,42.30970356614148,-71.76390524552394,468983.7274999999,191622.95250000004,18.5,45,1,43,10,1,2008-10-30 09:51:25,2021-11-11 14:22:40,5.0,5.0,74430.23,319.0,46.0,0,0,0,0,0,0,0,0,0,0,27.4,11.25,18.75,8.65,4.0
f2f58c59-0ad7-302d-7d66-cfd3d0287a2a,1990-06-14,,999-74-4304,S99945313,X5299691X,Mr.,Dino214,Dach178,,,M,white,nonhispanic,M,Randolph  Massachusetts  US,955 Donnelly Corner,Cambridge,Massachusetts,Middlesex County,,42.36249435016752,-71.1074381987494,99882.92650000002,44135.6035,35.5,14,0,14,6,0,2008-08-07 10:35:14,2021-08-26 10:35:14,0.0,0.0,0.0,0.0,33.0,0,0,0,0,0,0,0,0,0,0,23.0,7.55,16.35,6.9,3.65
76b289fd-e825-734c-8446-316f59643593,1985-03-03,,999-60-5165,S99923771,X46712909X,Mrs.,Agueda283,Gerhold939,,Deckow585,M,white,nonhispanic,F,Weymouth  Massachusetts  US,733 Bednar Grove Apt 36,Boston,Massachusetts,Suffolk County,2115.0,42.377612571458215,-71.03044833766708,1695758.9425000004,272689.1075,40.8,24,3,21,4,2,1989-11-16 05:40:38,2021-10-03 05:40:38,12.0,10.0,103006.68,805.0,43.0,1,0,0,0,0,0,0,0,0,0,24.25,11.25,24.0,9.45,6.3
747405cb-2f91-e54a-c123-55f4e9edfc4c,1977-04-05,,999-83-5294,S99985936,X76465580X,Mr.,Troy560,Jerde200,,,M,asian,nonhispanic,M,New Bedford  Massachusetts  US,352 Blanda Promenade Apt 28,Leominster,Massachusetts,Worcester County,1453.0,42.5026362642785,-71.806556806749,1074074.7075,10614.8925,48.7,19,3,16,10,2,1995-05-30 10:12:22,2021-06-06 10:12:22,2.0,2.0,22.77,2.0,38.0,0,0,0,0,1,0,0,0,0,0,33.9,13.45,25.25,10.15,6.7
e1a2f3c6-27a7-f162-492e-62a5fffc38e0,1951-03-27,,999-20-9444,S99997062,X81384498X,Mrs.,Dayle885,Trantow673,,Doyle959,M,white,nonhispanic,F,Holyoke  Massachusetts  US,942 Wolff Crossing Unit 1,Northborough,Massachusetts,Worcester County,,42.322964543634775,-71.6373144857594,2436655.911500001,360690.6485,74.8,47,1,45,14,1,1956-03-10 15:50:53,2021-11-05 14:50:53,3.0,3.0,22222.3,138.0,66.0,0,0,0,0,0,0,0,0,0,1,28.15,8.5,17.299999999999997,7.9,3.05
9ccd0d4f-f8f2-34a4-4ba9-9b9b92c6370a,2007-05-08,,999-28-5066,,,,Javier97,Tijerina14,,,,white,hispanic,M,Caguas  Puerto Rico  PR,446 Jast Mission Unit 87,Lynn,Massachusetts,Essex County,1906.0,42.48956380275285,-70.94913353131781,366191.7375,820.7624999999999,18.7,20,2,18,10,2,2012-04-17 04:45:46,2021-08-17 04:45:46,3.0,3.0,42.57,4.0,27.0,0,0,0,0,0,0,0,0,0,0,33.849999999999994,14.649999999999999,32.0,12.0,11.9
d19face0-6272-fbfb-7882-7745c0a86eb5,1970-12-12,,999-83-2774,S99948713,X74344944X,Mr.,Carl856,Kunze215,,,M,white,nonhispanic,M,Marshfield  Massachusetts  US,596 Flatley Ranch Unit 93,Lawrence,Massachusetts,Essex County,1841.0,42.664949920541446,-71.15824523809464,1224536.0275,11048.5725,55.1,25,3,22,14,2,1989-02-04 07:51:34,2021-01-30 07:51:34,3.0,3.0,451.46999999999997,9.0,39.0,0,0,0,0,1,0,0,0,0,0,37.35,14.6,38.95,14.45,18.75
cf79ac17-78d8-6fa4-1210-b3efdea80f7d,1974-06-27,,999-66-7185,S99920293,X49144611X,Mr.,Francisco472,Mora209,,,S,white,hispanic,M,Buenos Aires  Ciudad de Buenos Aires  AR,478 Rosenbaum Common Apt 50,Boston,Massachusetts,Suffolk County,,42.33421915604111,-71.08840919414654,1186293.4025,11754.2175,51.5,38,0,38,29,0,1992-08-20 07:09:14,2021-02-18 07:09:14,31.0,3.0,257.92,10691.0,48.0,0,1,0,0,0,0,0,0,0,0,24.25,11.25,24.0,9.45,6.3
5c15f3b9-fbd5-80e5-755d-5a697e4b0499,2003-02-28,,999-87-4285,S99951677,,Ms.,Ellen406,Windler79,,,,white,nonhispanic,F,Worcester  Massachusetts  US,377 Gutmann Meadow,Peabody,Massachusetts,Essex County,1940.0,42.50878232698008,-70.96158169560019,475545.755,252.67499999999995,22.8,19,0,19,10,0,2012-03-02 07:38:58,2021-05-28 07:38:58,3.0,1.0,1102.47,33.0,45.0,0,0,0,0,0,0,0,0,0,0,29.25,12.25,23.05,9.15,5.25
c628b9c2-31de-fd80-f913-2e9ad36393a9,1978-08-13,,999-10-2560,S99988786,X41627514X,Mr.,Lemuel304,Lueilwitz711,,,M,white,nonhispanic,M,Monument Beach  Massachusetts  US,749 Denesik Way Suite 58,Haverhill,Massachusetts,Essex County,,42.77507689303429,-71.05566756208283,1061826.375,16851.675,47.4,26,0,26,7,0,1996-10-06 16:06:25,2021-03-26 16:06:25,1.0,1.0,145.68,8.0,34.0,0,0,0,0,1,0,0,0,0,0,31.75,13.55,25.7,9.8,7.3
92fb7efc-5cfd-f8d3-927b-42f8ee099531,2013-06-12,,999-34-2298,,,,Ahmed109,O'Reilly797,,,,white,nonhispanic,M,Westford  Massachusetts  US,857 Kling Arcade,Worcester,Massachusetts,Worcester County,1604.0,42.25416489604414,-71.70092510023379,210520.6675,2851.1325,12.6,27,2,25,17,2,2013-06-12 04:56:06,2021-06-09 04:56:06,7.0,5.0,38318.76,175.0,13.0,0,0,0,0,0,0,0,0,0,0,35.9,14.9,29.3,11.55,8.8
b74d0752-3c8d-4374-78d0-618105abb04c,1974-02-04,,999-99-7733,S99938362,X9252220X,Mrs.,Kaye394,Mayert710,,Abshire638,M,white,nonhispanic,F,Waltham  Massachusetts  US,1095 West Rapid Unit 71,Brockton,Massachusetts,Plymouth County,2302.0,42.12525132553029,-71.07434304999454,1339783.1680000003,134330.912,51.9,17,1,16,10,1,1992-03-30 18:21:48,2020-02-24 18:21:48,1.0,1.0,4.86,1.0,21.0,0,0,0,0,1,0,0,0,0,0,35.9,17.75,28.6,12.8,8.55
436a7fef-6640-96ab-2557-77e40e947bc9,2005-04-27,,999-46-1194,S99940037,,,Arline53,Rohan584,,,,white,nonhispanic,F,Millis-Clicquot  Massachusetts  US,584 Dare Station,Agawam,Massachusetts,Hampden County,1001.0,42.11355443900268,-72.67230734988588,593825.64,6160.56,20.7,30,2,28,10,2,2012-04-18 12:10:26,2021-11-10 12:10:26,3.0,3.0,289.36,9.0,83.0,0,0,0,0,0,0,0,0,0,0,27.4,11.25,18.75,8.65,4.0
d92df2e8-3c36-b226-ac2f-0318da0327b8,1999-04-24,,999-16-4758,S99943076,X80626356X,Mr.,Long300,Thompson596,,,,white,nonhispanic,M,Cambridge  Massachusetts  US,545 Crooks Bridge Apt 25,Barnstable,Massachusetts,Barnstable County,,41.6835597800218,-70.36141139702497,561055.22,1036.1099999999997,26.7,34,2,32,10,2,2012-05-19 13:17:41,2021-07-17 13:17:41,16.0,3.0,51.2,1674.0,69.0,0,1,0,0,0,0,0,0,0,0,27.4,11.25,18.75,8.65,4.0
fcde6abf-947c-a505-86db-6ee8fd387a7f,1968-06-26,,999-93-6057,S99921961,X72256818X,Mrs.,Janie347,Macejkovic424,,Nicolas769,M,black,nonhispanic,F,Bourne  Massachusetts  US,639 Nolan Light,Needham,Massachusetts,Norfolk County,,42.27718234123462,-71.22187171119843,1833189.9605000005,40631.7995,57.5,30,0,30,14,0,1986-08-20 21:06:29,2021-04-14 21:06:29,10.0,1.0,7904.700000000001,30.0,65.0,0,0,0,0,1,0,0,0,0,0,21.200000000000003,6.65,12.9,7.1,2.55
c23879ce-c23c-dbb3-8812-1ecdcbbdfe6f,1969-06-18,,999-35-6329,S99959158,X77115991X,Ms.,Tajuana20,Boyle917,,,S,white,nonhispanic,F,Boston  Massachusetts  US,892 Stoltenberg Passage,Pembroke,Massachusetts,Plymouth County,,42.04778505164992,-70.84061191308163,2644707.6450000005,1431.165,56.5,22,1,21,10,1,1987-08-12 17:07:50,2021-07-14 17:07:50,7.0,7.0,175467.19999999998,1182.0,41.0,0,0,1,0,1,0,0,0,0,0,27.4,11.25,18.75,8.65,4.0
d7c46304-29f5-5ddb-f5df-7d816cf4f318,1983-08-02,,999-59-2801,S99973310,X27644068X,Mrs.,Elana101,Herman763,,Thompson596,M,white,nonhispanic,F,Everett  Massachusetts  US,790 O'Kon Spur Suite 12,Westwood,Massachusetts,Norfolk County,,42.20595941414652,-71.2536606487995,1371509.616,262512.254,42.4,53,3,50,7,3,1987-03-14 09:19:08,2021-08-24 09:19:08,8.0,8.0,213501.96,896.0,122.0,0,0,0,0,1,0,0,0,0,0,27.4,11.25,18.75,8.65,4.0
d6a7458f-9502-ef68-1ff8-539bda019f8c,2009-11-18,,999-49-2761,,,,Claudio955,Swift555,,,,white,hispanic,M,Canton  Massachusetts  US,1034 O'Keefe Wall Unit 28,Worcester,Massachusetts,Worcester County,1610.0,42.30265880733827,-71.88599206217309,46832.225500000015,137222.2845,16.1,60,1,59,11,0,2009-12-13 11:51:36,2021-09-13 11:28:17,3.0,3.0,44218.41,356.0,141.0,1,0,0,0,0,0,0,0,0,0,35.9,14.9,29.3,11.55,8.8
fdc21ebe-f012-0831-ccfc-28d243f4b5ac,1982-07-07,,999-69-7155,S99979213,X48497456X,Mrs.,Luci727,Murphy561,,Wuckert783,M,white,nonhispanic,F,Swampscott  Massachusetts  US,761 O'Conner Junction,Boston,Massachusetts,Suffolk County,2129.0,42.36586733810897,-71.00495623598498,1411179.815,31385.895,43.5,55,1,54,6,1,2000-08-30 17:23:16,2021-06-10 18:32:38,9.0,8.0,29811.16,68.0,89.0,0,0,0,0,1,0,0,0,0,0,24.25,11.25,24.0,9.45,6.3
2eb19e95-d892-0973-f9c1-1c915d3e622d,1993-12-05,,999-28-2661,S99975675,X29397438X,Mrs.,Moira454,McLaughlin530,,Rohan584,M,white,nonhispanic,F,Wrentham  Massachusetts  US,1026 Carroll Extension Apt 25,Somerville,Massachusetts,Middlesex County,2138.0,42.41670609502784,-71.06566467429859,101625.1625,267618.0875,32.1,24,2,22,4,2,2011-11-14 17:35:27,2021-09-19 17:35:27,4.0,4.0,1135.79,37.0,73.0,0,0,0,0,1,0,0,0,0,0,23.95,8.8,16.9,6.85,4.25
07fc8824-40ff-4c97-898d-f906bc6f2fd3,1954-08-01,,999-44-6768,S99957751,X14773964X,Mrs.,Fleta652,Pollich983,,Zboncak558,M,white,nonhispanic,F,Boston  Massachusetts  US,646 Weimann Hollow,Fall River,Massachusetts,Bristol County,2721.0,41.63971953436055,-71.17374613912106,1753680.4050000005,323196.155,71.4,41,3,38,25,1,1972-09-24 06:43:09,2021-11-07 06:43:09,1.0,1.0,7.42,1.0,62.0,0,0,0,0,0,0,0,0,0,0,35.25,21.450000000000003,30.799999999999997,11.85,9.0
7bc66758-5d59-0b38-1532-29a33fa146c1,1911-07-14,,999-60-8357,S99926288,X64417126X,Mrs.,Susana117,Meléndez48,,Delatorre612,M,white,hispanic,F,San Juan  Puerto Rico  PR,435 Bode Ferry Apt 60,Westfield,Massachusetts,Hampden County,1085.0,42.120393050403706,-72.73444218142045,1458536.7575000003,2767934.962499999,114.5,158,11,145,58,6,1912-09-26 02:47:25,2021-06-25 18:47:25,103.0,6.0,101718.03,1559.0,78.0,0,0,1,0,1,0,0,0,1,1,32.05,13.8,24.35,9.399999999999999,5.3
dc234609-fb36-d5ba-bf99-c04b4f107790,2021-03-13,,999-51-6602,,,,Otto672,Padberg411,,,,white,nonhispanic,M,Lynn  Massachusetts  US,520 Tromp Viaduct,North Andover,Massachusetts,Essex County,,42.62636475972912,-71.05501854013495,18799.59,0.0,4.8,4,0,4,4,0,2021-03-14 00:45:19,2021-08-22 00:45:19,0.0,0.0,0.0,0.0,2.0,0,0,0,0,0,0,0,0,0,0,27.4,11.25,18.75,8.65,4.0
722b8d8e-7435-5871-ab7d-9f4b900f1a6e,1958-03-10,,999-97-6301,S99993150,X43990142X,Ms.,Val761,Weber641,,,S,black,nonhispanic,F,Beverly  Massachusetts  US,1069 Haley Club,Quincy,Massachusetts,Norfolk County,2169.0,42.20528135269289,-70.97705898887106,2424926.833,293206.567,67.8,54,2,52,43,2,1976-05-03 12:25:33,2021-01-11 12:25:33,58.0,4.0,7138.66,743.0,45.0,0,1,0,0,0,0,0,0,0,0,22.85,11.1,20.55,9.75,4.9
48e5fb94-b8a0-49e0-7426-63cbccc47945,1964-09-14,,999-80-1232,S99977153,X17194361X,Mrs.,Sharlene906,Dach178,,Glover433,M,hawaiian,nonhispanic,F,Boston  Massachusetts  US,739 Padberg Annex Suite 39,Dartmouth,Massachusetts,Bristol County,,41.54200860629125,-71.0063866503759,2015887.0265000009,980143.5934999998,61.3,44,2,42,14,1,1982-11-15 13:24:37,2021-11-08 13:24:37,5.0,2.0,5568.56,58.0,85.0,0,0,0,0,1,0,0,0,0,0,27.4,11.25,18.75,8.65,4.0
08c885d3-43c9-efd4-e8b3-c6140832b18f,2000-09-17,,999-10-2169,S99934185,X43973709X,Mr.,Otto672,Schmeler639,,,,white,nonhispanic,M,Boston  Massachusetts  US,651 Weissnat Dale Suite 59,Cambridge,Massachusetts,Middlesex County,2142.0,42.412661238639295,-71.05684064727942,514650.56000000006,1466.4,25.3,13,0,13,8,0,2012-10-07 15:46:19,2021-05-30 15:46:19,1.0,1.0,35.86,1.0,44.0,0,0,0,0,0,0,0,0,0,0,23.0,7.55,16.35,6.9,3.65
155e8fa2-a0ac-80e4-23e2-0395cdcf1794,2008-10-11,,999-58-4150,,,,Myrtice99,Ernser583,,,,white,hispanic,F,Boston  Massachusetts  US,822 Eichmann Key Apt 39,Nantucket,Massachusetts,Nantucket County,2554.0,41.299941849839286,-70.1089379411243,319525.86999999994,479.42999999999984,17.2,16,0,16,11,0,2011-10-05 03:50:14,2021-11-07 03:50:14,2.0,2.0,46.95,2.0,13.0,0,0,0,0,0,0,0,0,0,0,27.200000000000003,9.2,16.9,7.45,5.25
e26891fb-8959-8553-d12a-f92bd5c3bafa,2002-07-09,,999-95-4935,S99924516,,Ms.,Mae105,D'Amore443,,,,white,nonhispanic,F,Boston  Massachusetts  US,784 Reichert Trailer Apt 50,Ludlow,Massachusetts,Hampden County,,42.19597338393213,-72.40999791625647,543834.2875,3743.6625,23.5,43,0,42,10,0,2012-07-17 04:16:23,2021-10-05 04:16:23,14.0,8.0,6219.870000000001,965.0,67.0,0,1,0,0,0,0,0,0,0,0,27.4,11.25,18.75,8.65,4.0
b4b89a78-2d0b-f956-1c84-b373ffd34e49,1966-03-20,,999-64-4270,S99918186,X18923460X,Ms.,Breanne585,Leffler128,,,S,white,nonhispanic,F,Malden  Massachusetts  US,824 Hammes Village Suite 28,Springfield,Massachusetts,Hampden County,1106.0,42.13091571789715,-72.6030136624855,2731106.391,440167.59899999993,59.8,106,47,59,35,1,1984-05-13 21:47:42,2021-11-04 23:35:19,234.0,9.0,338220.92,27991.0,192.0,0,1,0,0,0,0,0,1,0,0,39.900000000000006,17.8,37.65,14.600000000000001,13.899999999999999
b795bf03-28fb-ad1d-5a43-3e44422700a7,1964-05-04,,999-55-1245,S99943779,X705612X,Mrs.,Janella261,Adams676,,Balistreri607,M,white,nonhispanic,F,Boston  Massachusetts  US,123 Adams Arcade Apt 13,Northampton,Massachusetts,Hampshire County,1060.0,42.313830325870434,-72.63859552662834,2028256.7735000004,380248.6365,61.7,46,0,45,20,0,1981-06-22 23:58:27,2021-06-14 23:58:27,4.0,4.0,8197.29,15.0,68.0,0,0,0,0,1,0,0,0,0,0,23.5,9.9,17.15,8.2,4.199999999999999
49dcfcdb-2e70-3c98-9ce1-7020c1d8850d,1992-01-21,,999-14-5107,S99919260,X67310188X,Mrs.,Camille85,O'Kon634,,Bergnaum523,M,white,nonhispanic,F,Cambridge  Massachusetts  US,284 Nader Crossroad Suite 91,Walpole,Massachusetts,Norfolk County,,42.17400542237636,-71.2986192620538,1007546.32,0.0,33.9,76,4,71,12,4,2010-03-17 01:22:39,2021-11-10 01:22:39,41.0,6.0,1507.58,4450.0,232.0,0,1,0,0,1,0,0,0,0,0,23.0,8.1,14.1,7.45,2.9
35e37786-cae2-06f7-f0da-7fca4b33f3e7,2017-01-03,,999-23-9038,,,,Gudrun69,Glover433,,,,white,nonhispanic,F,Dedham  Massachusetts  US,567 McDermott Gateway Unit 84,Dalton,Massachusetts,Berkshire County,,42.51951646951834,-73.18955468862654,125050.14,474.5099999999999,9.0,18,0,17,13,0,2017-01-03 19:13:40,2020-12-08 19:13:40,2.0,2.0,63.989999999999995,2.0,5.0,0,0,0,0,0,0,0,0,0,0,27.4,11.25,18.75,8.65,4.0
905c24ca-4f11-d6e1-c555-fcf809b6144c,2000-10-11,,999-11-5315,S99930692,X45904390X,Ms.,Betsy439,Bashirian201,,,,white,nonhispanic,F,Belchertown  Massachusetts  US,236 McClure Flat,Pinehurst,Massachusetts,Middlesex County,1866.0,42.52594890943959,-71.26599415478975,399106.1775000001,702.0224999999999,25.2,34,3,31,9,3,2012-11-01 01:12:47,2021-11-04 01:12:47,23.0,10.0,10775.1,1174.0,86.0,0,1,0,0,0,0,0,0,0,0,24.25,11.0,19.2,8.25,3.9499999999999997
5172375b-b342-9aed-8497-6840f37b5297,1984-12-01,,999-36-7334,S99961127,X49971301X,Mr.,Ross213,Willms744,,,M,white,nonhispanic,M,Lynn  Massachusetts  US,796 Ziemann Walk Apt 9,New Bedford,Massachusetts,Bristol County,2740.0,41.58192672311216,-70.96245219480332,960429.255,12519.584999999995,41.1,28,2,26,19,2,2003-01-25 08:39:53,2021-05-08 08:39:53,67.0,8.0,38967.48,7164.0,66.0,0,1,0,0,0,0,0,0,0,0,36.4,21.549999999999997,32.599999999999994,12.6,11.25
478dfbd6-4a0b-f3cb-0d30-a336f9d0c2e8,1999-02-07,,999-19-2838,S99963155,X13281771X,Ms.,Florencia449,Ontiveros947,,,,white,hispanic,F,Wesley  Saint Andrew Parish  DM,781 Cruickshank Wynd Apt 72,Boston,Massachusetts,Suffolk County,2109.0,42.25342119681761,-71.16828979693332,511773.3795,4186.4505,26.9,104,21,83,14,4,1999-10-03 22:12:13,2021-11-07 22:12:13,29.0,9.0,421044.01,323.0,125.0,0,0,0,0,0,0,0,0,0,0,24.25,11.25,24.0,9.45,6.3
49ad5c5c-a6b4-ab0f-8ed9-fe107000d511,1996-12-31,,999-72-1799,S99937485,X62107209X,Mr.,Paris331,West559,,,,black,nonhispanic,M,Chelmsford  Massachusetts  US,915 Funk Vista Apt 27,Marshfield,Massachusetts,Plymouth County,,42.15538258159297,-70.69316642036006,625259.9400000001,0.0,29.0,14,1,13,6,1,2012-02-07 10:41:54,2021-09-07 10:41:54,2.0,2.0,36.58,3.0,34.0,0,0,0,0,0,0,0,0,0,0,27.75,10.25,16.9,8.399999999999999,3.4000000000000004
58287c7e-a28d-2607-00a4-8baab8c7e3ad,1994-07-09,,999-88-6441,S99921705,X65095303X,Mr.,Sheldon401,Becker968,,,M,white,nonhispanic,M,Boston  Massachusetts  US,613 Gutkowski Gate,Boston,Massachusetts,Suffolk County,2115.0,42.33545929799704,-71.10771316155673,660323.1950000003,1429.0649999999998,31.5,31,0,29,9,0,2012-05-27 02:52:19,2021-10-14 17:52:19,39.0,8.0,38688.98,109.0,53.0,0,0,0,0,0,0,0,0,0,0,24.25,11.25,24.0,9.45,6.3
fbe20eaf-cbd9-11a2-2791-d69cc00771bb,1976-08-26,,999-83-2588,S99954861,X83266101X,Mrs.,Glinda951,O'Keefe54,,Flatley871,M,white,nonhispanic,F,West Brookfield  Massachusetts  US,715 Sipes Fort Suite 53,Boston,Massachusetts,Suffolk County,2125.0,42.39398714827816,-71.10334846412215,1778449.7470000002,193985.823,49.3,35,0,34,21,0,1978-05-21 07:03:14,2021-09-28 13:03:14,38.0,7.0,44963.17,499.0,61.0,1,1,0,0,1,0,0,0,0,0,24.25,11.25,24.0,9.45,6.3
e976b84c-d166-c32d-2f8f-152ad6b5e3af,1968-12-07,,999-71-3367,S99954068,X13585871X,Mr.,Van763,Zieme486,,,M,white,nonhispanic,M,Worcester  Massachusetts  US,344 Gerlach Route Apt 77,Saugus,Massachusetts,Essex County,1906.0,42.510559370173816,-71.04059281351084,1371646.0974999997,17573.212499999998,57.1,96,5,78,35,4,1971-11-07 14:32:07,2021-10-02 05:32:07,116.0,9.0,88142.76000000001,12928.0,144.0,1,1,0,0,1,0,1,0,0,0,29.4,12.7,23.25,9.2,5.1
cb6e8532-cd9a-0e39-48cd-c97b37cad662,1994-12-07,,999-34-9481,S99965130,X69058X,Mr.,Ronny764,Klein929,,,,asian,nonhispanic,M,Hong Kong  Hong Kong Special Administrative Region  CN,966 Pacocha Harbor Apt 68,Boston,Massachusetts,Suffolk County,2113.0,42.40206940194544,-70.97679078018808,667274.5199999999,3649.32,31.1,21,1,20,10,1,2009-12-31 13:45:56,2021-03-17 10:45:56,12.0,2.0,8701.6,34.0,68.0,0,0,0,0,1,0,0,0,0,0,24.25,11.25,24.0,9.45,6.3
3248ffc6-0867-0684-6309-c5ec2cba48ee,1974-07-11,,999-15-8337,S99930147,X12142321X,Mr.,Salvador46,Ozuna605,,,M,white,hispanic,M,Santiago de los Caballeros  Santiago  DO,995 Abernathy Harbor Unit 65,Taunton,Massachusetts,Bristol County,,41.894007548206325,-71.0713333837072,1171626.1900000002,3021.18,51.5,39,3,34,22,3,1992-09-03 22:05:25,2021-07-15 22:05:25,46.0,3.0,98367.94,341.0,86.0,1,0,0,0,0,0,1,0,0,0,33.400000000000006,17.9,25.85,10.35,6.449999999999999
731ddb1c-4c88-f6f1-3c54-e5fc5bb4c23d,1961-12-01,,999-55-9263,S99974057,X37732831X,Mrs.,Jolanda321,Hyatt152,,Rath779,M,white,nonhispanic,F,Mansfield Center  Massachusetts  US,546 Block Village,Lawrence,Massachusetts,Essex County,1840.0,42.68017610309894,-71.17665563367756,2179281.8325,2208.7275,64.1,83,0,83,42,0,1980-01-25 14:08:35,2021-09-17 14:08:35,222.0,10.0,66686.48,31728.0,110.0,0,1,0,0,0,0,0,0,0,0,37.35,14.6,38.95,14.45,18.75
a2ac2a39-b1eb-a338-3aca-7598d56e4501,2001-09-30,,999-23-4793,S99944519,X23591298X,Ms.,Lin401,Powlowski563,,,,white,nonhispanic,F,Gloucester  Massachusetts  US,137 Mosciski Promenade Unit 97,Quincy,Massachusetts,Norfolk County,2170.0,42.25035363973432,-71.07194623700215,52894.614999999976,11113.194999999998,24.3,19,3,16,9,3,2011-04-11 11:40:01,2021-08-29 08:40:01,6.0,6.0,381.31,18.0,39.0,0,0,0,0,0,0,0,0,0,0,22.85,11.1,20.55,9.75,4.9
0354da61-b0c8-3469-d3f6-c2fd0f508b7a,1974-12-31,,999-56-5795,S99988175,X63677301X,Ms.,Scarlett814,Breitenberg711,,,S,asian,nonhispanic,F,Cochituate  Massachusetts  US,383 Kozey Drive,Arlington,Massachusetts,Middlesex County,,42.45980348965176,-71.13860242601132,450028.4545,563871.0655,51.0,56,3,53,28,2,1993-02-23 07:36:01,2021-08-03 07:36:01,103.0,10.0,27169.19,20668.0,75.0,0,1,0,0,1,0,0,0,0,0,22.4,7.199999999999999,14.75,7.1,2.75
3b7ccd6e-f331-abc9-a498-a16280c3ee10,1978-12-03,,999-58-9832,S99999684,X24173638X,Mrs.,Sanjuana985,Ritchie586,,Rempel203,M,white,nonhispanic,F,Milford  Massachusetts  US,1048 Wyman Center Unit 36,Peabody,Massachusetts,Essex County,1960.0,42.49176112203003,-71.01583895839069,1380170.846,55102.87399999999,47.1,40,2,38,9,2,1987-06-16 10:20:45,2021-07-16 22:01:29,10.0,7.0,27613.9,90.0,72.0,0,0,0,0,0,0,0,0,0,0,29.25,12.25,23.05,9.15,5.25
30806a79-c973-cf34-8b67-745d9ef038d8,1956-10-20,,999-86-6692,S99918683,X43498344X,Mrs.,Xiomara943,Sporer811,,O'Hara248,M,white,nonhispanic,F,Ashland  Massachusetts  US,868 Satterfield Corner Suite 59,Lynn,Massachusetts,Essex County,1901.0,42.466367328472096,-70.93495749676036,676485.4465,836358.8434999996,69.2,30,1,29,13,1,1971-11-27 23:44:18,2021-05-08 23:44:18,19.0,12.0,915.4200000000001,95.0,53.0,0,0,0,0,1,0,0,0,0,0,33.849999999999994,14.649999999999999,32.0,12.0,11.9
b9a2dccd-6eb0-0014-bc92-527b5dde701d,1976-08-16,,999-57-2496,S99970666,X73880132X,Mrs.,Trista955,Kertzmann286,,Roob72,M,white,nonhispanic,F,Newton  Massachusetts  US,858 Durgan Gate,Northborough,Massachusetts,Worcester County,1532.0,42.31455249265744,-71.60913179509711,1564907.3345,606865.9955,49.4,55,2,53,7,2,1992-10-20 16:56:30,2021-10-29 14:22:48,10.0,7.0,29213.000000000004,451.0,99.0,0,0,0,0,1,0,0,0,0,0,28.15,8.5,17.299999999999997,7.9,3.05
38d4ec1b-e8fe-ee81-0634-4d0ac7dc140f,1966-02-07,,999-51-8712,S99989490,X45709143X,Mrs.,Maribel82,Haley279,,Dietrich576,M,white,nonhispanic,F,Revere  Massachusetts  US,260 McLaughlin Parade Suite 92,Mansfield Center,Massachusetts,Bristol County,,41.98740029617877,-71.19588203630575,933103.9775,9299.3625,59.9,45,1,44,16,1,1984-04-02 15:21:41,2021-04-12 15:21:41,17.0,7.0,28496.37,89.0,70.0,0,0,0,0,1,0,0,0,0,0,28.6,12.1,18.6,7.699999999999999,3.8499999999999996
5ac6dd24-2c5c-0ac0-91f2-7c10348c139a,1958-11-26,,999-67-7298,S99928218,X35111169X,Mr.,Denis399,Abshire638,,,M,white,nonhispanic,M,Seekonk  Massachusetts  US,234 Gottlieb Wynd Apt 59,South Amherst,Massachusetts,Hampshire County,,42.32231326775859,-72.50748697067748,259676.39999999997,10444.26,67.1,30,0,30,22,0,1977-01-19 20:14:55,2021-05-05 20:14:55,28.0,4.0,18018.63,280.0,64.0,0,0,1,0,0,0,0,0,0,0,27.4,11.25,18.75,8.65,4.0
e9bb3dbd-e1ea-cff0-0646-71d64be48193,1989-09-02,,999-70-4964,S99935769,X6215093X,Mrs.,Helga481,Abshire638,,Bailey598,M,white,nonhispanic,F,Yarmouth  Massachusetts  US,771 Hartmann Rapid Unit 59,Hingham,Massachusetts,Plymouth County,,42.25518353118176,-70.90900635339709,1159684.89,0.0,36.3,31,2,29,5,2,2007-10-27 13:51:23,2021-09-18 13:51:23,5.0,4.0,17601.36,49.0,73.0,0,0,0,0,1,0,0,0,0,0,25.65,7.75,13.899999999999999,7.199999999999999,2.5999999999999996
f42c7ebb-76cb-c999-e713-73169d94ccce,2001-07-11,,999-10-9710,S99921572,X70095954X,Ms.,Kiyoko456,Reilly981,,,,white,nonhispanic,F,Boston  Massachusetts  US,236 Crist Brook,Westfield,Massachusetts,Hampden County,,42.09711435283395,-72.77095965647317,564552.4600000001,0.0,24.5,26,1,25,9,1,2012-07-25 22:47:50,2021-09-29 22:47:50,5.0,5.0,1994.4,40.0,58.0,0,0,0,0,1,0,0,0,0,0,32.05,13.8,24.35,9.399999999999999,5.3
3fda13ae-c868-c505-10ee-3f6d4b694b84,2019-06-26,,999-23-5202,,,,Nelida367,Jacobi462,,,,white,nonhispanic,F,Brookline  Massachusetts  US,501 Donnelly Mall,Scituate,Massachusetts,Plymouth County,,42.19989995413264,-70.71156748361882,63085.5325,3095.7675000000004,6.5,11,0,11,9,0,2019-06-26 08:34:03,2021-06-02 08:34:03,2.0,2.0,185.49,2.0,7.0,0,0,0,0,0,0,0,0,0,0,26.5,9.100000000000001,15.95,8.149999999999999,3.0999999999999996
ca063a61-6723-6d9c-b0b8-8bf1c7308b20,1951-02-22,,999-14-4317,S99928925,X78604966X,Mrs.,Britt177,Sanford861,,Klocko335,M,white,nonhispanic,F,Lynn  Massachusetts  US,266 Stroman Loaf,Boston,Massachusetts,Suffolk County,2118.0,42.35665709831395,-71.09699963745855,2366359.350500001,152238.6495,74.9,35,0,35,26,0,1969-04-17 19:24:18,2021-06-17 19:24:18,3.0,3.0,945.1899999999999,12.0,65.0,0,0,0,0,0,0,0,0,0,1,24.25,11.25,24.0,9.45,6.3
ff59238a-9508-b0e5-39f4-0d4afcbe6f43,2004-06-17,,999-32-7169,S99981576,,,Keven605,Botsford977,,,,white,nonhispanic,M,Methuen  Massachusetts  US,914 Purdy Promenade Suite 6,Quincy,Massachusetts,Norfolk County,2171.0,42.224478850329206,-71.11797265828761,1059614.1775,144071.2725,21.5,81,2,79,10,2,2009-09-11 01:41:26,2021-11-05 01:41:26,5.0,4.0,83064.34000000001,362.0,92.0,0,0,0,0,0,0,0,0,0,0,22.85,11.1,20.55,9.75,4.9
bfe5fb30-e78a-abb8-a83a-788816ae9fe4,2014-10-16,,999-76-6827,,,,Shelby741,Muller251,,,,black,nonhispanic,M,North Reading  Massachusetts  US,860 Boyer Underpass,Boston,Massachusetts,Suffolk County,2120.0,42.29417261820406,-70.98156972816999,189319.37,56.21999999999992,11.2,24,1,23,16,1,2014-10-16 11:38:25,2021-10-24 12:19:43,7.0,4.0,107.53,9.0,9.0,0,0,0,0,0,0,0,0,0,0,24.25,11.25,24.0,9.45,6.3
20a75f26-b297-4120-72e6-602ee5e9f4e4,1991-12-13,,999-29-4643,S99916522,X77819579X,Mr.,Leif534,Rath779,,,M,hawaiian,nonhispanic,M,Westfield  Massachusetts  US,526 Reinger Club Apt 95,Boston,Massachusetts,Suffolk County,2116.0,42.25798375735956,-71.05133092469782,716112.6030000002,664284.1369999998,34.1,22,2,20,12,1,1993-05-08 21:22:28,2021-06-27 11:22:28,29.0,7.0,164494.35,5175.0,77.0,0,1,0,0,0,0,0,0,0,0,24.25,11.25,24.0,9.45,6.3
25e2030b-e0c7-3b91-d434-57693cb72659,1948-01-14,,999-83-4577,S99973895,X30940965X,Ms.,Ethelene252,Reilly981,,,S,white,nonhispanic,F,Merrimac  Massachusetts  US,459 Walsh Estate,Quincy,Massachusetts,Norfolk County,2171.0,42.31956116658612,-71.04525386637573,1943993.998,15052.691999999995,78.0,106,2,104,54,2,1951-09-07 03:59:38,2021-08-01 14:59:38,148.0,4.0,4216.92,21674.0,64.0,0,1,0,0,1,0,0,0,0,0,22.85,11.1,20.55,9.75,4.9
98120f78-9add-614d-d23f-1a600e4426e9,1993-04-03,,999-78-9056,S99934121,X42088260X,Mr.,Wm806,Fahey393,,,M,asian,nonhispanic,M,Sherborn  Massachusetts  US,948 Wilkinson Passage Suite 64,Worcester,Massachusetts,Worcester County,1607.0,42.292662577381776,-71.78979907293582,41311.09,0.0,32.7,17,0,17,10,0,2011-05-28 06:35:39,2021-03-27 06:35:39,19.0,2.0,15018.93,57.0,57.0,0,0,0,0,0,0,0,0,0,0,35.9,14.9,29.3,11.55,8.8
bebfd4c4-1fcb-6cf4-5488-29c7b456089c,2000-07-05,,999-65-1971,S99910745,X53247191X,Ms.,Mabelle762,Nienow652,,,,other,nonhispanic,F,West Brookfield  Massachusetts  US,1058 Leannon Promenade,Southwick,Massachusetts,Hampden County,,42.03153513684869,-72.80534034728112,1264857.62,0.0,25.5,90,1,89,8,1,2001-05-21 18:21:20,2021-05-29 15:21:20,5.0,4.0,94872.71,527.0,113.0,0,0,0,0,0,0,0,0,0,0,27.4,11.25,18.75,8.65,4.0
916fc065-f5a1-219f-42c2-13066c4e20eb,2012-01-21,,999-27-2538,,,,Betsy439,Morissette863,,,,white,nonhispanic,F,New Bedford  Massachusetts  US,351 Ferry Street Suite 24,Lynn,Massachusetts,Essex County,1906.0,42.49731634690793,-71.04094904079054,253153.19,1354.05,13.9,27,1,26,18,1,2012-01-21 11:45:58,2021-01-23 11:45:58,6.0,6.0,93.68,6.0,9.0,0,0,0,0,0,0,0,0,0,0,33.849999999999994,14.649999999999999,32.0,12.0,11.9
d4dd09e5-8eae-7136-407c-df2715f2643b,1979-10-15,,999-30-9113,S99965790,X26705261X,Ms.,Shemeka786,Kertzmann286,,,S,white,nonhispanic,F,Fitchburg  Massachusetts  US,443 Kulas Ferry Apt 28,Fitchburg,Massachusetts,Worcester County,,42.626160472899,-71.8099604265503,1411378.6660000002,283131.96400000004,46.2,56,2,54,10,2,1983-03-27 12:39:00,2021-11-01 17:39:00,8.0,7.0,20075.789999999997,85.0,65.0,0,0,0,0,1,0,0,0,0,0,35.900000000000006,14.899999999999999,28.9,11.3,8.95
ed45e2f4-8d33-22c1-9dcc-979f2c801297,2000-03-21,,999-61-1839,S99982841,X71813348X,Mr.,Jorge203,Boyer713,,,,white,nonhispanic,M,East Longmeadow  Massachusetts  US,130 Leffler Throughway Suite 13,Boston,Massachusetts,Suffolk County,2129.0,42.32007274401126,-71.08246445621484,1286579.07,17772.84,25.8,90,5,83,8,4,2001-03-06 05:45:15,2021-02-23 08:45:15,8.0,6.0,176981.46,636.0,112.0,0,0,0,0,0,0,0,0,0,0,24.25,11.25,24.0,9.45,6.3
9b02c15f-b00b-9618-929a-be6e432bd191,1929-08-22,,999-88-4257,S99944444,X27715695X,Mrs.,Ligia986,Becker968,,Nitzsche158,M,black,nonhispanic,F,Halifax  Massachusetts  US,980 Reichel Plaza Unit 32,Boston,Massachusetts,Suffolk County,2118.0,42.3167292781576,-71.12783856558234,2310490.2130000005,393576.747,96.4,64,0,64,22,0,1943-09-23 23:35:32,2021-11-01 23:35:32,36.0,4.0,411.92,420.0,70.0,0,0,0,0,1,0,0,0,0,1,24.25,11.25,24.0,9.45,6.3
7d92a965-b73e-fdd6-acd0-7b97a62d96f7,1993-05-18,,999-63-8792,S99952593,X86488695X,Mr.,Lou594,Dickinson688,,,M,white,nonhispanic,M,Methuen  Massachusetts  US,407 Frami Frontage road,Beverly,Massachusetts,Essex County,1915.0,42.59068904331252,-70.88246524498201,706027.9125,2824.4475,32.6,14,0,13,5,0,2011-07-12 08:46:37,2021-07-27 08:46:37,2.0,1.0,14.330000000000002,2.0,41.0,0,0,0,0,0,0,0,0,0,0,28.4,10.55,19.65,8.0,3.8
f9aa1bd1-6273-2f88-c9c3-39f7b9c0c270,1968-04-22,,999-22-3672,S99972437,X86871324X,Mrs.,Macy314,Stroman228,,Hackett68,M,black,nonhispanic,F,Dighton  Massachusetts  US,437 Lebsack Trace,Dartmouth,Massachusetts,Bristol County,,41.575248813599394,-70.91194789359125,1559851.6025000005,84381.99750000008,57.7,78,47,31,16,1,1974-04-08 23:30:18,2021-08-03 08:58:01,11.0,4.0,270.78,11.0,95.0,0,0,0,0,0,0,0,1,0,0,27.4,11.25,18.75,8.65,4.0
5a0b111e-9440-a534-f2b9-12c100d89868,1973-02-09,,999-48-3383,S99930266,X25596721X,Mrs.,Robbin22,Green467,,Gottlieb798,M,white,nonhispanic,F,Brockton  Massachusetts  US,296 Durgan Plaza Apt 94,Medford,Massachusetts,Middlesex County,2145.0,42.379582134322845,-71.05829611459099,1751635.5560000003,668279.4739999999,52.9,73,23,50,14,2,1982-05-25 03:45:16,2021-05-08 03:45:16,10.0,9.0,11177.800000000001,74.0,113.0,0,0,0,0,0,0,0,1,0,0,24.6,9.899999999999999,18.4,7.800000000000001,4.15
b48ab7a7-cdd4-7604-c9e3-9a873e905359,1937-11-04,,999-57-8621,S99934487,X74275556X,Mr.,Vaughn909,Crooks415,,,M,white,nonhispanic,M,Palmer  Massachusetts  US,478 Miller Bridge Apt 0,Haverhill,Massachusetts,Essex County,1830.0,42.73357795359114,-71.12545975580984,2198977.4794999994,65703.4905,88.2,78,1,77,67,1,1948-11-19 01:31:21,2021-04-02 01:31:21,201.0,6.0,1155.55,48899.0,52.0,0,1,0,0,1,0,0,0,0,0,31.75,13.55,25.7,9.8,7.3
46a347db-536c-5074-ab87-66802ca5395b,2017-08-06,,999-14-6917,,,,Shona685,Swift555,,,,white,nonhispanic,F,Wilmington  Massachusetts  US,617 Lubowitz Stravenue Unit 37,Malden,Massachusetts,Middlesex County,2148.0,42.39449565679059,-71.08857991791882,109992.63,131.21999999999994,8.4,15,0,15,13,0,2017-08-06 07:41:14,2021-07-11 07:41:14,1.0,1.0,12.28,1.0,4.0,0,0,0,0,0,0,0,0,0,0,25.5,12.1,23.700000000000003,10.05,5.75
db827d6a-d1c7-cd51-9b86-626ab88d58da,2010-02-06,,999-52-5183,,,,Donny470,Howe413,,,,black,nonhispanic,M,North Andover  Massachusetts  US,235 Ullrich Trace Apt 91,Seekonk,Massachusetts,Bristol County,,41.84573050252162,-71.34132167392315,303455.11,0.0,15.9,20,3,17,12,3,2012-01-15 00:49:16,2021-10-11 00:49:16,6.0,4.0,195.06,9.0,10.0,0,0,0,0,0,0,0,0,0,0,27.4,11.25,18.75,8.65,4.0
27ee3743-45c8-dbad-f3b3-1a49a39e8b83,1940-08-16,,999-79-2859,S99946207,X39392834X,Mr.,Marcelo725,Kub800,,,M,white,nonhispanic,M,Gardner  Massachusetts  US,707 Kassulke Mill Suite 54,Spencer,Massachusetts,Worcester County,1562.0,42.26029933763829,-72.00828134916623,1951917.6915,71349.75850000001,85.4,124,1,110,64,1,1943-01-13 15:13:51,2021-10-30 01:13:51,160.0,10.0,49331.99,2009.0,210.0,1,1,0,0,0,0,1,0,0,0,35.7,16.85,28.1,10.95,6.75
62857336-4176-3277-206d-58ba274aed30,1962-10-02,,999-52-1703,S99994734,X48792510X,Mr.,Gerardo48,Herman763,,,M,white,nonhispanic,M,Nantucket  Massachusetts  US,635 Becker Course,Shrewsbury,Massachusetts,Worcester County,,42.26977960026351,-71.75758854939069,1490077.2450000006,14030.925,63.2,24,1,23,16,1,1980-12-02 11:34:19,2021-04-20 11:34:19,3.0,3.0,111.28,210.0,62.0,0,0,0,0,0,0,0,0,0,0,27.4,11.25,18.75,8.65,4.0
6631206a-710c-945b-a5a3-e71390a411f8,1959-12-10,,999-30-6978,S99919958,X57733097X,Mr.,Andre610,Grant908,,,M,white,nonhispanic,M,Wrentham  Massachusetts  US,1066 Zemlak Light,Newton,Massachusetts,Middlesex County,2459.0,42.29436906920094,-71.18825003538605,2389227.1750000003,1089.614999999999,66.1,66,2,64,44,2,1960-11-23 07:21:26,2021-11-04 21:21:26,110.0,8.0,14835.26,16732.0,59.0,0,1,0,0,1,0,0,0,0,0,21.35,6.7,14.8,7.25,2.7
8adb0f0b-979c-f354-4afe-93335d71af3a,1975-03-10,,999-66-9877,S99984073,X74933308X,Mrs.,Juana825,Duarte203,,Menéndez746,M,white,hispanic,F,Salisbury  Saint Joseph Parish  DM,677 Gaylord Divide Apt 82,Boston,Massachusetts,Suffolk County,2125.0,42.33732344348683,-70.99947494029013,1971273.33,5422.41,50.8,50,2,48,11,2,1993-05-03 04:21:46,2021-10-11 04:21:46,10.0,9.0,158794.59000000003,887.0,90.0,0,0,0,0,1,0,0,0,0,0,24.25,11.25,24.0,9.45,6.3
2af3a46e-757d-0544-452c-1231039f4a6b,1963-12-05,,999-20-1427,S99993425,X21642505X,Mr.,Kenton313,Strosin214,,,M,asian,nonhispanic,M,Delhi  Delhi  IN,959 Fisher Frontage road,Everett,Massachusetts,Middlesex County,2148.0,42.40747872666359,-71.05357378399327,1470208.3500000003,2016.36,62.1,62,0,61,40,0,1982-01-28 22:06:18,2021-09-09 22:06:18,149.0,8.0,75552.34,29536.0,69.0,1,1,0,0,0,0,0,0,0,0,30.95,16.05,29.0,11.3,10.149999999999999
6493c2c4-8139-16da-0a7e-39cf37bc3b2f,2002-06-22,,999-76-1295,S99932347,,Ms.,Filomena215,Miller503,,,,white,nonhispanic,F,Lynn  Massachusetts  US,485 Konopelski Bridge,Reading,Massachusetts,Middlesex County,,42.48722728247391,-71.10101199953009,536026.0675,306.5924999999999,23.5,20,1,19,10,1,2012-06-30 10:19:13,2021-08-21 10:19:13,3.0,3.0,8033.37,29.0,42.0,0,0,0,0,0,0,0,0,0,0,23.1,8.2,15.3,7.15,2.85
1f10b0a5-575f-fde2-c602-f65c014c6bf7,1971-11-13,,999-30-5743,S99943469,X66216760X,Mr.,Monroe732,Streich926,,,M,white,hispanic,M,Belmont  Massachusetts  US,695 Breitenberg Orchard,Boston,Massachusetts,Suffolk County,2203.0,42.34994977105996,-71.03508204594453,1110326.7899999998,0.0,54.1,35,4,31,10,4,1977-04-22 13:30:24,2021-11-13 13:30:24,15.0,7.0,93356.49,896.0,44.0,0,0,0,0,1,0,0,0,0,0,24.25,11.25,24.0,9.45,6.3
1f6ca3a4-3383-37f6-45d3-bfe282c43b10,2012-03-05,,999-62-1439,,,,Roseanna881,Mayer370,,,,white,nonhispanic,F,Boston  Massachusetts  US,927 Prohaska Fork,Boston,Massachusetts,Suffolk County,2136.0,42.38537791585725,-71.04799129352651,236989.885,10067.655,13.8,27,1,26,18,1,2012-03-05 12:42:16,2021-10-09 03:42:16,4.0,3.0,64.80000000000001,4.0,12.0,0,0,0,0,0,0,0,0,0,0,24.25,11.25,24.0,9.45,6.3
36a83b79-3f28-57dc-b0cc-6dccdcb2c2b0,2001-01-07,,999-50-3118,S99993605,X35065313X,Ms.,Asuncion264,Heidenreich818,,,,white,nonhispanic,F,Haverhill  Massachusetts  US,287 Halvorson Ranch Unit 86,Somerville,Massachusetts,Middlesex County,2145.0,42.38766148820415,-71.09474160284749,514091.7625,635.5875,25.0,16,1,15,10,1,2012-01-22 05:14:34,2021-03-14 05:14:34,6.0,3.0,752.6800000000001,57.0,41.0,0,1,0,0,0,0,0,0,0,0,23.95,8.8,16.9,6.85,4.25
49103abc-8e28-03bd-deb0-bca5082e23ba,1979-11-15,,999-96-1503,S99991127,X11655352X,Ms.,Moon129,Ledner144,,,S,white,nonhispanic,F,Boston  Massachusetts  US,973 Nicolas Heights,Fall River,Massachusetts,Bristol County,2723.0,41.68599969204598,-71.13528116371256,1586245.57,123862.22,46.1,64,3,61,12,3,1998-01-08 08:18:50,2021-09-09 08:18:50,16.0,7.0,9079.09,96.0,145.0,0,0,0,0,1,0,0,0,0,0,35.25,21.450000000000003,30.799999999999997,11.85,9.0
a38b1195-9818-4286-ab60-96234d78c2b9,1960-12-23,,999-99-9159,S99970997,X87002556X,Mr.,Isaiah615,Christiansen251,,,M,white,nonhispanic,M,Raynham  Massachusetts  US,950 Quitzon Parade Suite 4,Boston,Massachusetts,Suffolk County,2114.0,42.33578457796529,-71.12624383132548,194124.2025,123579.84749999996,65.0,28,2,26,16,1,1963-02-20 05:15:15,2021-05-14 23:15:15,1.0,1.0,24.86,1.0,55.0,0,0,0,0,0,0,0,0,0,0,24.25,11.25,24.0,9.45,6.3
477d1553-c12f-bef6-bf9a-bc6ae658a6a0,2015-02-09,,999-44-2696,,,,Daren950,Schmidt332,,,,black,nonhispanic,M,Boston  Massachusetts  US,460 Strosin Run,Whitman,Massachusetts,Plymouth County,,42.0318582864013,-70.91859830590364,170591.8625,2462.5875000000005,10.9,17,0,17,15,0,2015-02-09 22:40:24,2021-01-25 22:40:24,0.0,0.0,0.0,0.0,6.0,0,0,0,0,0,0,0,0,0,0,27.4,11.25,18.75,8.65,4.0
00c9ca99-6b9f-add4-8759-f7dfee6ea1a4,1966-07-31,,999-88-1607,S99987613,X85436867X,Mrs.,Keisha459,Kilback373,,Bosco882,M,white,hispanic,F,Charlton  Massachusetts  US,386 Blick Tunnel Suite 4,Fitchburg,Massachusetts,Worcester County,1420.0,42.5638654555982,-71.77150417385724,1715017.6860000002,562818.174,59.4,47,1,45,18,1,1976-08-08 17:59:09,2021-09-12 17:59:09,14.0,7.0,4029.7599999999998,144.0,55.0,0,0,0,0,1,0,0,0,0,0,35.900000000000006,14.899999999999999,28.9,11.3,8.95
7bbf12a9-8dd5-356c-175f-4c29bddba047,1978-02-27,,999-52-4512,S99974599,X83109519X,Mrs.,Sondra191,Robel940,,Wiegand701,M,white,nonhispanic,F,Boston  Massachusetts  US,151 Dare Drive Suite 60,Lowell,Massachusetts,Middlesex County,1852.0,42.669319841492666,-71.31937774288349,751735.5574999998,199529.0225,47.8,84,3,81,27,2,1984-05-28 17:06:42,2021-09-21 04:06:42,96.0,12.0,20629.61,18980.0,132.0,1,1,0,0,1,0,0,0,0,0,27.45,14.35,27.7,11.05,8.2
579dc752-5705-6967-db68-1e20800a1661,2016-05-07,,999-23-3974,,,,Chanell45,Skiles927,,,,white,nonhispanic,F,Arlington  Massachusetts  US,729 Weber Ramp Unit 63,Adams,Massachusetts,Berkshire County,1220.0,42.64074683005859,-73.12446622170341,18663.719,11280.660999999998,9.7,23,1,22,14,1,2016-05-07 08:25:21,2021-09-01 03:25:21,15.0,5.0,14542.25,65.0,9.0,0,0,0,1,0,0,0,0,0,0,33.2,16.1,23.75,10.0,5.449999999999999
e133001b-40ea-e5c8-d1da-9bdcd829776d,1949-12-09,,999-29-2572,S99954260,X51632076X,Mr.,Kirk871,Gaylord332,,,M,white,nonhispanic,M,Reading  Massachusetts  US,846 Jacobson Drive,Salem,Massachusetts,Essex County,,42.50714307796301,-70.86676588280066,270287.9059999999,341580.21399999986,76.1,67,1,66,53,1,1951-05-29 02:02:10,2020-11-28 04:47:10,122.0,7.0,67556.38,20485.0,48.0,0,1,0,0,1,0,0,0,0,0,29.9,11.2,22.35,8.899999999999999,5.55
411b4d1d-dd68-1a09-7d8a-7d1f0e7a3d7c,1989-12-19,,999-36-9442,S99966454,X72037745X,Ms.,Nanci249,Kreiger457,,,S,hawaiian,nonhispanic,F,East Harwich  Massachusetts  US,328 Hartmann Ferry Suite 1,Methuen,Massachusetts,Essex County,1841.0,42.67136702086301,-71.12351998072769,1107525.1235,427571.0665,36.0,58,3,55,14,3,2008-02-12 15:38:20,2021-10-26 15:38:20,17.0,4.0,985.19,188.0,199.0,0,1,0,0,0,0,0,0,0,0,27.4,11.25,18.75,8.65,4.0
4a4fd874-cf7c-d4f5-07a1-77b844d97c5f,1997-06-15,,999-82-8090,S99936932,X53018491X,Ms.,Lynsey2,Rath779,,,,white,nonhispanic,F,Lanesborough  Massachusetts  US,882 Roob Track,Lancaster,Massachusetts,Worcester County,,42.46227382953598,-71.63791673798012,761161.4710000001,137412.109,28.5,59,4,55,6,4,2002-09-24 21:34:37,2021-06-20 11:34:37,6.0,4.0,4262.12,39.0,101.0,0,0,0,0,0,0,0,0,0,0,27.4,11.25,18.75,8.65,4.0
1e2bd11c-6949-0dba-c7b3-890aa0023fde,1996-02-20,,999-70-5278,S99984173,X85122636X,Ms.,Randa356,Nader710,,,,white,nonhispanic,F,East Bridgewater  Massachusetts  US,909 Heathcote Terrace Unit 87,North Adams,Massachusetts,Berkshire County,1247.0,42.71060511543424,-73.05012111711382,635188.5875000001,2813.3325,29.9,34,0,34,11,0,2009-01-15 09:40:00,2021-11-09 15:40:00,17.0,8.0,10436.85,112.0,66.0,0,0,0,0,0,0,0,0,0,0,34.2,17.35,25.55,10.7,6.25
baaa597d-06af-67c9-837c-620f96157c3b,2002-05-06,,999-32-7156,S99999870,,Ms.,Alva958,Conn188,,,,white,nonhispanic,F,Mashpee  Massachusetts  US,898 Heidenreich Promenade Unit 61,Greenfield,Massachusetts,Franklin County,,42.59168411116021,-72.6232448695412,551443.645,339.13499999999993,23.7,15,0,15,10,0,2012-05-14 19:28:38,2021-11-08 19:28:38,2.0,2.0,834.96,24.0,65.0,0,0,0,0,0,0,0,0,0,0,27.4,14.4,23.15,9.85,5.75
e2826a33-214c-e2c9-d2a3-1a14203ff1b5,1973-12-05,,999-22-6207,S99914581,X80722427X,Mr.,Esteban536,Mitchell808,,,M,native,nonhispanic,M,Southwick  Massachusetts  US,560 Douglas Ferry Suite 17,Lawrence,Massachusetts,Essex County,1840.0,42.74352959775042,-71.14076761556353,1197662.475,3622.544999999999,52.1,45,0,45,30,0,1992-01-29 11:31:11,2021-07-14 11:31:11,32.0,3.0,1131.98,10940.0,62.0,0,1,0,0,1,0,0,0,0,0,37.35,14.6,38.95,14.45,18.75
33edcda2-4853-abe6-9e2b-5a40279cd50b,2015-03-12,,999-15-9126,,,,Rex53,Bailey598,,,,white,nonhispanic,M,Swansea  Massachusetts  US,283 Mann Byway Suite 87,Springfield,Massachusetts,Hampden County,1105.0,42.106443139469775,-72.52958861085786,15944.5455,4068.1945,10.8,17,1,16,15,1,2015-03-12 10:19:10,2021-09-10 11:19:10,2.0,2.0,27.349999999999998,2.0,8.0,0,0,0,0,0,0,0,0,0,0,39.900000000000006,17.8,37.65,14.600000000000001,13.899999999999999
ef82862b-c0f8-7440-2dcb-4d7137349f0d,1988-08-04,,999-42-8417,S99975645,X43216868X,Ms.,Melodie819,Cormier289,,,S,white,nonhispanic,F,Naples  Campania  IT,161 Aufderhar Meadow,South Dennis,Massachusetts,Barnstable County,2660.0,41.66086826863432,-70.15035039930765,1447117.1895,486322.2004999999,37.4,139,4,135,22,4,1999-08-19 22:57:17,2021-11-16 07:00:59,120.0,20.0,120316.82,1438.0,176.0,0,0,1,0,0,0,0,0,0,0,27.9,13.3,20.0,9.4,4.55
c07fdd29-a5c1-6e59-32f4-ce41a4633cd5,1943-08-28,,999-41-8137,S99914378,X40691234X,Mrs.,Bee658,Macejkovic424,,Bashirian201,M,white,nonhispanic,F,Lowell  Massachusetts  US,161 Mitchell Ferry Suite 80,Whitman,Massachusetts,Plymouth County,,42.02987463858016,-70.97173755489487,4015299.6715,533954.7185,82.3,118,5,113,58,4,1943-12-05 03:21:54,2021-09-26 03:21:54,202.0,9.0,17639.07,45382.0,77.0,0,1,0,1,1,0,0,0,0,0,27.4,11.25,18.75,8.65,4.0
420b3566-8788-f95c-0401-f317a9b445e5,1982-11-25,,999-19-2975,S99971902,X57311344X,Mr.,Andres25,Hintz995,,,M,white,nonhispanic,M,Milford  Massachusetts  US,784 Rice Esplanade,Newton,Massachusetts,Middlesex County,2458.0,42.336397816229095,-71.17511889316799,1481643.655,338036.025,43.1,16,1,15,7,1,2001-01-18 12:28:52,2021-04-18 00:28:52,7.0,6.0,62376.74,563.0,17.0,0,0,0,0,1,0,0,0,0,0,21.35,6.7,14.8,7.25,2.7
8baeb614-ce03-cedf-2694-92b70f894886,2013-09-16,,999-46-3147,,,,Emilie407,Kozey370,,,,white,nonhispanic,F,Gloucester  Massachusetts  US,128 Schmitt Manor,Fall River,Massachusetts,Bristol County,2790.0,41.61253246645414,-71.06525763523392,208262.0375,132.4424999999999,12.3,25,1,24,17,1,2013-09-17 01:41:58,2021-09-14 01:41:58,6.0,5.0,43815.3,170.0,11.0,0,0,0,0,0,0,0,0,0,0,35.25,21.450000000000003,30.799999999999997,11.85,9.0
1094e290-28ca-61c8-f170-59648b11b32e,1957-10-24,,999-16-6851,S99987975,X39568994X,Mrs.,Shena75,Larkin917,PhD,Durgan499,M,white,nonhispanic,F,Middleborough  Massachusetts  US,647 Schimmel Boulevard Suite 10,Salem,Massachusetts,Essex County,,42.433004460789896,-70.87897427660404,1764804.6125000007,62282.85749999999,68.2,37,2,35,22,2,1975-12-18 10:18:38,2021-08-19 10:18:38,2.0,2.0,21.86,2.0,61.0,0,0,0,0,1,0,0,0,0,0,29.9,11.2,22.35,8.899999999999999,5.55
bd08fe07-215b-69e4-43d1-24d8326ae686,1993-05-23,,999-56-9038,S99999166,X59300777X,Mrs.,Christia477,Ritchie586,,Schroeder447,M,white,nonhispanic,F,Easton  Massachusetts  US,529 Reynolds Glen,East Dennis,Massachusetts,Barnstable County,2641.0,41.79077026245434,-70.14442104140261,2008847.6225,39559.2975,32.6,58,4,53,5,4,1996-06-04 08:08:15,2021-11-14 08:08:15,9.0,8.0,114185.18999999999,670.0,168.0,0,0,0,0,0,0,0,0,0,0,25.9,9.8,17.15,9.35,3.25
c987d011-9807-23da-8487-4d7ce3511a86,1970-10-25,,999-34-4252,S99993551,X36199706X,Mrs.,Hazel720,Sporer811,,Hoppe518,M,white,nonhispanic,F,Worcester  Massachusetts  US,564 Stokes Hollow Suite 51,Arlington,Massachusetts,Middlesex County,2476.0,42.410679690158354,-71.1775413211375,3285140.7290000003,111815.441,55.2,34,0,33,12,0,1976-08-28 13:21:08,2021-10-31 13:21:08,6.0,6.0,13081.13,590.0,47.0,0,0,0,0,1,0,0,0,0,0,22.4,7.199999999999999,14.75,7.1,2.75
1f276bd6-37f3-f5e8-5f02-6118235e2988,2011-05-08,,999-46-4444,,,,Kori635,Gleichner915,,,,white,nonhispanic,F,Merrimac  Massachusetts  US,529 Legros Hollow Unit 65,Upton,Massachusetts,Worcester County,,42.2259884443058,-71.58912886239791,32973.25200000001,12818.957999999997,14.7,26,1,25,15,1,2012-01-16 03:43:45,2021-05-17 03:43:45,22.0,8.0,59296.94,364.0,8.0,0,0,0,1,0,0,0,0,0,0,29.35,9.149999999999999,17.200000000000003,7.7,3.05
db0ba46f-9b5e-63cd-cbe4-3c0ea82abbdf,1960-08-19,,999-62-5005,S99936991,X67560433X,Ms.,Emerita401,Jones311,,,S,white,nonhispanic,F,Hanson  Massachusetts  US,156 Carroll Neck,Springfield,Massachusetts,Hampden County,1013.0,42.078668499394944,-72.60231543171008,800800.9564999996,500527.9535,65.4,67,1,66,42,1,1978-10-13 18:18:43,2021-07-02 18:18:43,61.0,2.0,8.31,665.0,71.0,0,1,0,0,1,0,0,0,0,0,39.900000000000006,17.8,37.65,14.600000000000001,13.899999999999999
3d60584c-574a-16e0-ef8f-c8a7315878e9,1979-04-20,,999-83-7517,S99912085,X60658073X,Mrs.,Carmelina668,Morissette863,,Ernser583,M,white,nonhispanic,F,Oxford  Massachusetts  US,734 Muller Neck Unit 52,Malden,Massachusetts,Middlesex County,2148.0,42.401906297588624,-71.01722980481367,1473050.9370000002,112338.773,46.7,13,3,10,8,3,1997-06-14 03:20:22,2021-10-24 03:57:36,4.0,2.0,34.980000000000004,4.0,27.0,0,0,0,0,1,0,0,0,0,0,25.5,12.1,23.700000000000003,10.05,5.75
a8b166c9-23da-d720-b0e1-296944f432dc,1968-01-07,,999-51-8763,S99951944,X14927503X,Mrs.,Shirlene698,Pfeffer420,,Becker968,M,white,nonhispanic,F,Barnstable  Massachusetts  US,510 Sawayn Gateway,Chicopee,Massachusetts,Hampden County,,42.17037641103767,-72.58639141272742,1866198.4675000007,12357.3225,58.0,152,5,111,36,5,1968-11-01 00:43:20,2021-10-24 14:43:20,231.0,8.0,105559.89,1104.0,317.0,1,1,0,0,0,0,1,0,0,0,34.8,15.8,29.3,11.0,8.100000000000001
50d01b5d-1b6d-4648-c32c-256e5309dc16,1986-04-06,,999-17-7773,S99915089,X27892554X,Mr.,Colby655,Bernier607,,,M,white,nonhispanic,M,Harvard  Massachusetts  US,885 Medhurst Green Suite 24,Agawam,Massachusetts,Hampden County,,42.083580252338216,-72.69170113897731,861473.3025,6191.3775000000005,39.7,10,0,10,7,0,2004-05-30 20:21:55,2020-06-21 20:21:55,0.0,0.0,0.0,0.0,27.0,0,0,0,0,0,0,0,0,0,0,27.4,11.25,18.75,8.65,4.0
819e4007-79c5-5d6c-5db7-7889c1aa0ec3,1955-07-29,,999-95-6746,S99962516,X34575302X,Mrs.,Alycia285,Muller251,,Schowalter414,M,white,nonhispanic,F,Easthampton  Massachusetts  US,909 Fay Path,Montague,Massachusetts,Franklin County,,42.526934082271495,-72.48697482372346,2204454.2255,661764.5345000001,70.4,89,1,87,46,1,1973-09-21 21:29:33,2021-09-23 22:37:32,191.0,6.0,4367.08,36178.0,59.0,0,1,0,0,1,0,0,0,0,0,27.4,11.25,18.75,8.65,4.0
3436e704-73e4-11da-241d-7adeccd97a0d,1953-02-08,,999-69-5611,S99910249,X71365194X,Mr.,Art115,Lesch175,,,S,black,nonhispanic,M,Tewksbury  Massachusetts  US,295 Cormier Trailer,Revere,Massachusetts,Suffolk County,2151.0,42.38198349154479,-71.04522427870835,1418223.5605,15830.8395,72.9,108,13,95,23,4,1957-04-10 18:36:25,2021-10-21 13:10:45,27.0,3.0,99.89,300.0,55.0,0,0,1,0,1,0,0,0,0,0,25.7,14.0,28.4,10.100000000000001,10.25
a90e1118-edb5-4c62-e17e-de38e6720cc0,1975-07-12,,999-13-2592,S99968567,X57033719X,Mrs.,Janiece99,White193,,Goyette777,M,white,nonhispanic,F,Carver  Massachusetts  US,880 Kemmer Path,Lowell,Massachusetts,Middlesex County,1854.0,42.66094706501076,-71.36385537987192,203997.8330000001,775098.787,50.5,59,0,57,41,0,1979-04-03 02:53:26,2021-06-20 02:53:26,94.0,2.0,219318.45,1004.0,59.0,0,0,0,0,1,0,0,0,0,0,27.45,14.35,27.7,11.05,8.2
989f497b-48d4-50e7-2df2-9b583f0ceebc,1983-01-16,,999-89-9511,S99976213,X2691580X,Mrs.,Marjory382,Beatty507,,King743,M,white,nonhispanic,F,Hopkinton  Massachusetts  US,463 Nader Walk,Boston,Massachusetts,Suffolk County,2152.0,42.38294916558821,-71.04008894793539,871783.154,74482.166,43.0,71,2,69,10,2,2001-03-11 09:39:00,2021-05-23 09:39:00,16.0,5.0,37837.770000000004,95.0,189.0,0,0,0,0,0,0,0,0,0,0,24.25,11.25,24.0,9.45,6.3
68f34b8e-efce-ce3e-836d-a815503c7b56,2006-07-02,,999-28-3330,,,,Ana972,Bonilla161,,,,white,hispanic,F,Roseau  Saint George  DM,733 Ward Arcade Unit 36,Dracut,Massachusetts,Middlesex County,,42.68509309396531,-71.2951226551709,401423.4275,4605.2925000000005,19.5,22,2,20,10,2,2012-06-17 06:47:31,2021-11-07 06:47:31,7.0,4.0,1175.32,23.0,24.0,0,0,0,0,0,0,0,0,0,0,27.4,11.25,18.75,8.65,4.0
e259daec-8b59-74a7-a92c-e4451146d6fc,1994-02-14,,999-45-7856,S99918877,X50073367X,Mr.,Josue598,Ortiz186,,,M,white,nonhispanic,M,Milton  Massachusetts  US,441 Ward Estate Apt 6,Amesbury,Massachusetts,Essex County,,42.83665476526856,-70.95727459317747,687195.2525,26071.687500000007,31.9,28,0,27,13,0,2005-02-28 22:51:23,2021-08-11 22:51:23,36.0,7.0,8170.280000000001,7061.0,47.0,0,1,0,0,1,0,0,0,0,0,27.4,11.25,18.75,8.65,4.0
da6e1124-d294-58f9-ff16-a0fe6a3f30dd,2018-07-22,,999-93-7104,,,,Shantae970,Glover433,,,,white,nonhispanic,F,Orleans  Massachusetts  US,493 Dietrich Avenue,Boston,Massachusetts,Suffolk County,2118.0,42.32120897068795,-71.09836936758678,10966.8665,10200.4635,7.4,13,0,13,11,0,2018-07-22 06:07:00,2021-06-27 06:07:00,1.0,1.0,4.86,1.0,6.0,0,0,0,0,0,0,0,0,0,0,24.25,11.25,24.0,9.45,6.3
d6c850ad-7e48-0c4b-23b9-ef4d6e58773c,1985-11-19,,999-85-9031,S99946046,X75050574X,Mrs.,Michelle423,Haley279,,Will178,M,white,nonhispanic,F,Lawrence  Massachusetts  US,239 Osinski Neck Unit 34,Swansea,Massachusetts,Bristol County,,41.7680627058392,-71.25021025330089,1523287.6834999998,125989.9465,40.1,45,2,43,14,2,2004-01-13 05:41:11,2021-09-14 05:41:11,40.0,9.0,35662.86,5304.0,79.0,0,1,0,0,0,0,0,0,0,0,27.4,11.25,18.75,8.65,4.0
8003a644-3445-56b0-017a-4480f0d6b348,1979-06-10,,999-82-3674,S99928956,X62277463X,Mr.,Porfirio146,Ledner144,,,M,white,nonhispanic,M,Boston  Massachusetts  US,1065 Labadie Trafficway Unit 48,Springfield,Massachusetts,Hampden County,1199.0,42.11638902758013,-72.55733073964171,1120866.8049999997,2117.655,46.6,52,0,52,24,0,1997-08-03 13:16:42,2021-04-25 13:16:42,90.0,3.0,358.8,17950.0,77.0,0,1,0,0,0,0,0,0,0,0,39.900000000000006,17.8,37.65,14.600000000000001,13.899999999999999
d4e3d6e6-075e-cf60-a092-67c17cb521d1,1984-01-11,,999-64-1091,S99932934,X27664754X,Mrs.,Irene779,Bétancourt447,,Quintanilla544,M,white,hispanic,F,Panama City  Panama  PA,163 Langosh Ramp Suite 62,Malden,Massachusetts,Middlesex County,2148.0,42.43372186815685,-71.0210878939476,1718923.177,351865.963,42.0,80,5,74,20,4,2002-03-06 11:38:13,2021-06-30 11:38:13,24.0,4.0,757.63,7218.0,202.0,0,1,0,0,0,0,0,0,0,0,25.5,12.1,23.700000000000003,10.05,5.75
b3700252-f7e3-e8f9-aca4-6a759c52f4b9,2019-03-10,,999-19-3943,,,,Leana211,Keeling57,,,,white,nonhispanic,F,Sandisfield  Massachusetts  US,240 Fisher Tunnel Apt 11,Montague,Massachusetts,Franklin County,,42.5930214261213,-72.50907812211092,42990.435000000005,2617.905,6.8,13,2,11,10,1,2019-03-10 13:28:37,2021-08-15 13:28:37,3.0,2.0,28.990000000000002,3.0,6.0,0,0,0,0,0,0,0,0,0,0,27.4,11.25,18.75,8.65,4.0
c1075300-aae7-596d-df5a-c944d763a663,1913-07-15,,999-11-6693,S99987926,X38948081X,Mr.,Zachariah133,Bergstrom287,,,S,white,nonhispanic,M,Belchertown  Massachusetts  US,700 Rohan Course,Lexington,Massachusetts,Middlesex County,,42.415029990454144,-71.25311601493615,2578249.1225,237079.67750000005,112.5,80,1,78,61,1,1931-09-08 06:53:14,2021-11-13 08:53:14,16.0,9.0,324840.42000000004,985.0,66.0,0,0,1,0,1,0,0,0,0,0,19.1,5.7,14.7,7.800000000000001,2.25
2376720a-56ca-5474-3737-32cf783a169c,1987-06-09,,999-71-9781,S99968273,X32265802X,Mr.,Man114,Howell947,,,M,white,nonhispanic,M,Shrewsbury  Massachusetts  US,572 Von Skyway Suite 67,New Bedford,Massachusetts,Bristol County,2747.0,41.76270950814555,-70.91629099879735,955010.5155,14139.1445,38.6,66,8,54,6,5,2001-09-10 04:02:57,2021-08-24 04:02:57,5.0,4.0,63774.58,476.0,47.0,0,0,0,0,0,0,0,0,0,0,36.4,21.549999999999997,32.599999999999994,12.6,11.25
e4035211-964b-b90f-237d-655426c3aa1f,1971-10-31,,999-43-9739,S99963088,X82576933X,Mr.,Dewitt635,Hane680,,,M,white,nonhispanic,M,Taunton  Massachusetts  US,461 Lesch Rue Suite 9,Carlisle,Massachusetts,Middlesex County,,42.57647416034444,-71.3843252646831,1248534.4525,6659.3475,54.2,22,2,20,15,2,1986-03-20 11:45:49,2021-10-31 11:45:49,4.0,3.0,57542.54,428.0,30.0,0,0,0,0,1,0,0,0,0,0,27.4,11.25,18.75,8.65,4.0
5bd3bb2e-41f9-18ea-0736-fe3f41f4dbf9,1977-05-12,,999-67-9740,S99967663,X25162962X,Mrs.,Leonie332,Koelpin146,,Ziemann98,M,white,nonhispanic,F,West Newbury  Massachusetts  US,312 Mertz Frontage road,Scituate,Massachusetts,Plymouth County,2066.0,42.17803645300096,-70.70404044777189,1955602.939,341388.401,48.6,109,10,99,36,6,1978-02-24 12:34:14,2021-09-13 02:34:14,113.0,11.0,228515.46,1573.0,67.0,0,0,0,0,1,0,0,0,0,0,26.5,9.100000000000001,15.95,8.149999999999999,3.0999999999999996
86e983ea-29df-a34a-c0b4-9a171859195f,2010-03-23,,999-67-3570,,,,Raul814,D'Amore443,,,,white,nonhispanic,M,Falmouth  Massachusetts  US,493 Koelpin Vista Apt 26,Attleboro,Massachusetts,Bristol County,2703.0,41.89036938731533,-71.320107010757,381272.3650000001,123.07499999999992,15.8,27,0,27,12,0,2011-01-21 06:17:09,2021-04-06 13:58:09,3.0,3.0,64360.799999999996,263.0,15.0,0,0,0,0,0,0,0,0,0,0,31.4,15.2,23.45,9.65,5.65
83c5cc27-48a8-5580-966b-783719fe8f1b,1917-05-15,,999-84-3052,S99923666,X24959761X,Mrs.,Shirlene698,Bergnaum523,,Nitzsche158,M,white,nonhispanic,F,Acton  Massachusetts  US,127 Raynor Byway,Quincy,Massachusetts,Norfolk County,2171.0,42.25942031384786,-71.03455510222445,3092968.2854999984,877397.9844999997,108.6,98,1,97,83,1,1921-07-19 11:58:49,2021-11-09 11:58:49,267.0,3.0,1285.33,64091.0,62.0,0,1,0,0,1,0,0,0,0,1,22.85,11.1,20.55,9.75,4.9
745f262a-2510-e98e-524a-72934969372e,1990-09-22,,999-54-7888,S99918224,X77636974X,Ms.,Tawna357,Gorczany269,,,S,white,nonhispanic,F,Brookline  Massachusetts  US,1076 Ortiz Grove,Chelsea,Massachusetts,Suffolk County,2149.0,42.39144482689321,-71.06920412042794,1136066.33,1318.8299999999997,35.3,44,2,42,13,2,2005-09-16 21:11:43,2021-04-25 21:11:43,20.0,4.0,1378.6699999999998,4785.0,139.0,0,1,0,0,0,0,0,0,0,0,28.75,15.3,35.150000000000006,12.1,16.9
4e97faf9-19b3-5125-8f7d-96758e9d7d46,2018-02-05,,999-86-4945,,,,Soraya693,White193,,,,white,nonhispanic,F,Munich  Bavaria  DE,620 Beahan Mission,West Springfield,Massachusetts,Hampden County,,42.09242974405628,-72.6101959703983,51003.90000000001,12.479999999999968,7.9,15,1,14,12,1,2018-02-05 09:50:12,2021-07-12 09:50:12,5.0,4.0,99.00999999999999,5.0,7.0,0,0,0,0,0,0,0,0,0,0,27.4,11.25,18.75,8.65,4.0
c57fbe47-ea62-b01f-054d-4088979dc739,2020-01-21,,999-23-5747,,,,Jimmie93,Effertz744,,,,white,hispanic,M,Lincoln  Massachusetts  US,927 Gorczany Rapid,Somerset,Massachusetts,Bristol County,2726.0,41.80867737304287,-71.15951217801934,45105.82250000001,3917.4675,5.9,14,0,13,8,0,2020-01-21 17:56:02,2021-06-29 17:56:02,4.0,3.0,5172.51,28.0,6.0,0,0,0,0,0,0,0,0,0,0,29.15,13.100000000000001,20.0,8.55,3.9499999999999997
a706bd75-a69b-5bb8-db87-8a29b45c989d,2003-12-06,,999-47-1225,S99972599,,,Vivienne78,Doyle959,,,,white,nonhispanic,F,Quincy  Massachusetts  US,264 King Bay,North Attleborough,Massachusetts,Bristol County,,42.008476284077936,-71.3266847668713,443728.4049999999,434.92499999999984,22.1,18,0,18,10,0,2011-11-29 16:51:32,2021-06-13 02:51:32,3.0,3.0,1371.8400000000001,36.0,36.0,0,0,0,0,1,0,0,0,0,0,27.4,11.25,18.75,8.65,4.0
19d74a46-a73e-9493-1eb8-e40b39f89db8,2020-03-27,,999-22-7971,,,,Reta616,West559,,,,black,nonhispanic,F,North Attleborough  Massachusetts  US,282 Metz Run Unit 17,Everett,Massachusetts,Middlesex County,,42.38181913251896,-71.07549660562985,26052.93,0.0,5.8,8,0,8,8,0,2020-03-27 07:55:36,2021-09-03 07:55:36,0.0,0.0,0.0,0.0,5.0,0,0,0,0,0,0,0,0,0,0,30.95,16.05,29.0,11.3,10.149999999999999
acbb6a45-6e0d-a628-8dc5-8b15fae31b8a,2018-09-26,,999-20-6565,,,,Brunilda665,Will178,,,,white,nonhispanic,F,Huntington  Massachusetts  US,956 Walker Neck Apt 1,Somerville,Massachusetts,Middlesex County,2145.0,42.464689609918985,-71.1104420880326,85209.84,0.0,7.3,11,0,11,11,0,2018-09-26 16:45:30,2021-09-01 16:45:30,0.0,0.0,0.0,0.0,8.0,0,0,0,0,0,0,0,0,0,0,23.95,8.8,16.9,6.85,4.25
a8b8d20e-ecf0-4cb1-7536-38683ba360aa,1980-05-08,,999-96-2764,S99968102,X55244861X,Mr.,Odis959,Veum823,,,M,white,nonhispanic,M,Maynard  Massachusetts  US,552 Kozey Club Suite 35,Southborough,Massachusetts,Worcester County,,42.316689233965874,-71.57051886284763,1029555.6675000002,6370.7025,45.6,22,2,20,11,1,1998-05-14 05:08:51,2021-09-09 05:08:51,20.0,5.0,15824.95,54.0,45.0,0,0,0,0,1,0,0,0,0,0,27.4,11.25,18.75,8.65,4.0
02ceca12-357f-981e-dcf3-3d26d3c1ff82,1963-07-03,,999-42-7667,S99942844,X74034818X,Mrs.,María Teresa440,Valadez233,,Bermúdez789,M,white,hispanic,F,Santo Domingo  National District  DO,245 Wehner Center,Boston,Massachusetts,Suffolk County,2152.0,42.383765530787606,-71.02992274671543,2049256.98,0.0,62.5,45,1,44,21,0,1981-08-26 06:15:28,2021-09-22 06:15:28,22.0,9.0,421869.76,1363.0,82.0,1,0,0,0,0,0,0,1,0,0,24.25,11.25,24.0,9.45,6.3
d9bde0cc-3ea9-5329-2da3-1d9c3adbd86a,1926-11-12,,999-28-5290,S99916542,X88662751X,Mr.,Boyd728,Gleichner915,,,S,asian,nonhispanic,M,Worcester  Massachusetts  US,191 Wolf Divide,Harwich,Massachusetts,Barnstable County,,41.67110180479016,-70.0783969180688,2251936.364,144529.6360000001,99.1,95,1,93,47,1,1945-01-05 10:42:42,2021-07-23 10:42:42,30.0,5.0,213587.45,1623.0,65.0,0,0,0,0,0,0,0,0,0,0,27.4,11.25,18.75,8.65,4.0
e51b6686-8e11-03a1-9699-ae0ecfde0bb6,1962-05-15,,999-61-6972,S99949329,X71350276X,Mr.,Barton704,Breitenberg711,,,M,white,nonhispanic,M,Stoughton  Massachusetts  US,918 Huel Heights Unit 57,Littleton,Massachusetts,Middlesex County,,42.55888990542779,-71.47279528120751,1819075.5375000003,57626.5425,63.6,52,0,52,42,0,1973-10-17 20:30:27,2021-07-20 20:30:27,127.0,5.0,30577.07,30567.0,69.0,0,1,1,0,1,0,0,0,0,0,27.4,11.25,18.75,8.65,4.0
1a5224e4-383b-6e73-79a7-98a499069b10,1958-01-30,,999-22-8378,S99927640,X34469512X,Mr.,Andy346,Hirthe744,,,M,white,nonhispanic,M,Haverhill  Massachusetts  US,420 Hickle Vista,Avon,Massachusetts,Norfolk County,,42.12351118770262,-71.05286183141762,1567301.6100000006,0.0,67.9,26,0,26,20,0,1971-02-25 11:20:05,2021-06-03 11:20:05,1.0,1.0,5.86,1.0,66.0,0,0,0,0,1,0,0,0,0,0,27.4,11.25,18.75,8.65,4.0
b68c6e5e-6b47-b721-839b-739ec3400504,1963-03-18,,999-75-5767,S99963744,X20056703X,Mrs.,Jordan900,Smitham825,,Hauck852,M,white,nonhispanic,F,Dudley  Massachusetts  US,198 Herzog Ramp,Revere,Massachusetts,Suffolk County,2151.0,42.40123832554558,-71.00707315838099,2241776.1025,186990.8175,62.8,31,1,29,15,1,1972-07-03 11:39:31,2021-05-24 11:39:31,25.0,6.0,18312.11,226.0,47.0,0,0,1,0,1,0,0,0,0,0,25.7,14.0,28.4,10.100000000000001,10.25
43a8f60a-2b8e-26b5-3736-e64df96bf796,1973-10-06,,999-79-1965,S99978991,X38584736X,Mr.,Francisco472,Lynch190,,,S,white,nonhispanic,M,Holden  Massachusetts  US,957 Smith Branch,Boston,Massachusetts,Suffolk County,2125.0,42.33196617557937,-71.11773622987695,1199559.7724999995,4392.8475,52.2,40,1,39,30,1,1991-11-30 21:37:58,2021-10-09 21:37:58,95.0,5.0,569.83,22164.0,50.0,0,1,0,0,0,0,0,0,0,0,24.25,11.25,24.0,9.45,6.3
6f49aebb-074b-cc99-b71b-2fb9c43a67e2,2016-08-19,,999-52-2258,,,,Reid278,MacGyver246,,,,white,nonhispanic,M,Gloucester  Massachusetts  US,1032 Stark Divide Unit 27,Wellesley,Massachusetts,Norfolk County,2481.0,42.301050414132426,-71.30034308106636,133031.0075,3030.6525,9.4,17,0,17,14,0,2016-08-20 03:05:29,2021-08-13 03:05:29,5.0,4.0,88.77,5.0,7.0,0,0,0,0,0,0,0,0,0,0,20.299999999999997,6.449999999999999,13.2,6.75,2.7
21db612c-b8ef-f666-53a6-cc657674d4cd,2003-06-17,,999-92-3526,S99955577,,Ms.,Rene434,Wisoky380,,,,white,nonhispanic,F,Falmouth  Massachusetts  US,217 Altenwerth Road,Yarmouth,Massachusetts,Barnstable County,,41.65088709090441,-70.25401636963171,473470.7455,151012.1445,22.5,29,1,28,10,1,2012-06-19 20:41:31,2021-09-28 20:41:31,5.0,5.0,926.0,28.0,85.0,0,1,0,0,0,0,0,0,0,0,27.4,11.25,18.75,8.65,4.0
ff9337d4-4f6c-2182-c1aa-a0811a68a4ab,1952-04-15,,999-84-1106,S99941923,X89483285X,Mr.,Milan77,Roob72,,,M,white,nonhispanic,M,Tisbury  Massachusetts  US,311 Vandervort Bridge,Newton,Massachusetts,Middlesex County,2461.0,42.356249809194296,-71.20568709343709,2555843.7754999995,153120.44449999998,73.7,96,3,93,67,2,1954-08-04 19:41:16,2021-09-28 23:41:16,275.0,7.0,336527.13,21815.0,61.0,0,1,0,0,1,0,0,0,0,0,21.35,6.7,14.8,7.25,2.7
864b2fa0-78e3-88c6-2ce2-ba3aea72236c,1926-10-13,,999-82-6767,S99951515,X28954626X,Mrs.,Ula130,Beatty507,,Willms744,M,white,nonhispanic,F,Swansea  Massachusetts  US,843 Osinski Parade Apt 24,Salem,Massachusetts,Essex County,1970.0,42.51780720122288,-70.86368818278983,616271.7835000003,1284792.2265,99.2,383,10,290,74,4,1944-11-30 21:09:14,2021-11-17 18:44:36,1042.0,8.0,408784.07,3135.0,424.0,1,0,1,0,1,0,1,0,0,1,29.9,11.2,22.35,8.899999999999999,5.55
8aeeb74e-10c8-bbff-e68d-0aa8b3159c1b,1985-09-14,,999-56-9034,S99973870,X70958516X,Mr.,Romeo514,Toy286,,,S,white,nonhispanic,M,Springfield  Massachusetts  US,153 Cummings Trailer,Rehoboth,Massachusetts,Bristol County,,41.84713886297555,-71.28603769567825,922177.3725,3543.8475000000003,40.3,27,1,26,18,1,2003-11-08 16:20:05,2021-04-10 16:20:05,41.0,5.0,174.56,6803.0,65.0,0,1,0,0,1,0,0,0,0,0,27.4,11.25,18.75,8.65,4.0
00126cb9-8460-4747-e302-c3609684531e,1987-05-30,,999-59-4258,S99925190,X17877784X,Mrs.,Fatima244,Sauer652,,McLaughlin530,M,white,nonhispanic,F,Quincy  Massachusetts  US,142 Streich Trail,Berkley,Massachusetts,Bristol County,,41.86260537410111,-71.07879324676223,621251.2444999999,794.0955,38.6,60,2,58,17,2,2005-07-23 23:28:56,2021-10-30 23:28:56,39.0,7.0,24961.32,6216.0,133.0,0,1,0,0,0,0,0,0,0,0,27.4,11.25,18.75,8.65,4.0
1405f86e-4660-8c8b-4876-a21c9487b179,1951-01-26,,999-19-8700,S99932017,X60007113X,Mr.,Erin498,Schumm995,,,M,white,nonhispanic,M,Lowell  Massachusetts  US,130 Hane Station,Franklin,Massachusetts,Norfolk County,2038.0,42.08785620399823,-71.40770960466253,1712653.4850000008,9366.785,74.9,44,0,44,23,0,1965-02-26 11:03:42,2021-06-27 10:03:42,2.0,2.0,25.759999999999998,2.0,68.0,0,0,0,0,0,0,0,0,0,0,27.4,11.25,18.75,8.65,4.0
1c920b99-e6b8-2445-0f90-0648f2856434,2020-01-13,,999-45-7076,,,,Patrick786,Bergnaum523,,,,white,nonhispanic,F,Ashland  Massachusetts  US,1046 Hyatt Brook,Springfield,Massachusetts,Hampden County,1108.0,42.10941082587742,-72.49613229722154,48072.100000000006,56.21999999999992,6.0,8,0,8,8,0,2020-01-13 09:57:03,2021-06-21 09:57:03,0.0,0.0,0.0,0.0,1.0,0,0,0,0,0,0,0,0,0,0,39.900000000000006,17.8,37.65,14.600000000000001,13.899999999999999
753e1440-87ec-7175-29e7-73bf24f5c7f0,1940-08-02,,999-83-1137,S99941922,X42989740X,Mrs.,Oneida64,Tromp100,,Weber641,M,white,nonhispanic,F,Franklin  Massachusetts  US,145 Streich Bay,Salem,Massachusetts,Essex County,1907.0,42.46399484622625,-70.87992690886972,2315428.59,454753.8700000001,85.4,114,24,90,34,2,1952-08-22 04:50:31,2021-09-09 04:50:31,38.0,4.0,22344.15,492.0,99.0,0,0,0,0,1,0,0,1,0,1,29.9,11.2,22.35,8.899999999999999,5.55
64f8510c-05b1-c7ce-b67c-75c801c3d048,1969-09-05,,999-47-5802,S99910814,X58218719X,Mrs.,Lavette209,Miller503,,Bins636,M,white,nonhispanic,F,Lowell  Massachusetts  US,736 Schuppe Approach Apt 53,Framingham,Massachusetts,Middlesex County,,42.33081847930467,-71.3918983949606,2091088.0675,133813.1625,56.3,60,2,58,12,1,1981-07-03 00:22:45,2021-09-18 02:22:45,3.0,3.0,26248.44,36.0,112.0,0,0,0,0,0,0,0,0,0,0,26.450000000000003,11.85,21.75,9.1,6.699999999999999
15e26d50-6ea4-1b03-cf83-9748d0f245e7,1967-02-23,,999-71-3115,S99991745,X68590725X,Mr.,Lucio648,Smith67,,,M,white,nonhispanic,M,Worcester  Massachusetts  US,335 Cummings Ville,Taunton,Massachusetts,Bristol County,,41.89150776866523,-71.00916610105097,1356107.2550000004,266.8949999999999,58.9,26,3,23,16,2,1985-04-18 13:11:36,2021-10-23 20:11:36,12.0,3.0,7127.71,39.0,54.0,0,0,0,0,1,0,0,0,0,0,33.400000000000006,17.9,25.85,10.35,6.449999999999999
f8d9fe9e-f635-5340-41cc-935771d6dec0,2001-12-05,,999-31-2191,S99935169,,Mr.,Dino214,Huel628,,,,white,nonhispanic,M,Newburyport  Massachusetts  US,920 Durgan Ville,Whitman,Massachusetts,Plymouth County,,42.05347382289027,-70.89084622585278,529200.5025000001,1045.5974999999996,24.1,23,2,21,10,2,2011-12-14 18:59:58,2021-08-18 18:59:58,6.0,5.0,10470.300000000001,195.0,54.0,0,0,0,0,0,0,0,0,0,0,27.4,11.25,18.75,8.65,4.0
274a41df-e9d5-5e62-eae5-4e5daa04759f,1964-11-15,,999-95-5785,S99932855,X81220379X,Mrs.,Tereasa291,Wyman904,,Bosco882,M,white,nonhispanic,F,Boston  Massachusetts  US,771 Mann Fort Suite 1,Easton,Massachusetts,Bristol County,,42.08208183952295,-71.08347460567948,2235086.7495,155269.06050000002,61.1,30,0,30,17,0,1983-01-09 22:00:11,2021-06-27 22:00:11,2.0,2.0,8149.4400000000005,24.0,49.0,0,0,0,0,1,0,0,0,0,0,27.4,11.25,18.75,8.65,4.0
9929af95-8955-628e-486b-fe42c02beb5f,1950-10-17,,999-52-8784,S99953138,X57054427X,Mrs.,Brande998,Jerde200,,Price929,M,white,nonhispanic,F,Plainville  Massachusetts  US,1009 Hessel Run,Billerica,Massachusetts,Middlesex County,,42.54760214723519,-71.30404167649561,2557405.147499999,420712.5225000001,75.2,40,1,39,27,1,1968-12-10 15:39:20,2021-03-16 15:39:20,4.0,4.0,345.73999999999995,8.0,75.0,0,0,0,0,0,0,0,0,0,0,27.4,11.25,18.75,8.65,4.0
db44d702-2951-de80-0bd9-7c89472963f0,2011-07-17,,999-62-3432,,,,Elbert916,Stehr398,,,,white,nonhispanic,M,Ware  Massachusetts  US,397 Lebsack Mission,Plymouth,Massachusetts,Plymouth County,,41.90676049433836,-70.66307158472314,247635.4075,763.4625,14.5,22,0,22,16,0,2011-12-26 02:21:52,2021-07-26 02:21:52,4.0,3.0,28.77,4.0,9.0,0,0,0,0,0,0,0,0,0,0,29.8,13.4,20.85,9.25,4.65
7603d7e2-7e39-24cc-4068-dca4098f29f1,2010-04-11,,999-17-3722,,,,Nery414,Zemlak964,,,,white,nonhispanic,F,Framingham  Massachusetts  US,100 Hahn Viaduct Apt 2,Arlington,Massachusetts,Middlesex County,,42.40419084978651,-71.11591316655611,376975.6075,95530.1325,15.7,32,1,31,12,1,2012-03-19 02:41:42,2021-04-26 02:41:42,5.0,3.0,47.94,5.0,23.0,0,0,0,0,0,0,0,0,0,0,22.4,7.199999999999999,14.75,7.1,2.75
f5dbb8d8-6b8b-9648-5f26-d5bb0790fa45,1976-02-12,,999-51-9194,S99921848,X34974405X,Mr.,Dalton260,Marks830,,,M,white,nonhispanic,M,Leominster  Massachusetts  US,963 Kshlerin Quay,Taunton,Massachusetts,Bristol County,2767.0,41.886376526745615,-70.97977271097486,1130015.285,208.66499999999996,49.9,14,1,13,9,1,1978-11-17 22:08:08,2021-11-05 00:08:08,1.0,1.0,18.77,1.0,21.0,0,0,0,0,1,0,0,0,0,0,33.400000000000006,17.9,25.85,10.35,6.449999999999999
d4289911-f875-7766-81d9-11b00b97f1a6,1973-12-10,,999-65-4967,S99982069,X46935788X,Mr.,Mathew182,Jacobs452,,,S,white,nonhispanic,M,Barnstable  Massachusetts  US,371 Hand Neck Apt 56,Methuen,Massachusetts,Essex County,1844.0,42.78327039468678,-71.14513270539092,1182416.275,1057.215,52.1,16,1,15,10,1,1992-02-03 15:48:12,2021-06-07 15:48:12,2.0,2.0,1374.72,202.0,31.0,1,0,0,0,1,0,0,0,0,0,27.4,11.25,18.75,8.65,4.0
c1b61a52-e15f-0bd4-58d3-eb581ecb6192,1970-02-02,,999-57-4505,S99979636,X25260404X,Mrs.,Johana303,Wunsch504,,Jerde200,M,white,nonhispanic,F,Worcester  Massachusetts  US,224 Grimes Parade Apt 22,Plymouth,Massachusetts,Plymouth County,,41.87305586526031,-70.58646748213746,2128735.3025,209827.15749999997,55.9,84,2,81,46,2,1973-12-19 11:47:13,2021-10-04 11:47:13,117.0,9.0,302560.72,1218.0,64.0,0,0,0,0,1,0,0,0,0,0,29.8,13.4,20.85,9.25,4.65
8fdd8e4f-bf93-37c2-83e7-3d0812840739,1975-02-11,,999-19-4371,S99933780,X67917193X,Mr.,Basil991,Douglas31,,,M,white,nonhispanic,M,Winthrop  Massachusetts  US,580 Walter Knoll,Rehoboth,Massachusetts,Bristol County,,41.864529795450046,-71.21254860822451,1967533.9175000004,4817.3625,50.9,18,0,18,10,0,1975-09-26 12:40:02,2021-05-04 14:40:02,4.0,4.0,5354.04,564.0,27.0,0,0,0,0,1,0,0,0,0,0,27.4,11.25,18.75,8.65,4.0
32653d7a-2f66-544f-1104-43d6e1c1ae4c,1970-11-27,,999-46-5525,S99976676,X63642283X,Mrs.,Tonisha838,Cruickshank494,,Leannon79,M,white,nonhispanic,F,Arlington  Massachusetts  US,610 Schamberger Stravenue Apt 82,Falmouth,Massachusetts,Barnstable County,,41.64387862240586,-70.59517233341413,2482725.9115,183251.3585,55.1,41,0,41,16,0,1981-12-11 21:15:20,2021-04-23 21:15:20,13.0,10.0,90977.11,746.0,37.0,0,0,0,0,1,0,0,0,0,0,28.6,12.850000000000001,21.25,10.95,4.5
574645b2-cbb6-f5b5-97dd-60cd07675773,1984-02-09,,999-77-2653,S99919973,X83981812X,Mr.,Amado512,Botsford977,,,M,hawaiian,nonhispanic,M,Barnstable  Massachusetts  US,976 Krajcik Bypass Apt 77,Southborough,Massachusetts,Worcester County,,42.25925780893223,-71.48370906850637,954317.9349999998,4241.414999999999,41.9,26,1,25,8,1,2002-04-05 01:32:31,2021-05-14 01:32:31,2.0,2.0,45.599999999999994,2.0,35.0,0,0,1,0,0,0,0,0,0,0,27.4,11.25,18.75,8.65,4.0
91f3dfb6-9545-a0cf-7c12-64d89cab1db3,2015-09-12,,999-94-4634,,,,Anisa442,West559,,,,white,nonhispanic,F,Westborough  Massachusetts  US,838 Johns Common,Uxbridge,Massachusetts,Worcester County,,42.08333805171996,-71.63737381440362,150899.44749999998,1558.3725,10.3,15,0,15,15,0,2015-09-12 04:15:06,2021-08-28 04:15:06,0.0,0.0,0.0,0.0,7.0,0,0,0,0,0,0,0,0,0,0,27.4,11.25,18.75,8.65,4.0
ef318e4c-8d1c-c2a4-ce37-d76fbf8b9906,2016-04-13,,999-44-9851,,,,Neoma676,Halvorson124,,,,white,nonhispanic,F,Northborough  Massachusetts  US,741 O'Connell Port Unit 74,Braintree,Massachusetts,Norfolk County,,42.22192963452774,-70.9577050201015,77042.09,0.0,9.7,18,1,17,14,1,2016-04-13 18:08:40,2021-10-31 18:08:40,3.0,2.0,46.21,3.0,10.0,0,0,0,0,0,0,0,0,0,0,27.4,11.25,18.75,8.65,4.0
d688932a-65c6-3833-4978-3729c3027871,1938-10-13,,999-55-1173,S99916532,X11753178X,Mr.,Shannon293,Fisher429,,,S,white,nonhispanic,M,Cambridge  Massachusetts  US,1012 Orn Row Apt 56,Walpole,Massachusetts,Norfolk County,,42.12235846983667,-71.31642218950454,2145541.0455000005,62527.3945,87.2,88,3,85,64,3,1956-12-06 10:15:32,2021-11-01 10:15:32,152.0,5.0,987.52,47608.0,60.0,0,1,0,0,1,0,0,0,0,0,23.0,8.1,14.1,7.45,2.9
53fe2ac2-833f-d60c-167b-ede17cee5ce2,1958-05-03,,999-14-7262,S99938534,X36039602X,Mrs.,Esperanza675,Márquez847,,Dávila115,M,white,hispanic,F,Bayamon  Puerto Rico  PR,602 Boehm Mill Unit 27,Haverhill,Massachusetts,Essex County,1835.0,42.80414427858008,-71.13540253749917,2364047.8800000004,21242.31,67.7,30,0,30,19,0,1976-06-26 16:37:08,2021-08-10 14:37:08,1.0,1.0,6.84,1.0,68.0,0,0,0,0,0,0,0,0,0,0,31.75,13.55,25.7,9.8,7.3
ad67ba01-cc70-b87a-1bdb-47c53c56adfd,1991-08-17,,999-71-5714,S99993912,X15653370X,Mrs.,Majorie11,Grady603,,Steuber698,M,white,nonhispanic,F,Boston  Massachusetts  US,281 Kunde Mission Apt 61,Norton,Massachusetts,Bristol County,,41.99412177782405,-71.17016222267762,926167.9625,16086.5175,34.4,44,1,43,5,1,2009-10-11 03:32:52,2021-10-03 03:32:52,5.0,5.0,8630.5,32.0,71.0,0,0,0,0,0,0,0,0,0,0,27.4,11.25,18.75,8.65,4.0
827356e9-9e28-2005-8a0b-1eea3266f43e,1963-07-05,,999-16-6283,S99998329,X8441949X,Mr.,Francisco472,Alcántar600,,,M,white,hispanic,M,Bayamon  Puerto Rico  PR,1057 Ernser Fort Apt 55,Boston,Massachusetts,Suffolk County,2120.0,42.27183547564702,-71.14712865489079,1054468.6124999996,18931.0875,62.5,35,2,33,17,1,1981-08-28 11:34:10,2021-10-12 09:34:10,6.0,6.0,2275.29,8715.0,39.0,0,0,0,0,0,0,0,0,0,0,24.25,11.25,24.0,9.45,6.3
1edd887a-05a6-d93a-1cff-f78e3c5da92f,2011-06-18,,999-81-4201,,,,Cary869,Rutherford999,,,,white,nonhispanic,M,Billerica  Massachusetts  US,1069 Ebert Bay Apt 48,Boston,Massachusetts,Suffolk County,2130.0,42.33978996478676,-71.07440185932956,19157.1255,5680.154499999999,14.5,22,1,20,16,1,2011-11-27 01:30:34,2021-06-28 04:30:34,4.0,4.0,33.519999999999996,4.0,7.0,0,0,0,0,0,0,0,0,0,0,24.25,11.25,24.0,9.45,6.3
5ebac3bc-45f8-9136-b77a-d20b40dde915,1942-11-27,,999-36-1410,S99987773,X73628577X,Mrs.,Ula130,Goldner995,,Ebert178,M,white,nonhispanic,F,Revere  Massachusetts  US,408 Effertz Bridge Suite 62,West Yarmouth,Massachusetts,Barnstable County,2673.0,41.68992829889388,-70.25694716442277,2703469.686,477605.08400000015,83.1,79,24,55,28,1,1961-01-21 02:24:36,2021-06-19 02:24:36,54.0,7.0,21182.05,473.0,123.0,0,0,1,1,1,0,0,1,0,0,27.55,12.6,19.7,9.25,4.8
aa06e501-1a2a-548c-e176-6959b58e412f,2000-02-29,,999-65-9919,S99972142,X26617043X,Mr.,Dane516,Jacobs452,,,,white,nonhispanic,M,Billerica  Massachusetts  US,158 Mayert Haven,Amesbury,Massachusetts,Essex County,1913.0,42.825365957002944,-70.98654989152493,561995.6000000001,333.6299999999996,25.8,26,1,25,10,1,2010-06-13 20:21:45,2021-05-11 20:21:45,9.0,3.0,51.29,1351.0,61.0,0,1,0,0,1,0,0,0,0,0,27.4,11.25,18.75,8.65,4.0
2bc3852a-ed90-20d8-f383-5a5c980a56ca,1976-01-08,,999-64-2898,S99953613,X84372264X,Mrs.,Kristian973,Windler79,,Haag279,M,white,nonhispanic,F,Sherborn  Massachusetts  US,116 Romaguera Road Apt 18,Leicester,Massachusetts,Worcester County,,42.1891020489931,-71.91099149184913,1659085.899,299962.37100000004,50.0,59,5,53,10,5,1993-02-25 22:05:34,2021-10-07 22:05:34,12.0,9.0,140169.81,692.0,100.0,0,0,0,0,1,0,0,0,0,0,27.4,11.25,18.75,8.65,4.0
77d8177a-0da0-a91f-da5e-9ac05a96def0,1992-04-07,,999-11-8381,S99972877,X4995219X,Mrs.,Georgene966,Romaguera67,,Gerlach374,M,white,nonhispanic,F,Plymouth  Massachusetts  US,331 Corwin Annex,Quincy,Massachusetts,Norfolk County,2169.0,42.23061333472334,-71.008498092902,1674674.93,0.0,33.7,36,3,33,7,2,1994-06-09 12:10:48,2020-06-16 12:10:48,4.0,4.0,131626.84,691.0,80.0,0,0,0,0,0,0,0,0,0,0,22.85,11.1,20.55,9.75,4.9
be000965-b142-a7c8-8f14-ee3907609a55,1952-07-20,,999-95-1511,S99994421,X25828210X,Mr.,Forrest301,Paucek755,,,M,white,nonhispanic,M,Boston  Massachusetts  US,232 Roberts Lock,East Dennis,Massachusetts,Barnstable County,2641.0,41.75564761519182,-70.14610261669998,1746438.8475,209184.61249999996,73.4,48,3,45,20,2,1965-08-15 20:40:36,2021-11-07 20:40:36,33.0,9.0,120729.86,161.0,64.0,0,0,0,0,1,0,0,1,0,0,25.9,9.8,17.15,9.35,3.25
cc0b85a3-ca8d-45fb-c9d6-5b69dd505d41,1957-01-11,,999-26-7371,S99918342,X81707865X,Mrs.,Ozell178,Tromp100,,Stamm704,M,white,nonhispanic,F,Norfolk  Massachusetts  US,429 Lowe Corner Suite 75,Middleborough,Massachusetts,Plymouth County,,41.902260892172016,-70.90180654788428,2314011.8305,223728.5295,69.0,55,1,54,27,1,1958-05-26 19:00:27,2021-04-30 15:32:27,18.0,2.0,4920.63,547.0,48.0,0,0,0,0,1,0,0,0,0,0,27.4,11.25,18.75,8.65,4.0
8ba7f1b3-6345-7177-b767-71342e348f19,1986-07-31,,999-61-4208,S99973287,X28009541X,Mr.,Edmund685,Tillman293,,,S,white,nonhispanic,M,Upton  Massachusetts  US,524 Simonis Park,West Boylston,Massachusetts,Worcester County,,42.3353995883933,-71.76347306888218,915493.0525,77067.8475,39.4,21,0,21,7,0,2004-09-23 12:03:33,2021-11-11 12:03:33,1.0,1.0,905.58,3.0,27.0,0,0,0,0,1,0,0,0,0,0,27.4,11.25,18.75,8.65,4.0
7fc60498-21c5-6527-1502-dcd0c44adf74,2019-06-15,,999-51-9084,,,,Epifania219,Lemke654,,,,white,nonhispanic,F,Quincy  Massachusetts  US,338 Crona Landing Apt 21,Newburyport,Massachusetts,Essex County,,42.76804585109465,-70.89251970657112,44268.51,0.0,6.5,12,1,11,9,1,2019-06-15 17:31:20,2021-09-23 17:31:20,2.0,2.0,20.93,3.0,5.0,0,0,0,0,0,0,0,0,0,0,26.5,8.05,16.25,7.550000000000001,2.55
863d30c0-d34e-be6c-6a5b-1c7aa0333ee7,2017-06-19,,999-81-1752,,,,Ricardo560,Stracke611,,,,white,nonhispanic,M,Sandwich  Massachusetts  US,814 Stehr Tunnel,Agawam,Massachusetts,Hampden County,1030.0,42.12135975249883,-72.69781523327956,110848.02000000002,183.08999999999995,8.5,15,1,14,13,1,2017-06-19 17:27:54,2021-05-24 17:27:54,3.0,3.0,35.98,3.0,7.0,0,0,0,0,0,0,0,0,0,0,27.4,11.25,18.75,8.65,4.0
eff48ed7-eab5-258e-2d5d-0793f7941bea,1978-04-14,,999-40-5786,S99932983,X88255257X,Ms.,Sierra982,Kohler843,,,S,white,nonhispanic,F,Townsend  Massachusetts  US,774 Runte Glen,South Amherst,Massachusetts,Hampshire County,,42.33363351388734,-72.53050801892181,1802866.1779999996,182569.302,47.7,63,2,61,8,2,1988-08-12 10:24:29,2021-10-23 04:24:29,9.0,7.0,18946.289999999997,85.0,61.0,0,0,0,0,1,0,0,0,0,0,27.4,11.25,18.75,8.65,4.0
e3d999ee-c61a-18cd-6045-7e958c87773b,1950-01-20,,999-63-9460,S99951541,X11025444X,Mr.,Fernando603,Feliciano160,,,M,white,hispanic,M,Puebla  Puebla  MX,171 Anderson Junction,Swansea,Massachusetts,Bristol County,,41.790677722781375,-71.22352398997467,1830319.6165,35905.8235,75.9,48,0,48,28,0,1963-02-15 16:45:15,2021-07-09 16:45:15,10.0,2.0,9875.45,353.0,76.0,0,0,0,0,1,0,0,0,0,0,27.4,11.25,18.75,8.65,4.0
a1c127d9-d31e-36b1-2a3e-3014be9bfdf0,1931-10-16,,999-63-7777,S99943077,X54871643X,Mr.,Randal152,Herman763,,,S,white,nonhispanic,M,Harwich  Massachusetts  US,497 Schmeler Plaza,Fall River,Massachusetts,Bristol County,2790.0,41.706807030551786,-71.04470337000758,1356328.8779999998,207876.7120000001,94.2,838,171,449,70,171,1943-11-05 20:21:02,2021-11-12 20:21:02,1235.0,10.0,524406.33,28484.0,362.0,1,1,0,0,1,0,1,0,0,1,35.25,21.450000000000003,30.799999999999997,11.85,9.0
d90705f0-2c2d-4126-6504-93d4da9c6f7a,1963-01-07,,999-14-8528,S99959558,X61039545X,Mr.,Johnie961,Tremblay80,,,M,asian,nonhispanic,M,Hanoi  Hà Đông  VN,281 Murphy Tunnel Unit 13,Weymouth,Massachusetts,Norfolk County,2190.0,42.13485827773872,-70.91004964798414,1417418.825,11403.255,63.0,83,1,82,41,1,1975-01-27 23:14:15,2021-10-18 23:14:15,120.0,7.0,9462.43,15743.0,68.0,0,1,0,0,1,0,0,0,0,0,27.4,11.25,18.75,8.65,4.0
a535029d-c7ba-2a81-9f85-d84109d5c44b,1970-09-25,,999-50-1167,S99923535,X84876726X,Mrs.,Maud851,Rodriguez71,,Cruickshank494,M,asian,nonhispanic,F,Pittsfield  Massachusetts  US,296 Walker Fort,Marblehead,Massachusetts,Essex County,1945.0,42.47535711550763,-70.8541895927126,1338746.0624999998,18464.1075,55.3,71,1,69,32,1,1988-10-07 04:15:42,2021-05-24 04:15:42,121.0,7.0,1322.97,24636.0,123.0,0,1,0,0,1,0,0,0,0,0,25.85,7.15,15.3,7.3,2.35
6c96e5f4-464b-0afa-ff6f-aab2e1e55a49,1958-12-02,,999-89-4956,S99942595,X66073977X,Ms.,Lilly908,Hamill307,,,S,white,nonhispanic,F,Natick  Massachusetts  US,992 Rolfson Green,Worcester,Massachusetts,Worcester County,1604.0,42.18880156386288,-71.8048348078855,622545.0395000002,745336.5504999997,67.1,82,3,79,45,2,1969-12-16 09:24:03,2021-10-05 09:24:03,167.0,7.0,702.02,33521.0,51.0,0,1,0,0,0,0,0,0,0,0,35.9,14.9,29.3,11.55,8.8
fed745aa-0d47-4eb7-58e0-5d132b90a24f,1992-05-11,,999-71-2779,S99945664,X42351921X,Mrs.,Deane47,Stark857,,Runolfsson901,M,white,nonhispanic,F,Worcester  Massachusetts  US,253 Rutherford Pathway,Monterey,Massachusetts,Berkshire County,,42.15859296539681,-73.24050597500829,952583.5815,22862.4085,33.6,45,1,44,6,1,2009-06-29 07:28:33,2021-09-06 07:28:33,8.0,8.0,25298.980000000003,63.0,84.0,0,0,0,0,0,0,0,0,0,0,27.4,11.25,18.75,8.65,4.0
bb5c7f5f-8357-bfe3-edfd-72f36fb7bc20,1966-05-28,,999-26-8748,S99956346,X55571742X,Mrs.,Beata187,Nicolas769,MD,Brown30,M,white,nonhispanic,F,Medford  Massachusetts  US,732 Davis Trafficway,Medford,Massachusetts,Middlesex County,,42.39278596715165,-71.04763521210802,1729054.574999999,231070.475,59.6,50,0,50,36,0,1971-07-20 20:41:21,2021-11-06 23:41:21,127.0,4.0,764.82,27639.0,59.0,0,1,0,0,1,0,0,0,0,0,24.6,9.899999999999999,18.4,7.800000000000001,4.15
81d042b4-40c3-976a-efb0-b9e36a0f28e1,2006-03-05,,999-14-5254,,,,Bryce11,Schinner682,,,,white,nonhispanic,M,Woburn  Massachusetts  US,187 Orn Vale,Lynn,Massachusetts,Essex County,1904.0,42.489749080741056,-70.93286145119875,49999.6125,30582.6375,19.8,15,1,14,10,1,2012-02-19 23:08:03,2021-04-11 23:08:03,2.0,2.0,62.19,2.0,11.0,0,0,0,0,0,0,0,0,0,0,33.849999999999994,14.649999999999999,32.0,12.0,11.9
45d8e064-aadc-59d8-d4a5-2637f5584aab,1987-12-23,,999-39-7951,S99996991,X63978594X,Mrs.,Margie619,Hermiston71,,Fay398,M,white,nonhispanic,F,Saugus  Massachusetts  US,1023 Ondricka Rue Suite 24,New Bedford,Massachusetts,Bristol County,2743.0,41.57722271204731,-71.01336117970297,2330230.89,0.0,38.0,61,4,57,5,4,1988-11-18 02:16:57,2020-01-29 17:16:57,5.0,5.0,108769.73,694.0,211.0,0,0,0,0,0,0,0,0,0,0,36.4,21.549999999999997,32.599999999999994,12.6,11.25
ee56c87e-394b-b981-c3aa-eb3663209f37,1996-04-30,,999-10-2977,S99919922,X59106415X,Ms.,Latarsha812,Carroll471,,,,asian,nonhispanic,F,Sharon  Massachusetts  US,1091 Windler Lock Suite 97,Hubbardston,Massachusetts,Worcester County,,42.52914262679885,-71.977274356016,828042.1875000001,6665.7825,29.7,22,0,22,6,0,2011-04-26 02:18:51,2021-07-07 02:18:51,7.0,6.0,27566.16,80.0,34.0,0,0,0,0,0,0,0,0,0,0,27.4,11.25,18.75,8.65,4.0
00ae3b00-9500-efc1-2758-a93d3f77e650,1953-05-02,,999-45-6499,S99914692,X44939163X,Ms.,Tashia814,Boehm581,,,S,black,nonhispanic,F,Marshfield  Massachusetts  US,800 Runte Gardens,Westport,Massachusetts,Bristol County,,41.53369450675997,-71.1143475033481,2057874.8525,219855.5075,72.7,40,1,37,23,0,1970-10-12 23:38:53,2021-08-21 10:38:53,3.0,3.0,314.2,3.0,57.0,0,0,0,0,0,0,0,0,0,0,27.4,11.25,18.75,8.65,4.0
185cefc8-cf9d-3df1-ff01-b62ca7b90adb,1967-06-15,,999-46-3549,S99964615,X39501765X,Mrs.,Marisol435,Hilll811,JD,Ziemann98,M,white,nonhispanic,F,Wayland  Massachusetts  US,379 Toy Quay Unit 10,Holden,Massachusetts,Worcester County,,42.36132213119385,-71.85269551554565,2236863.6325000003,9584.4975,58.5,84,3,79,49,3,1968-07-12 04:47:01,2021-05-20 08:47:01,219.0,9.0,326212.62,2583.0,68.0,0,0,1,0,0,0,0,0,0,0,27.4,11.25,18.75,8.65,4.0
85f0a859-d272-8ed8-fea7-ff7a21d81887,1966-09-04,,999-97-2246,S99984814,X78386932X,Mr.,Victor265,Carter549,,,M,black,nonhispanic,M,Weymouth  Massachusetts  US,851 Heller Avenue Unit 91,East Bridgewater,Massachusetts,Plymouth County,,41.99199362121741,-70.94039514412974,1382808.9500000002,13064.160000000002,59.3,21,1,20,14,1,1984-10-29 02:41:42,2021-10-11 02:41:42,3.0,2.0,28.37,3.0,43.0,0,0,0,0,1,0,0,0,0,0,27.4,11.25,18.75,8.65,4.0
3c0f81dc-96bf-3f9c-6e4f-5763f9614fb2,2021-07-28,,999-93-4680,,,,Leanna255,Witting912,,,,white,nonhispanic,F,Boston  Massachusetts  US,258 Keeling Flat,Boston,Massachusetts,Suffolk County,2113.0,42.3077727917184,-71.03645866379958,9801.48,0.0,4.4,3,0,3,3,0,2021-07-28 21:15:02,2021-11-03 21:15:02,0.0,0.0,0.0,0.0,1.0,0,0,0,0,0,0,0,0,0,0,24.25,11.25,24.0,9.45,6.3
bc8d72aa-9065-473c-d9cd-cceb942ddfaf,1994-12-04,,999-97-6480,S99984646,X48197179X,Ms.,Andrea7,Collins926,,,,white,nonhispanic,F,Medfield  Massachusetts  US,580 Miller Annex Suite 54,Saugus,Massachusetts,Essex County,,42.45081563193622,-70.96915332520007,921360.42,397.3199999999999,31.1,41,3,38,5,2,2011-11-19 01:37:10,2021-10-11 01:37:10,7.0,7.0,2257.93,57.0,94.0,0,0,0,0,0,0,0,0,0,0,29.4,12.7,23.25,9.2,5.1
5bf9e7f3-ca8b-16d9-6ad8-5e46c20e9f4e,1994-12-09,,999-93-4920,S99994647,X78347275X,Mr.,Duane703,Gibson10,,,,white,nonhispanic,M,Everett  Massachusetts  US,177 Haag Lodge Apt 69,Boston,Massachusetts,Suffolk County,2118.0,42.4211485036266,-71.09371329648863,722893.3745,88102.3255,31.1,14,0,14,11,0,2011-01-22 01:08:26,2021-03-20 01:08:26,18.0,2.0,127.92,6396.0,57.0,0,1,0,0,0,0,0,0,0,0,24.25,11.25,24.0,9.45,6.3
788a1414-0bee-f2a6-8096-a9f2d936f42f,1960-01-17,,999-30-9875,S99994624,X12211323X,Mr.,Scottie437,Kerluke267,,,S,white,nonhispanic,M,Holden  Massachusetts  US,848 Stanton Branch,North Eastham,Massachusetts,Barnstable County,2651.0,41.86761494937672,-70.03079256577583,1597863.180000001,14363.579999999998,66.0,55,1,54,43,1,1978-03-12 22:41:21,2021-11-14 22:41:21,95.0,4.0,674.15,31893.0,42.0,0,1,1,0,0,0,0,0,0,0,27.15,11.75,18.700000000000003,9.6,4.0
1ef1309d-cd3a-f6b2-2706-10f9ecfa06ed,1986-01-02,,999-86-6731,S99964059,X37436793X,Mrs.,Kit446,Hills818,,Renner328,M,white,nonhispanic,F,Westborough  Massachusetts  US,875 Olson Lodge,Reading,Massachusetts,Middlesex County,1801.0,42.50612293639267,-71.12616920936875,2684339.5125000007,223069.5675,40.0,69,4,65,10,3,1996-07-12 16:23:42,2021-11-18 20:23:42,7.0,5.0,22107.09,62.0,197.0,0,0,0,0,1,0,0,0,0,0,23.1,8.2,15.3,7.15,2.85
a0e542ca-bab1-52c2-e32d-5c5507e36868,1988-12-13,,999-74-4467,S99996819,X25051030X,Mrs.,Willodean275,Hyatt152,,Crona259,M,white,nonhispanic,F,Salisbury  Massachusetts  US,178 Kohler Rest Suite 20,Shrewsbury,Massachusetts,Worcester County,,42.26721105714982,-71.73570451295703,1355042.0024999997,1278.1574999999996,37.0,37,2,35,6,2,2007-02-06 12:24:10,2021-11-09 12:24:10,3.0,3.0,930.59,25.0,127.0,0,0,0,0,0,0,0,0,0,0,27.4,11.25,18.75,8.65,4.0
f2f98ceb-38a9-72f3-5193-a849efce41ce,2016-03-28,,999-25-4373,,,,Ángela136,Saldaña5,,,,white,hispanic,F,Portsmouth  Saint John Parish  DM,616 Grimes Crossroad Suite 48,Boston,Massachusetts,Suffolk County,2136.0,42.39873867116989,-71.05976627176625,141132.67,602.79,9.8,17,0,17,14,0,2016-03-28 14:31:59,2021-03-08 14:31:59,6.0,3.0,79.17,6.0,7.0,0,0,0,0,0,0,0,0,0,0,24.25,11.25,24.0,9.45,6.3
ef3624d5-0c77-e990-c856-064916d06155,2021-09-24,,999-48-8881,,,,Tabatha105,Schaefer657,,,,white,nonhispanic,F,Norton  Massachusetts  US,608 Green Light,Haverhill,Massachusetts,Essex County,1835.0,42.751874829650966,-71.16418597822826,4919.360000000001,0.0,4.3,2,0,2,2,0,2021-09-24 13:38:08,2021-10-29 13:38:08,0.0,0.0,0.0,0.0,1.0,0,0,0,0,0,0,0,0,0,0,31.75,13.55,25.7,9.8,7.3
8aa6b366-1eb1-2649-95a2-18ce6fc5d7cf,1952-12-13,,999-82-5846,S99913402,X6928276X,Mr.,Kristopher775,Ledner144,,,M,white,nonhispanic,M,Chelmsford  Massachusetts  US,487 Walsh Dam,Barnstable,Massachusetts,Barnstable County,,41.74064073854179,-70.23975057339017,1716788.3915000004,26400.6085,73.0,43,1,42,16,1,1971-02-06 05:07:19,2021-03-27 05:07:19,18.0,4.0,212.82000000000002,171.0,73.0,0,0,0,0,1,0,0,0,0,0,27.4,11.25,18.75,8.65,4.0
c2b9dc8a-cfe1-da50-5e72-140b66e43996,1999-03-22,,999-97-4512,S99979910,X459892X,Mr.,Erin498,Mann644,,,,white,nonhispanic,M,Dudley  Massachusetts  US,397 Lang Way Apt 34,Williamsburg,Massachusetts,Hampshire County,,42.39032188034885,-72.75746462293634,72299.25249999999,26775.7975,26.8,16,0,16,10,0,2012-04-17 01:29:34,2021-11-16 01:29:34,15.0,3.0,70.31,3356.0,48.0,0,1,0,0,0,0,0,0,0,0,27.4,11.25,18.75,8.65,4.0
45e7e2b5-aa6f-f860-d613-543aa6a5b057,1952-06-20,,999-83-2460,S99977816,X57961300X,Mrs.,Yukiko930,Kemmer137,,Gislason620,M,white,nonhispanic,F,Spencer  Massachusetts  US,105 Torphy Meadow Unit 35,Lee,Massachusetts,Berkshire County,1238.0,42.30947161397758,-73.27226249381016,2344320.7275000005,84142.75249999999,73.5,41,0,41,28,0,1970-08-14 06:06:32,2021-10-08 06:06:32,0.0,0.0,0.0,0.0,67.0,0,0,0,0,1,0,0,0,0,0,29.7,10.85,19.15,8.85,4.3
09a88ead-dcf8-1702-a172-fcb15b294d7f,1995-12-10,,999-34-6081,S99953990,X14556497X,Ms.,Janeth814,Grant908,,,,white,nonhispanic,F,Leominster  Massachusetts  US,969 Hettinger Lodge,Somerville,Massachusetts,Middlesex County,2145.0,42.39225743702723,-71.12385033065561,822600.4415000001,187077.0585,30.1,46,6,40,11,5,2007-12-30 07:36:32,2021-11-14 07:36:32,28.0,11.0,16763.420000000002,129.0,133.0,0,0,0,0,0,0,0,0,0,0,23.95,8.8,16.9,6.85,4.25
e546eb3d-36c4-ce15-fcff-c464c8d79441,1955-08-26,,999-72-7348,S99983471,X8297381X,Mr.,Werner409,Watsica258,,,S,white,nonhispanic,M,Newburyport  Massachusetts  US,458 Doyle Path Suite 36,Mount Washington,Massachusetts,Berkshire County,,42.10136165858572,-73.44516489242905,1519418.9750000003,37690.205,70.3,32,0,32,19,0,1973-10-19 18:25:14,2021-09-12 20:38:00,2.0,1.0,10.440000000000001,2.0,56.0,0,0,0,0,0,0,0,0,0,0,27.4,11.25,18.75,8.65,4.0
8d341b49-a266-a3d1-c546-4aacd39303bb,1938-09-02,,999-17-5839,S99982586,X36675821X,Mr.,Damien170,Orn563,,,M,white,nonhispanic,M,Milford  Massachusetts  US,370 Smitham Highlands,Needham,Massachusetts,Norfolk County,,42.24095796814297,-71.22555768683779,1961693.9520000005,159785.428,87.3,38,2,36,26,2,1951-09-28 23:18:18,2021-03-19 23:18:18,6.0,5.0,228597.02000000002,1159.0,66.0,0,0,0,0,1,0,0,0,0,1,21.200000000000003,6.65,12.9,7.1,2.55
59006c13-4c8e-7d51-5392-8a78ea30c159,2014-01-01,,999-58-6320,,,,Deirdre267,Langosh790,,,,white,nonhispanic,F,Auburn  Massachusetts  US,774 Cartwright Rue Suite 76,Fall River,Massachusetts,Bristol County,2721.0,41.6193877171992,-71.06038949964272,202278.25,1909.11,12.0,25,1,22,16,1,2014-01-01 14:55:31,2020-12-23 14:55:31,5.0,4.0,96.29,6.0,13.0,0,0,0,0,0,0,0,0,0,0,35.25,21.450000000000003,30.799999999999997,11.85,9.0
562e7d26-9dfb-95f2-0815-3c20129955b8,1965-02-26,,999-52-6782,S99943363,X48444389X,Mrs.,Nieves278,Strosin214,,Jaskolski867,M,white,nonhispanic,F,Boston  Massachusetts  US,432 Weimann Fork Unit 11,Fall River,Massachusetts,Bristol County,2723.0,41.63907089975599,-71.04209881745751,2682362.345000001,569198.8850000001,60.8,401,23,241,40,13,1966-03-17 18:52:36,2021-11-05 08:33:36,883.0,6.0,241188.71,1772.0,302.0,1,0,1,0,0,0,1,0,0,0,35.25,21.450000000000003,30.799999999999997,11.85,9.0
dd7739d6-6c0f-7f01-2ad2-67f979397a96,2005-06-09,,999-66-2227,S99990167,,,Rich940,Beatty507,,,,white,nonhispanic,M,Fall River  Massachusetts  US,171 Boyle Gardens Apt 67,Lynn,Massachusetts,Essex County,1904.0,42.546486494528985,-71.01239229401195,247741.3425,1408.4475,20.6,16,1,15,10,1,2012-05-31 17:05:34,2021-07-22 17:05:34,1.0,1.0,11.7,2.0,26.0,0,0,0,0,0,0,0,0,0,0,33.849999999999994,14.649999999999999,32.0,12.0,11.9
c104b1ec-d2e8-6ff7-4cc1-e58144be7da2,1993-10-14,,999-95-8375,S99953411,X48328393X,Mrs.,Christen366,Aufderhar910,,Schuppe920,M,asian,hispanic,F,Clinton  Massachusetts  US,888 Satterfield Route,Winthrop,Massachusetts,Suffolk County,2128.0,42.34477183393026,-71.00999713785404,857665.2194999999,348173.85049999994,32.2,41,2,38,4,2,2011-12-08 15:13:03,2021-11-07 15:13:03,8.0,6.0,1751.6999999999998,41.0,129.0,0,0,0,0,0,0,0,0,0,0,27.4,11.25,18.75,8.65,4.0
16daa36d-5e40-19aa-d2f6-3958f83a2b38,1992-05-06,,999-96-5100,S99918718,X50524041X,Mr.,Andreas188,Macejkovic424,,,S,white,hispanic,M,Brockton  Massachusetts  US,850 O'Conner Common Unit 94,Boston,Massachusetts,Suffolk County,,42.41604261400201,-71.11102074528645,735619.4449999998,18327.915,33.7,11,0,11,5,0,2010-06-30 22:05:25,2021-06-09 22:05:25,2.0,1.0,11.92,2.0,27.0,0,0,0,0,0,0,0,0,0,0,24.25,11.25,24.0,9.45,6.3
b4a8f077-ac06-b045-97d4-30ca90df4a7a,1966-12-11,,999-55-8767,S99910527,X87832969X,Mr.,Ezra452,Mertz280,,,M,white,nonhispanic,M,Watertown  Massachusetts  US,978 Ruecker Row,Woburn,Massachusetts,Middlesex County,1801.0,42.520869018702086,-71.17487231584849,1393556.6775,1012.9725,59.1,23,4,19,16,3,1982-01-17 17:21:00,2021-05-02 17:21:00,3.0,3.0,79579.58,303.0,38.0,0,0,0,0,1,0,0,0,0,0,25.5,11.25,19.75,8.4,4.45
e0807fab-552e-931f-366f-761dff93a52e,1975-06-01,,999-47-6808,S99949529,X22847209X,Ms.,Phuong301,Lynch190,,,S,white,nonhispanic,F,Newton  Massachusetts  US,529 Ernser Lane,Duxbury,Massachusetts,Plymouth County,2332.0,42.0810213738681,-70.65897564651311,2796090.8345000013,461194.0155000001,50.6,88,4,84,14,4,1992-01-26 19:50:42,2021-07-04 17:38:30,28.0,12.0,170239.41,737.0,193.0,0,0,0,0,0,0,0,0,0,0,25.8,8.1,14.600000000000001,7.65,2.7
5fa19f72-3c42-c600-eff0-c97e8448ad57,1952-02-19,,999-44-3135,S99939297,X33324982X,Mrs.,Natalie960,Armstrong51,,Stehr398,M,white,nonhispanic,F,Quincy  Massachusetts  US,275 Bahringer Rest,Swampscott,Massachusetts,Essex County,,42.48053315602072,-70.87729046055897,2206092.0419999985,202661.398,73.9,75,1,74,53,1,1965-03-16 21:19:37,2021-10-12 21:19:37,185.0,6.0,2933.3399999999997,38653.0,68.0,0,1,0,0,1,0,0,0,0,0,27.950000000000003,9.5,18.75,8.2,3.45
aa07a9f0-6cce-5e67-519a-2e2c5f93db29,1987-05-02,,999-34-3205,S99932109,X35475201X,Mrs.,Angelo118,Runte676,,Wiza601,M,white,nonhispanic,F,Framingham  Massachusetts  US,364 Ward Parade Suite 96,Salem,Massachusetts,Essex County,1907.0,42.52652405967817,-70.90526781456714,1799452.4879999997,11672.232,38.7,80,4,76,13,4,2004-06-19 23:13:04,2021-10-30 23:13:04,38.0,5.0,31387.41,114.0,255.0,0,0,0,0,1,0,0,0,0,0,29.9,11.2,22.35,8.899999999999999,5.55
c7b4f895-36c5-9c73-4e5c-5b9a10cab889,1958-11-18,,999-37-1039,S99921933,X53855452X,Mr.,Carey440,Crist667,,,M,white,nonhispanic,M,Somerset  Massachusetts  US,375 Hauck Path,Marlborough,Massachusetts,Middlesex County,1752.0,42.38616925873587,-71.5923531757509,1586257.8375000004,8717.1225,67.1,47,2,45,19,2,1977-01-12 02:15:22,2021-05-05 02:15:22,28.0,8.0,183554.1,978.0,63.0,0,0,0,0,1,0,0,0,0,0,26.950000000000003,12.8,22.1,9.1,6.449999999999999
2e7f9367-ada3-e09c-876d-32b551578630,2013-11-04,,999-93-1898,,,,Mikaela760,Keeling57,,,,other,nonhispanic,F,Fall River  Massachusetts  US,877 Schmidt Landing Suite 20,Boston,Massachusetts,Suffolk County,2467.0,42.22766030532518,-71.06497174626318,197283.53,131.21999999999994,12.2,20,0,20,17,0,2013-11-04 23:08:29,2021-11-01 23:08:29,2.0,2.0,172.85000000000002,2.0,10.0,0,0,0,0,0,0,0,0,0,0,24.25,11.25,24.0,9.45,6.3
75fde6d2-84e9-feb2-088f-b99f5347881a,2012-01-24,,999-63-4743,,,,Katelyn962,Schaden604,,,,white,nonhispanic,F,Canton  Massachusetts  US,1029 Kiehn Lock Unit 83,Cambridge,Massachusetts,Middlesex County,2138.0,42.4050793249168,-71.19493585691761,248822.415,1251.255,13.9,21,0,21,18,0,2012-01-24 10:35:37,2021-01-26 10:35:37,2.0,1.0,8.73,2.0,6.0,0,0,0,0,0,0,0,0,0,0,23.0,7.55,16.35,6.9,3.65
54cc4555-29a2-17ca-1b62-b537b35515a5,1979-01-17,,999-19-6153,S99971559,X80717726X,Mrs.,Jenny686,Krajcik437,,Friesen796,M,white,nonhispanic,F,Grafton  Massachusetts  US,415 Hintz Lane Unit 20,Somerville,Massachusetts,Middlesex County,2145.0,42.40946297629226,-71.08524299046884,2967680.0915,490579.0685,47.0,125,5,120,44,5,1980-02-20 21:56:22,2021-07-28 12:56:22,162.0,11.0,130882.22,2074.0,260.0,0,0,1,0,1,0,0,0,0,0,23.95,8.8,16.9,6.85,4.25
3782e52d-3a8e-b8a0-1fce-c0bf74d6a96c,1989-01-17,,999-78-3480,S99977772,X60883323X,Mrs.,Stormy472,Gulgowski816,,Roob72,M,white,nonhispanic,F,Haverhill  Massachusetts  US,850 Maggio Glen Suite 80,Wakefield,Massachusetts,Middlesex County,1940.0,42.53401314508538,-71.04008145450614,1400309.8840000003,208924.676,37.0,78,3,74,5,3,2007-03-13 13:12:30,2021-10-27 13:12:30,10.0,9.0,19939.77,76.0,201.0,0,0,0,0,1,0,0,0,0,0,24.25,9.25,16.6,7.449999999999999,3.3
ebe6f5b1-c05d-6043-33d1-83ef3dc4da13,1996-12-24,,999-20-5289,S99980799,X640775X,Mr.,Arron144,Labadie908,,,,white,nonhispanic,M,Boston  Massachusetts  US,914 Bauch Station Unit 80,Upton,Massachusetts,Worcester County,1568.0,42.15406682766859,-71.5909642874441,1380677.625,296.02499999999986,29.0,48,0,48,7,0,1997-12-11 23:15:56,2021-09-07 12:15:56,3.0,3.0,101465.9,583.0,64.0,0,0,0,0,0,0,0,0,0,0,29.35,9.149999999999999,17.200000000000003,7.7,3.05
961c13b9-6fe8-5b78-abd2-72f1e51dae7a,1975-12-20,,999-83-5515,S99928299,X17497476X,Mr.,Laverne101,Anderson154,,,S,white,nonhispanic,M,Raynham Center  Massachusetts  US,296 Fritsch Crossing,Orleans,Massachusetts,Barnstable County,,41.779774675517245,-69.97883129100411,1062710.0074999998,739.2224999999999,50.0,21,0,21,16,0,1991-01-27 01:28:35,2021-04-25 01:28:35,25.0,3.0,19761.75,75.0,52.0,0,0,0,0,1,0,0,0,0,0,26.85,10.899999999999999,18.7,9.7,3.7
e6785847-ea03-5c99-acbe-abd075241788,1955-12-31,,999-64-8925,S99987279,X60625778X,Mr.,Trevor374,Konopelski743,,,M,black,nonhispanic,M,Revere  Massachusetts  US,203 Kshlerin Forge,Plymouth,Massachusetts,Plymouth County,,41.92416326695084,-70.6685119179921,1611089.7550000004,2395.505,70.0,47,3,44,24,3,1956-08-28 10:25:07,2021-07-10 08:25:07,16.0,4.0,47.33,135.0,78.0,0,0,0,0,1,0,0,0,0,0,29.8,13.4,20.85,9.25,4.65
2afc9195-bd76-87d7-9ae4-290e5036c2fa,1973-10-14,,999-42-8275,S99921611,X30865198X,Mr.,Chauncey770,Baumbach677,,,M,white,nonhispanic,M,Palermo  Sicily  IT,633 O'Keefe Club Suite 60,Brookline,Massachusetts,Norfolk County,,42.31276107801278,-71.13747580000071,1769709.1475000014,188780.39250000005,52.2,49,2,47,32,2,1975-01-26 03:35:56,2021-08-01 05:15:17,41.0,7.0,94740.66,1271.0,69.0,0,1,0,0,1,0,0,0,0,0,20.85,6.35,13.55,7.0,2.95
74ead5ce-b1a1-88ee-3d88-8c5502531d68,1974-05-11,,999-33-8015,S99972918,X59790515X,Mrs.,Diane211,Murphy561,,Gleason633,M,black,hispanic,F,Boston  Massachusetts  US,646 Hagenes Union,Danvers,Massachusetts,Essex County,1937.0,42.62024913096644,-70.97714739645257,2114929.4775,6058.4625,51.6,34,0,34,27,0,1990-08-06 19:19:42,2021-06-12 19:07:42,58.0,2.0,413.8,20690.0,32.0,0,1,0,0,0,0,0,0,0,0,27.75,10.35,19.450000000000003,8.1,3.65
2961ef66-1eeb-1813-3217-c3c0176fd872,1944-02-01,,999-25-8286,S99947197,X59455939X,Mr.,Eric487,Fahey393,,,S,white,nonhispanic,M,Springfield  Massachusetts  US,345 Farrell Frontage road,Dartmouth,Massachusetts,Bristol County,,41.58555030766099,-70.9336603559287,2144694.3374999994,408301.38250000007,81.9,122,1,121,58,1,1962-03-27 19:41:26,2021-08-18 19:41:26,224.0,7.0,59349.6,23435.0,75.0,0,1,1,0,1,0,0,0,0,0,27.4,11.25,18.75,8.65,4.0
e35a7f38-bb1a-0c47-3a3e-8390f726ef08,2020-01-04,,999-19-3747,,,,Antonietta855,Collier206,,,,white,nonhispanic,F,Sandwich  Massachusetts  US,197 Baumbach Plaza,Marlborough,Massachusetts,Middlesex County,1752.0,42.3977991817334,-71.49957260971352,48110.2,0.0,6.0,8,0,8,8,0,2020-01-04 16:02:34,2021-06-12 16:02:34,0.0,0.0,0.0,0.0,4.0,0,0,0,0,0,0,0,0,0,0,26.950000000000003,12.8,22.1,9.1,6.449999999999999
9dff13cc-4283-5466-7f55-481d0c7267e0,2014-08-24,,999-70-1949,,,,Reta616,Koch169,,,,white,nonhispanic,F,North Reading  Massachusetts  US,758 Sawayn Vale Unit 10,Shelburne,Massachusetts,Franklin County,,42.59753744771409,-72.64055790636085,194064.9325,14250.007499999996,11.4,21,2,19,16,1,2014-08-24 12:01:59,2021-08-15 12:01:59,4.0,3.0,23.669999999999998,4.0,9.0,0,0,0,0,0,0,0,0,0,0,27.4,11.25,18.75,8.65,4.0
fac847f2-6b31-2022-e96c-24c04a08256c,2001-07-05,,999-73-3750,S99935740,X26050748X,Ms.,Gladys682,Wuckert783,,,,white,nonhispanic,F,Rockport  Massachusetts  US,736 Gusikowski Promenade,Lexington,Massachusetts,Middlesex County,2421.0,42.46325487540472,-71.26698502300795,582474.6955,130182.0245,24.5,34,2,32,10,2,2004-08-03 14:22:20,2021-09-09 09:22:20,11.0,7.0,1404.72,885.0,99.0,0,1,0,0,0,0,0,0,0,0,19.1,5.7,14.7,7.800000000000001,2.25
720e9d83-7140-7188-3aab-1752dd2c3183,1970-10-14,,999-68-8912,S99966115,X85103061X,Mrs.,Jesica465,Schumm995,,Rolfson709,M,asian,nonhispanic,F,Tokyo  Tokyo  JP,396 Gutmann View Apt 32,Boston,Massachusetts,Suffolk County,2136.0,42.34677079621236,-71.06389302639991,2829171.319,226205.071,55.2,50,3,47,14,2,1971-08-10 00:24:49,2021-09-16 01:24:49,30.0,14.0,47799.439999999995,669.0,103.0,0,0,0,0,1,0,0,0,0,0,24.25,11.25,24.0,9.45,6.3
cd6bea41-b268-4c96-0338-3f3d8129e5d8,1950-01-24,,999-13-6677,S99925789,X33770943X,Mrs.,Gayla444,Purdy2,,Carter549,M,hawaiian,nonhispanic,F,Lawrence  Massachusetts  US,993 Grady Skyway,Westfield,Massachusetts,Hampden County,,42.19330672070671,-72.79444481569038,2471348.3520000004,320497.148,75.9,46,1,43,18,1,1954-08-03 19:30:26,2021-06-15 19:30:26,13.0,2.0,9518.91,37.0,88.0,0,0,0,0,0,0,0,0,0,0,32.05,13.8,24.35,9.399999999999999,5.3
0cbfba7c-bd09-5afb-221c-3cd30ae46757,1961-08-18,,999-60-7155,S99941372,X85366477X,Mrs.,Gretta175,Rolfson709,MD,Hane680,M,hawaiian,nonhispanic,F,Leominster  Massachusetts  US,396 Dach Row,West Concord,Massachusetts,Middlesex County,,42.48193926392299,-71.37719389552275,1859659.7875000003,871250.3825,64.4,31,1,29,17,0,1979-10-13 03:40:11,2021-10-16 03:40:11,4.0,4.0,258684.15000000002,302.0,51.0,0,0,0,0,1,0,0,1,0,1,23.75,8.3,16.25,7.85,3.65
312d3dd7-d005-5d59-078e-2dc5615a466c,2003-06-04,,999-49-3336,S99979223,,Ms.,Glendora96,Hettinger594,,,,white,nonhispanic,F,Falmouth  Massachusetts  US,345 Kerluke Burg,Lawrence,Massachusetts,Essex County,,42.659890382984,-71.14119110249908,508065.13,690.81,22.6,26,0,25,10,0,2012-06-07 00:21:22,2021-11-04 00:21:22,5.0,5.0,9418.27,263.0,38.0,0,1,0,0,0,0,0,0,0,0,37.35,14.6,38.95,14.45,18.75
994223d1-9b84-a63f-e081-27cc1951e9b7,2008-04-06,,999-98-8769,,,,Golda777,Green467,,,,white,nonhispanic,F,Fall River  Massachusetts  US,569 Bechtelar Passage,Ipswich,Massachusetts,Essex County,1938.0,42.697978416562655,-70.84007105372521,352904.8799999999,0.0,17.7,14,2,12,10,2,2012-03-11 12:26:16,2021-05-02 12:26:16,2.0,2.0,13.57,2.0,16.0,0,0,0,0,0,0,0,0,0,0,27.85,9.8,18.5,8.0,3.25
1bc585d3-2a40-d934-3d96-f50fd607093f,1968-01-12,,999-10-2590,S99936561,X64115997X,Mrs.,Carroll471,Hirthe744,,Zieme486,M,white,nonhispanic,F,Everett  Massachusetts  US,124 Luettgen Crossroad,Boston,Massachusetts,Suffolk County,2135.0,42.34059432391135,-71.11691209961326,1993850.9195000003,500687.8405,58.0,52,1,51,16,1,1982-02-12 11:40:58,2021-05-29 14:40:58,5.0,3.0,3008.56,49.0,70.0,0,0,0,0,1,0,0,0,0,0,24.25,11.25,24.0,9.45,6.3
3f9712f8-51e2-02e9-3ebc-0a72b0f9cac0,2014-01-19,,999-24-3216,,,,Waldo53,Nienow652,,,,white,nonhispanic,M,Weymouth  Massachusetts  US,560 Bednar Mill Unit 33,Andover,Massachusetts,Essex County,,42.63110583283923,-71.1736296122515,196477.0925,523.8974999999999,11.9,19,0,19,16,0,2014-01-19 10:33:38,2021-07-21 09:33:38,4.0,4.0,95.78999999999999,4.0,6.0,0,0,0,0,0,0,0,0,0,0,25.6,8.05,17.65,7.6,3.15
58e24016-f3f7-e33d-35cd-333d6dedd5aa,1990-03-23,,999-63-8964,S99955938,X2720674X,Mr.,Alexander630,Dickinson688,,,M,white,nonhispanic,M,Boston  Massachusetts  US,128 Weber Haven,Wakefield,Massachusetts,Middlesex County,1880.0,42.47291858627126,-71.04898140980279,789999.4700000001,757.1999999999998,35.8,9,0,9,6,0,2008-05-17 02:33:33,2021-06-05 02:33:33,0.0,0.0,0.0,0.0,26.0,0,0,0,0,1,0,0,0,0,0,24.25,9.25,16.6,7.449999999999999,3.3
9f2de402-cf41-e01d-2989-111bd5201620,1964-01-30,,999-60-6529,S99992006,X71823182X,Mrs.,Estela596,Posada6,,Girón243,M,black,hispanic,F,Bogota  Bogota  CO,625 Flatley Knoll,Boston,Massachusetts,Suffolk County,2134.0,42.35950525217359,-71.03029945415817,2057404.4105000005,198353.1995,61.9,67,0,67,40,0,1982-03-25 11:02:51,2021-11-04 11:02:51,85.0,3.0,2032.83,14972.0,70.0,0,1,0,0,0,0,0,0,0,0,24.25,11.25,24.0,9.45,6.3
faf1d0f2-c429-72a4-5be0-e542949829ab,1989-06-23,,999-66-4140,S99918162,X7094359X,Mrs.,Awilda854,McClure239,,Littel644,M,white,nonhispanic,F,Bedford  Massachusetts  US,684 Medhurst View Apt 79,Weymouth,Massachusetts,Norfolk County,,42.16340115049522,-70.96520280217898,1462590.8275,11988.0525,36.5,92,34,58,14,4,2003-09-25 15:11:08,2021-11-05 15:11:08,89.0,17.0,43696.54,10700.0,116.0,0,1,0,0,0,0,0,0,0,0,27.4,11.25,18.75,8.65,4.0
498a12a7-d9bc-cee8-bd8e-0338c592f2d1,2001-03-23,,999-13-2558,S99973304,X45804604X,Mr.,Lesley194,Towne435,,,,white,nonhispanic,M,Leominster  Massachusetts  US,698 Bradtke Station,Forestdale,Massachusetts,Barnstable County,2644.0,41.71958397666217,-70.4620507828333,531979.0125,30.27749999999992,24.8,17,0,17,10,0,2012-04-06 19:09:35,2021-05-28 19:09:35,4.0,2.0,33.32,918.0,42.0,0,1,0,0,0,0,0,0,0,0,27.5,12.85,17.85,8.1,4.0
f0a44b21-3f9d-6c44-4520-9665e3734fcb,2009-10-21,,999-99-4170,,,,Maxie520,Green467,,,,white,nonhispanic,F,Randolph  Massachusetts  US,248 Swaniawski Flat Apt 77,Springfield,Massachusetts,Hampden County,1129.0,42.10021704741887,-72.59775368822338,309808.66,131.21999999999994,16.2,17,0,17,12,0,2012-03-28 21:16:34,2021-11-10 21:16:34,2.0,1.0,14.350000000000001,2.0,13.0,0,0,0,0,0,0,0,0,0,0,39.900000000000006,17.8,37.65,14.600000000000001,13.899999999999999
e7066cb1-7d7b-a1cb-8788-16325c24154b,2012-07-19,,999-39-6942,,,,Wilber603,Rath779,,,,white,nonhispanic,M,Boston  Massachusetts  US,421 Reichel Boulevard,Rowley,Massachusetts,Essex County,1969.0,42.67360579995693,-70.88453618817131,15263.668,512.3919999999999,13.5,22,0,22,18,0,2012-07-19 16:24:04,2021-07-22 16:24:04,4.0,4.0,93.42,4.0,10.0,0,0,0,0,0,0,0,0,0,0,26.85,9.2,17.1,7.7,2.8
bea87be4-08d7-cc5e-4791-254d11c26341,1973-11-09,,999-46-1605,S99939803,X36706693X,Mrs.,Anya973,Mills423,,Kuhn96,M,white,nonhispanic,F,Ayer  Massachusetts  US,993 Rau Neck Apt 66,North Attleborough,Massachusetts,Bristol County,,41.99186266572677,-71.28559007758115,2513648.1280000005,998145.302,52.1,83,1,82,26,1,1975-05-02 02:53:30,2021-09-17 05:53:30,132.0,15.0,70067.41,22921.0,123.0,0,1,0,0,1,0,0,0,0,0,27.4,11.25,18.75,8.65,4.0
b3f7b7b8-589f-0f29-bf7d-cf3b162f6c97,1992-10-14,,999-84-8285,S99918069,X66177779X,Mrs.,Mariette443,Gusikowski974,,Koss676,M,white,nonhispanic,F,Medford  Massachusetts  US,418 Roob Trailer,Ayer,Massachusetts,Middlesex County,1434.0,42.55057061029105,-71.57495079781405,1098526.99,11182.02,33.2,56,3,53,11,3,2009-12-02 07:25:42,2021-11-10 07:25:42,22.0,6.0,29290.5,104.0,184.0,0,0,0,0,0,0,0,0,0,0,27.85,13.9,22.45,9.5,5.300000000000001
df0d49f8-6136-1388-b5ec-0a19e7539b15,1994-11-21,,999-51-3837,S99932375,X67513972X,Mr.,Fredrick998,Stehr398,,,,white,nonhispanic,M,Webster  Massachusetts  US,899 Farrell Union,Billerica,Massachusetts,Middlesex County,,42.58494399285446,-71.28632772972642,677391.9074999999,6691.2525000000005,31.1,24,0,24,10,0,2012-01-09 15:12:46,2021-11-08 15:12:46,9.0,1.0,7114.2300000000005,27.0,67.0,0,0,0,0,0,0,0,0,0,0,27.4,11.25,18.75,8.65,4.0
7edc835f-0063-6d39-0c35-112f82a3e131,1953-05-25,,999-81-3679,S99943748,X77752732X,Mr.,Wilton999,Schamberger479,,,M,asian,nonhispanic,M,Chongqing  Chongqing Municipality  CN,975 Grady Bypass,Charlton,Massachusetts,Worcester County,,42.18169541247397,-72.01573522383045,2485642.52,30679.17,72.6,36,0,36,25,0,1955-12-14 05:41:34,2021-09-06 05:41:34,1.0,1.0,7338.3,802.0,63.0,0,0,0,0,0,0,0,0,0,0,27.4,11.25,18.75,8.65,4.0
a3501530-1af1-4244-15cd-40070be6e4f4,1948-05-31,,999-13-4276,S99940323,X12782530X,Mr.,Elliot577,Fritsch593,,,M,white,nonhispanic,M,Boston  Massachusetts  US,243 Collins Loaf,Boston,Massachusetts,Suffolk County,2163.0,42.34747781298061,-71.0524676865383,252411.57000000004,5806.1900000000005,77.6,28,0,28,19,0,1966-07-26 02:30:26,2021-10-12 02:30:26,6.0,6.0,17308.39,42.0,59.0,0,0,0,0,1,0,0,0,0,0,24.25,11.25,24.0,9.45,6.3
0d2673ea-1ad2-be4f-0f45-fcf802d7785f,2017-11-24,,999-83-1614,,,,Jim478,Lubowitz58,,,,white,nonhispanic,M,Springfield  Massachusetts  US,803 Spencer Glen Apt 14,Newton,Massachusetts,Middlesex County,2461.0,42.3034553908473,-71.11955334255178,99578.49,4376.79,8.1,16,0,16,13,0,2017-11-24 06:19:09,2021-10-29 06:19:09,3.0,3.0,60.519999999999996,3.0,7.0,0,0,0,0,0,0,0,0,0,0,21.35,6.7,14.8,7.25,2.7
10d90820-db26-953d-7818-a17f198cc2f8,1999-05-07,,999-62-9912,S99979689,X4843005X,Ms.,Manda751,Crist667,,,,white,nonhispanic,F,Worcester  Massachusetts  US,132 Reilly Trafficway,Littleton,Massachusetts,Middlesex County,,42.5581591813885,-71.5292583485106,1456469.48,36499.8,26.7,104,4,98,8,4,1999-08-08 02:01:06,2021-07-10 02:01:06,10.0,10.0,80910.41000000002,578.0,158.0,0,0,0,0,1,0,0,0,0,0,27.4,11.25,18.75,8.65,4.0
37dd96cc-2255-db60-bca6-005438b7d3ee,1994-07-13,,999-20-6615,S99996481,X74058708X,Ms.,Thomasena108,O'Conner199,,,S,white,nonhispanic,F,Truro  Massachusetts  US,112 D'Amore Corner,Newton,Massachusetts,Middlesex County,2466.0,42.3523668681692,-71.21556560123356,121440.358,621496.802,31.5,64,3,61,10,3,2012-06-21 10:49:12,2021-11-03 10:49:12,16.0,5.0,15237.71,3411.0,197.0,0,1,0,0,0,0,0,0,0,0,21.35,6.7,14.8,7.25,2.7
c24c5971-3c20-aeab-95da-9dba58dad4a3,1960-11-13,,999-94-9579,S99968615,X86104512X,Mrs.,Demetrice140,Collier206,,Terry864,M,white,nonhispanic,F,Quincy  Massachusetts  US,1093 Mayert Loaf Suite 68,Swansea,Massachusetts,Bristol County,,41.710459580396254,-71.24968311891523,2343254.2830000003,94989.507,65.1,87,4,82,54,4,1962-03-27 12:20:52,2021-09-06 04:49:52,150.0,8.0,333598.03,2137.0,62.0,0,0,0,0,1,0,0,0,0,1,27.4,11.25,18.75,8.65,4.0
df46cbb3-2704-5d4e-a101-4f2d2dac83b0,1947-07-19,,999-15-7884,S99912174,X44979205X,Mr.,Odell776,O'Kon634,,,M,white,nonhispanic,M,Billerica  Massachusetts  US,249 Sauer Flat,Shrewsbury,Massachusetts,Worcester County,,42.25861547153446,-71.69237356081621,2168913.9610000006,40893.199,78.5,56,3,53,30,3,1961-08-19 14:30:17,2021-05-08 14:30:17,18.0,9.0,31264.7,239.0,77.0,0,0,0,0,0,0,0,0,0,1,27.4,11.25,18.75,8.65,4.0
9f2b1e2f-f8e2-9990-8b39-6906a5721ac2,2002-06-24,,999-68-5890,S99916702,,Mr.,Arron144,Morar593,,,,white,nonhispanic,M,Boston  Massachusetts  US,206 Shields Light Unit 97,Amherst Center,Massachusetts,Hampshire County,,42.33082212302357,-72.48257259743299,496468.1400000001,10126.29,23.5,28,5,22,10,4,2005-11-18 15:07:17,2021-08-30 17:07:17,12.0,7.0,32989.17,108.0,50.0,0,0,0,0,1,0,0,0,0,0,27.4,11.25,18.75,8.65,4.0
1b0d214c-f965-877c-6715-820eb1bd82dc,1952-09-14,,999-93-6408,S99926700,X52691604X,Ms.,Hae300,Corkery305,,,S,white,nonhispanic,F,West Newbury  Massachusetts  US,901 Klein Ramp,Athol,Massachusetts,Worcester County,,42.62237626445755,-72.25651249304457,2655132.887000001,311281.083,73.3,69,2,67,50,2,1956-01-08 21:58:29,2021-08-22 05:58:29,115.0,3.0,2862.36,37408.0,65.0,0,1,0,0,1,0,0,0,0,0,35.7,17.5,27.55,10.75,6.050000000000001
079bd0b4-875b-a9d2-bb7f-4084e3360787,1998-09-09,,999-71-3604,S99954968,X62436137X,Mr.,Armando772,Stiedemann542,,,,white,nonhispanic,M,Marlborough  Massachusetts  US,327 Veum Arcade Apt 93,Amherst Center,Massachusetts,Hampshire County,,42.40184655101908,-72.55018302076509,75689.165,56984.13500000001,27.3,28,3,24,7,2,2012-10-10 23:26:44,2021-06-30 23:26:44,4.0,4.0,6414.56,22.0,47.0,0,0,0,0,0,0,0,0,0,0,27.4,11.25,18.75,8.65,4.0
152ae6fe-9ed5-6944-0d96-f6073102f677,1918-12-21,,999-45-2640,S99932807,X76930064X,Mrs.,Vita624,Bosco882,,Kozey370,M,white,nonhispanic,F,Westford  Massachusetts  US,799 Bogisich Rest Apt 84,Pittsfield,Massachusetts,Berkshire County,,42.44646574334861,-73.25376231227217,3035222.2365,1228135.1135000002,107.0,77,3,74,56,3,1934-01-27 07:30:25,2021-10-16 07:30:25,5.0,5.0,9049.5,965.0,74.0,0,0,0,0,0,0,0,0,0,0,33.0,14.600000000000001,23.0,10.0,5.85
e9cbe913-d36c-2a77-2a27-60dbf73601e3,1992-02-23,,999-38-4047,S99968691,X37756113X,Ms.,Ellena683,Jerde200,,,S,white,nonhispanic,F,Boston  Massachusetts  US,970 Marks Boulevard,Salem,Massachusetts,Essex County,1970.0,42.480144702875016,-70.83697186902141,1219145.5545000003,28884.5755,33.9,59,4,53,5,4,2010-04-18 13:04:04,2021-10-31 13:04:04,10.0,7.0,2221.0,65.0,176.0,0,0,0,0,0,0,0,0,0,0,29.9,11.2,22.35,8.899999999999999,5.55
b2b784f2-7847-a0ce-a217-5bca4eb30c9d,1947-08-15,,999-10-4281,S99937753,X35631698X,Mr.,Simon598,Langworth352,,,M,white,nonhispanic,M,Peabody  Massachusetts  US,143 Conn Route Suite 79,Woburn,Massachusetts,Middlesex County,1801.0,42.50064583959945,-71.17643055166356,1926486.8625000005,11446.5775,78.4,59,2,57,15,1,1955-12-12 14:47:09,2021-09-07 06:47:09,33.0,1.0,8.36,394.0,67.0,0,0,0,0,1,0,0,0,0,0,25.5,11.25,19.75,8.4,4.45
4a3c6287-bc6a-681b-4382-0036f2432a51,2015-06-24,,999-11-7324,,,,Norman647,Glover433,,,,white,nonhispanic,M,Boston  Massachusetts  US,531 Will Vale Unit 54,Maynard,Massachusetts,Middlesex County,1754.0,42.38502529495121,-71.46014786237438,20618.201500000003,14595.828499999998,10.5,22,0,21,15,0,2015-06-24 18:41:01,2021-07-22 18:41:01,3.0,3.0,23.47,3.0,12.0,0,0,0,0,0,0,0,0,0,0,24.45,8.9,15.95,7.449999999999999,3.2
ca934cf9-a055-9b04-fd86-037eece56e90,2014-07-07,,999-54-5846,,,,Daniela614,Hagenes547,,,,white,hispanic,F,Revere  Massachusetts  US,425 Corwin Heights,Holliston,Massachusetts,Middlesex County,,42.17571554669993,-71.49045723562925,180208.8825,196.20749999999995,11.5,23,2,20,16,2,2014-07-07 18:54:29,2021-06-28 18:54:29,7.0,3.0,40.44,7.0,9.0,0,0,0,0,0,0,0,0,0,0,27.4,11.25,18.75,8.65,4.0
67712337-676a-c36f-ebae-e4b584e42d49,2010-12-15,,999-44-7717,,,,Silvia880,Pichardo350,,,,other,hispanic,F,Wesley  Saint Andrew Parish  DM,864 Zulauf Rue,Revere,Massachusetts,Suffolk County,2151.0,42.40773912595088,-71.0229525540715,34871.8645,23025.4255,15.0,20,1,18,13,1,2012-01-13 10:17:48,2020-12-23 20:17:48,5.0,5.0,100.09,5.0,11.0,0,0,0,0,0,0,0,0,0,0,25.7,14.0,28.4,10.100000000000001,10.25
a2f532cc-184b-d28c-b702-7b3fd99c77bd,2021-01-02,,999-64-9334,,,,Raphael767,Feeney44,,,,white,nonhispanic,M,Boston  Massachusetts  US,128 Wunsch Route Apt 38,Boston,Massachusetts,Suffolk County,2136.0,42.3064540579927,-70.97437444097004,19859.33,2877.99,5.0,5,0,5,5,0,2021-01-02 20:00:24,2021-09-11 20:00:24,0.0,0.0,0.0,0.0,3.0,0,0,0,0,0,0,0,0,0,0,24.25,11.25,24.0,9.45,6.3
9480b971-2ca2-56af-dded-aa0fac41e0a7,1997-12-21,,999-55-2544,S99971223,X43330403X,Ms.,Brunilda665,Toy286,,,,white,nonhispanic,F,Moscow  Moscow  RU,510 Bergnaum Run,Springfield,Massachusetts,Hampden County,1128.0,42.19988054753705,-72.58979342892643,710004.4515000001,394745.7385,28.0,73,0,73,7,0,1998-10-31 03:47:10,2021-10-31 20:12:14,10.0,9.0,93818.64,626.0,116.0,0,0,0,0,0,0,0,0,0,0,39.900000000000006,17.8,37.65,14.600000000000001,13.899999999999999
6abc5e2e-a95f-1d3f-2b1c-7b003d417973,1970-09-03,,999-93-8901,S99986071,X49810368X,Mrs.,Hulda44,Pouros728,,Huels583,M,white,nonhispanic,F,Boston  Massachusetts  US,248 Deckow Bypass,Mansfield,Massachusetts,Bristol County,,42.05167853012375,-71.2245415922791,2200268.175,3713.295,55.3,42,4,35,13,4,1988-10-27 10:34:24,2021-09-09 10:34:24,17.0,13.0,34788.840000000004,485.0,48.0,0,0,0,0,1,0,0,0,0,0,27.4,11.25,18.75,8.65,4.0
c9447fb9-418d-fe6d-1404-43aa9f58fc47,2001-09-21,,999-24-5684,S99966435,X89443899X,Ms.,Pauletta164,Brown30,,,,white,nonhispanic,F,Amherst  Massachusetts  US,838 Stanton Trafficway,Georgetown,Massachusetts,Essex County,,42.73185954754425,-71.02017328996098,527348.85,0.0,24.3,27,0,27,9,0,2011-11-29 14:23:21,2021-11-12 10:23:21,10.0,7.0,1185.31,805.0,50.0,0,1,0,0,1,0,0,0,0,0,27.4,11.25,18.75,8.65,4.0
584056da-c05d-bc02-50eb-e24f8310c1d2,1966-01-19,,999-88-5988,S99944078,X20343558X,Mr.,Ellis535,Trantow673,,,S,black,nonhispanic,M,Seekonk  Massachusetts  US,388 Pacocha Avenue,Bridgewater,Massachusetts,Plymouth County,,41.93206889344856,-70.97359553360859,1642328.3775,56827.85249999999,59.9,29,0,28,18,0,1984-03-07 16:06:02,2021-03-31 15:03:55,34.0,4.0,28531.09,337.0,78.0,0,0,1,0,1,0,0,0,0,0,27.4,11.25,18.75,8.65,4.0
ad3817b1-abe7-9976-1cee-478bf8e4c406,1987-03-22,,999-30-7507,S99912680,X83190651X,Mrs.,Frieda277,Homenick806,,Hessel84,M,white,nonhispanic,F,Andover  Massachusetts  US,150 Stroman Lock,Boston,Massachusetts,Suffolk County,2111.0,42.33637141979257,-71.05728812040375,1253881.158,179902.12199999997,38.8,52,3,49,9,2,2000-04-17 03:02:47,2021-06-07 03:02:47,4.0,4.0,1310.93,37.0,147.0,0,0,0,0,0,0,0,0,0,0,24.25,11.25,24.0,9.45,6.3
d573d7bf-7ded-bb80-55c4-62c56c831643,1952-11-06,,999-98-6562,S99940340,X55106313X,Mrs.,Clarine378,Hagenes547,,Grimes165,M,white,nonhispanic,F,Ware  Massachusetts  US,229 Witting Overpass Unit 80,Merrimac,Massachusetts,Essex County,,42.851049804136,-70.97274174683693,1914608.836,655553.794,73.1,48,1,47,36,0,1970-12-31 11:55:40,2021-04-22 11:55:40,45.0,2.0,75981.42,378.0,69.0,1,0,0,0,0,0,0,0,0,0,27.4,11.25,18.75,8.65,4.0
ce0cf6c2-6420-9443-5fcf-d60b8398048e,2010-09-09,,999-95-3951,,,,Sunshine777,Friesen796,,,,white,nonhispanic,F,Ludlow  Massachusetts  US,1060 Lang Wynd Unit 84,Cambridge,Massachusetts,Middlesex County,2138.0,42.38699542756493,-71.1701435940092,292670.7,605.0699999999998,15.3,24,1,23,13,1,2011-11-08 04:12:47,2021-09-23 05:12:47,7.0,4.0,39066.9,247.0,7.0,0,0,0,0,0,0,0,0,0,0,23.0,7.55,16.35,6.9,3.65
49d56ae6-5b5e-838c-da96-3b65e201aaef,2003-05-17,,999-51-1958,S99954595,,Ms.,Ashton21,Mitchell808,,,,white,nonhispanic,F,Quincy  Massachusetts  US,739 Corwin Center,Fairhaven,Massachusetts,Bristol County,,41.633866235044565,-70.85465273843053,345196.12250000006,20.13749999999993,22.6,44,1,43,10,1,2012-05-19 13:09:27,2021-11-13 13:09:27,9.0,7.0,12504.359999999999,46.0,63.0,0,0,0,0,0,0,0,0,0,0,27.4,11.25,18.75,8.65,4.0
1a0e1e20-e88e-6f88-032e-3e1c9793b6a7,1989-09-19,,999-43-7786,S99984626,X57677088X,Mr.,Wendell199,Haag279,,,M,white,nonhispanic,M,Essex  Massachusetts  US,841 Borer Wynd Apt 74,Haverhill,Massachusetts,Essex County,,42.81168047252811,-71.13367736411747,1104134.173,201436.727,36.3,12,1,11,6,1,1990-10-10 02:04:44,2020-12-01 12:04:44,3.0,3.0,93743.60999999999,757.0,16.0,0,0,0,0,0,0,0,0,0,0,31.75,13.55,25.7,9.8,7.3
d042f0b1-7e1f-7adb-224d-991f597dade9,2018-01-03,,999-35-1074,,,,Reid278,Schimmel440,,,,white,nonhispanic,M,Hudson  Massachusetts  US,428 Langworth Neck Apt 25,Weymouth,Massachusetts,Norfolk County,,42.22307974646465,-70.91990248484602,80193.15,34.349999999999945,8.0,15,0,14,12,0,2018-01-03 11:01:28,2021-06-09 11:01:28,1.0,1.0,10.05,1.0,7.0,0,0,0,0,0,0,0,0,0,0,27.4,11.25,18.75,8.65,4.0
cd600da2-5ec8-5876-fafa-ccc1d1ad5fd3,1921-11-21,,999-88-9248,S99962789,X76449949X,Mr.,Kurtis994,Watsica258,,,M,black,nonhispanic,M,Melrose  Massachusetts  US,566 Powlowski Throughway Apt 13,Boston,Massachusetts,Suffolk County,2132.0,42.368681309028574,-71.10055684757683,1120570.3809999998,140595.07900000003,104.1,87,0,86,42,0,1940-01-16 00:08:52,2021-08-31 00:08:52,124.0,7.0,389251.20999999996,2233.0,77.0,0,0,1,0,0,0,0,0,0,0,24.25,11.25,24.0,9.45,6.3
7f55478e-e6c6-6bef-10b3-c9be22b3253b,1945-11-17,,999-31-7591,S99954317,X36221386X,Mrs.,Mi492,Homenick806,,Hagenes547,M,white,nonhispanic,F,Barnstable  Massachusetts  US,260 Ward Manor,Lowell,Massachusetts,Middlesex County,1850.0,42.61392575432777,-71.3880678270508,2188598.8135,773455.0264999999,80.1,82,3,79,33,3,1961-12-30 05:20:04,2021-04-10 05:20:04,46.0,6.0,7529.43,417.0,81.0,0,0,0,0,1,0,0,0,0,0,27.45,14.35,27.7,11.05,8.2
d25c159a-033b-593f-dbbf-b1e9de3b2fc4,1980-04-01,,999-31-5263,S99933547,X81442245X,Mr.,Terrell212,Wintheiser220,,,M,white,nonhispanic,M,Adams  Massachusetts  US,887 Halvorson Parade,New Bedford,Massachusetts,Bristol County,2743.0,41.725474851241614,-70.94478068570304,133263.47699999998,61246.063,45.7,34,0,32,12,0,1998-05-26 06:29:35,2021-04-13 06:29:35,14.0,2.0,9500.03,38.0,68.0,0,0,0,0,1,0,0,0,0,0,36.4,21.549999999999997,32.599999999999994,12.6,11.25
139f1206-227d-4cf1-2bea-7d3154516bdf,1933-07-05,,999-83-5959,S99919608,X63050010X,Mr.,Lyle846,Abshire638,,,S,white,nonhispanic,M,Raynham Center  Massachusetts  US,505 Brakus Approach,Conway,Massachusetts,Franklin County,,42.50645536981003,-72.70913312930573,2227801.109,266982.831,92.5,447,4,359,58,4,1950-08-23 07:22:49,2021-10-27 07:22:49,838.0,11.0,493961.01,2559.0,490.0,1,0,1,0,0,0,1,0,0,0,27.4,11.25,18.75,8.65,4.0
58eb83f7-ab23-104b-697b-ec5be0624367,1949-06-17,,999-51-3509,S99998309,X30330786X,Mr.,Elliott563,Nikolaus26,,,M,hawaiian,nonhispanic,M,Weston  Massachusetts  US,397 Reilly Vale Suite 4,Boston,Massachusetts,Suffolk County,2135.0,42.28851424585277,-71.14066468323381,276705.5045,240834.5855,76.5,114,1,106,69,1,1952-04-22 19:22:19,2021-09-07 22:54:02,182.0,3.0,409439.68,1800.0,78.0,1,0,0,0,0,0,0,0,0,0,24.25,11.25,24.0,9.45,6.3
8732c6b3-c558-2182-e679-2d0fc0f130cb,1982-11-09,,999-61-3856,S99956760,X7591062X,Mr.,Ronnie7,Streich926,,,M,white,nonhispanic,M,Westfield  Massachusetts  US,680 MacGyver Center Suite 10,Brockton,Massachusetts,Plymouth County,2351.0,42.12789803160744,-70.97628584157421,121717.454,27881.626,43.1,9,0,9,5,0,2001-01-02 05:19:07,2021-05-04 05:19:07,0.0,0.0,0.0,0.0,20.0,0,0,0,0,0,0,0,0,0,0,35.9,17.75,28.6,12.8,8.55
050358a1-fcf7-1182-7ad1-6b663afa3002,2005-12-13,,999-80-9173,,,,Eugene421,Heller342,,,,white,nonhispanic,M,Fitchburg  Massachusetts  US,598 Conroy Branch,Waltham,Massachusetts,Middlesex County,2453.0,42.37773327320723,-71.26793341815448,489368.335,51831.495,20.0,39,2,36,10,1,2011-11-29 11:27:47,2021-08-11 13:06:16,7.0,6.0,73506.84,113.0,71.0,0,0,0,0,1,0,0,0,0,0,24.65,9.55,19.15,7.8,5.1
b38f6f4d-8a9d-3d94-92f8-22704c8281a2,1966-03-13,,999-79-4199,S99933945,X69443407X,Ms.,Tashina114,Runolfsdottir785,,,S,white,nonhispanic,F,Cambridge  Massachusetts  US,732 Johnston Hollow Suite 89,Danvers,Massachusetts,Essex County,1923.0,42.53049917609225,-70.98514261602132,1810742.808,60894.222,59.8,60,4,56,13,2,1984-05-06 11:02:39,2021-05-09 11:02:39,1.0,1.0,15.92,1.0,34.0,0,0,0,0,0,0,0,0,0,0,27.75,10.35,19.450000000000003,8.1,3.65
1d4373dc-be5a-dd4a-15c3-0117198d94c0,2008-08-13,,999-30-8063,,,,Cheri871,Prosacco716,,,,black,nonhispanic,F,Malden  Massachusetts  US,494 Grant Park Unit 87,Dartmouth,Massachusetts,Bristol County,,41.52455965362301,-70.9839611611765,341069.9275,461.30249999999984,17.4,18,0,17,11,0,2012-01-18 13:34:58,2021-09-08 13:34:58,4.0,3.0,90.42,4.0,18.0,0,0,0,0,0,0,0,0,0,0,27.4,11.25,18.75,8.65,4.0
a47eed09-9942-9cbf-9220-2843ded300e9,2007-01-26,,999-84-2012,,,,Elvin140,Senger904,,,,white,nonhispanic,M,Medford  Massachusetts  US,526 Kub Flat Apt 73,Blackstone,Massachusetts,Worcester County,,42.08140844520481,-71.5122933994795,368003.96,56.21999999999992,18.9,15,1,14,10,1,2012-01-06 06:42:30,2021-07-16 06:42:30,2.0,2.0,8.95,2.0,20.0,0,0,0,0,0,0,0,0,0,0,27.4,11.25,18.75,8.65,4.0
137651e5-3f15-db77-2712-ee0b75724502,1995-01-04,,999-49-5488,S99971015,X60773398X,Mr.,Cory323,Corkery305,,,,white,hispanic,M,Lynn  Massachusetts  US,302 Yost Wynd Apt 51,Woburn,Massachusetts,Middlesex County,1890.0,42.4521451540673,-71.13206547142353,786261.3249999998,1037.8349999999998,31.0,28,2,26,11,2,2009-02-04 21:45:21,2021-05-12 21:45:21,14.0,5.0,8079.4800000000005,38.0,60.0,0,0,0,0,0,0,0,0,0,0,25.5,11.25,19.75,8.4,4.45
535dee6a-8dab-2ecf-f909-01028e3f5b1f,1983-04-22,,999-38-3202,S99966682,X44875167X,Mrs.,Carlos172,Mayert710,,Cruickshank494,M,white,nonhispanic,F,Boston  Massachusetts  US,331 Brown Parade Apt 72,Framingham,Massachusetts,Middlesex County,1702.0,42.32485517105919,-71.48613146626653,1607845.5935,381140.7565,42.7,61,3,58,7,3,2001-06-15 16:50:22,2021-11-19 16:50:22,6.0,5.0,17651.25,219.0,128.0,0,0,0,0,0,0,0,0,0,0,26.450000000000003,11.85,21.75,9.1,6.699999999999999
ec3be88f-6d38-5331-b548-18bf9b9f35a3,1984-05-26,,999-32-5673,S99943953,X37740112X,Mrs.,Kayce253,Friesen796,,Bahringer146,M,white,nonhispanic,F,Lyon  Auvergne-Rhone-Alpes  FR,430 Goodwin Row,Somerville,Massachusetts,Middlesex County,2144.0,42.41866157785224,-71.08912690742852,1549499.8930000004,77931.247,41.6,54,3,51,7,2,2002-03-16 01:41:05,2021-08-14 07:41:05,6.0,6.0,23244.93,39.0,146.0,0,0,0,0,1,0,0,0,0,0,23.95,8.8,16.9,6.85,4.25
81d85a6d-8dc1-a067-0d33-832e589a20fa,1944-04-03,,999-82-4326,S99913318,X7288784X,Ms.,Bethanie176,Gislason620,,,S,asian,nonhispanic,F,Boston  Massachusetts  US,332 Ziemann Frontage road,Granville,Massachusetts,Hampden County,,42.09795020819258,-72.95752510494293,2093049.472000001,563106.8080000002,81.7,75,2,73,23,1,1960-05-16 10:53:22,2021-09-06 10:53:22,42.0,6.0,275000.82,485.0,83.0,0,0,0,0,1,0,0,1,0,0,27.4,11.25,18.75,8.65,4.0
f1da4fd4-558a-919a-c343-c0b720b0e684,1987-11-01,,999-49-8134,S99938143,X63891095X,Mrs.,Victoria535,Alva958,,Patiño436,M,black,hispanic,F,Lima  Lima Province  PE,340 Halvorson Landing Apt 7,Middleton,Massachusetts,Essex County,,42.60315066539346,-70.95857123690716,1854045.4490000005,378527.44099999993,38.2,67,3,64,16,3,1989-04-05 04:17:44,2021-09-05 08:17:44,74.0,12.0,181969.67,6901.0,171.0,0,1,0,0,1,0,0,0,0,0,27.4,11.25,18.75,8.65,4.0
c09c4a85-e909-cfce-863a-7e363c9813a6,1955-05-18,,999-26-6572,S99978292,X84923842X,Mr.,Antony83,Nikolaus26,,,S,white,nonhispanic,M,Wilmington  Massachusetts  US,303 Gerhold Avenue,Bridgewater,Massachusetts,Plymouth County,2324.0,41.943794911074114,-70.99767393187231,1682670.017500001,25803.4025,70.6,39,3,36,27,2,1973-07-11 13:03:14,2021-08-18 13:03:14,18.0,6.0,10241.73,114.0,57.0,0,0,1,0,1,0,0,0,0,0,27.4,11.25,18.75,8.65,4.0
83bd6a6c-8c7f-da8f-0cd8-9bec34c64a1e,1973-06-02,,999-25-9639,S99958430,X20141818X,Mr.,Chong355,Boehm581,,,M,white,hispanic,M,Pittsfield  Massachusetts  US,354 Abernathy Loaf Unit 50,Somerville,Massachusetts,Middlesex County,2140.0,42.38967426502129,-71.15544947469044,1199245.6549999998,3422.865,52.6,21,1,20,14,1,1986-06-28 21:24:29,2021-06-26 21:24:29,4.0,4.0,1267.1299999999999,7.0,31.0,0,0,0,0,1,0,0,0,0,0,23.95,8.8,16.9,6.85,4.25
56ca32c8-a903-b357-6ea3-92f9503e8a8a,1961-03-23,,999-25-1013,S99963557,X73342293X,Mrs.,Margart214,Keebler762,,VonRueden376,M,black,hispanic,F,Adams  Massachusetts  US,450 Kutch Bridge Unit 35,Springfield,Massachusetts,Hampden County,1020.0,42.09728772688447,-72.55307985791539,1771519.3639999994,255453.096,64.8,60,1,58,41,1,1967-04-26 19:20:03,2021-03-23 11:43:24,147.0,5.0,1613.74,31781.0,69.0,0,1,0,0,1,0,0,0,0,0,39.900000000000006,17.8,37.65,14.600000000000001,13.899999999999999
ce1b17d2-15ee-aa1c-bdd1-8be89ba22acf,2005-03-25,,999-89-9961,S99925286,,,Caleb651,Lind531,,,,white,nonhispanic,M,Plymouth  Massachusetts  US,870 Beer Approach,Westport,Massachusetts,Bristol County,,41.57255179934671,-71.03446512933448,432170.0724999999,1176.1574999999998,20.8,16,0,15,10,0,2012-03-16 14:12:42,2021-08-20 14:12:42,1.0,1.0,5.12,1.0,29.0,0,0,0,0,1,0,0,0,0,0,27.4,11.25,18.75,8.65,4.0
8b75c459-60b7-ff60-9ef5-74f64131beda,1945-03-18,,999-40-1955,S99989584,X89182371X,Ms.,Marilyn850,Zieme486,,,S,white,nonhispanic,F,Boston  Massachusetts  US,691 Wolf Ville Unit 36,Marlborough,Massachusetts,Middlesex County,1752.0,42.39808204784953,-71.51483197544741,3384385.277500001,1175746.1125000005,80.8,248,7,185,43,6,1963-05-12 21:56:31,2021-10-17 21:56:31,470.0,6.0,394726.29000000004,16403.0,401.0,1,1,0,0,0,0,1,0,0,0,26.950000000000003,12.8,22.1,9.1,6.449999999999999
20ea49a4-8c7e-5df6-b505-d00366fb774a,1965-12-07,,999-55-7372,S99965293,X88272581X,Mr.,Isaac321,Davis923,,,M,white,nonhispanic,M,Waltham  Massachusetts  US,1022 Rice Highlands Apt 24,Kingston,Massachusetts,Plymouth County,2364.0,42.02539502689421,-70.77142765176036,2145428.465,15836.535000000002,60.1,37,1,36,16,1,1970-10-16 10:05:08,2021-05-04 10:05:08,20.0,4.0,19438.71,1087.0,52.0,0,0,0,0,0,0,0,0,0,0,27.6,10.6,16.55,7.75,3.4
5ca89081-9140-56a3-7aea-e831160b357b,1939-03-12,,999-97-3859,S99918083,X5134158X,Mrs.,Lenora887,Cartwright189,,Macejkovic424,M,white,nonhispanic,F,Concord  Massachusetts  US,623 Bogisich Trace,Montague,Massachusetts,Franklin County,,42.56159331107546,-72.51819488725764,2940746.635,334402.55499999993,86.8,51,1,50,37,1,1957-05-05 13:45:48,2021-09-12 13:45:48,5.0,5.0,6214.55,1242.0,68.0,0,0,0,0,1,0,0,0,0,1,27.4,11.25,18.75,8.65,4.0
f31882d0-db01-facc-d7b5-1c62134441d7,2020-02-22,,999-77-4592,,,,Israel728,Koepp521,,,,white,nonhispanic,M,Leominster  Massachusetts  US,1059 Baumbach Run,Salem,Massachusetts,Essex County,,42.4865684327781,-70.90584797024941,5989.7515,5885.2785,5.9,9,0,9,8,0,2020-02-22 12:05:44,2021-07-31 12:05:44,2.0,2.0,19.98,2.0,4.0,0,0,0,0,0,0,0,0,0,0,29.9,11.2,22.35,8.899999999999999,5.55
f9b25fb8-133c-51c3-96f7-34ffb1c872ec,2001-10-12,,999-36-4259,S99968879,X79244631X,Ms.,Kizzy275,Lubowitz58,,,,asian,nonhispanic,F,Braintree  Massachusetts  US,445 Hilpert Lane Unit 53,Dedham,Massachusetts,Norfolk County,2026.0,42.25034118418243,-71.15851328169934,1374329.1700000002,29505.840000000004,24.2,96,1,95,9,1,2006-01-06 17:56:47,2021-06-11 17:56:47,5.0,5.0,96181.91,411.0,161.0,0,0,0,0,0,0,0,0,0,0,24.4,9.55,16.6,8.1,4.199999999999999
546ab430-0ad8-54a3-9247-85caadb762d1,1939-04-03,,999-85-3209,S99972145,X4730123X,Mr.,Mitchell808,Harber290,,,S,other,nonhispanic,M,Riyadh  Riyadh  SA,781 Fay Passage Apt 85,Mashpee,Massachusetts,Barnstable County,,41.662367491750736,-70.49533033974915,341748.36750000005,547168.9824999998,86.7,38,0,37,27,0,1947-03-31 18:55:10,2021-10-04 18:55:10,53.0,9.0,40131.6,734.0,66.0,0,0,1,0,1,0,0,0,0,0,27.4,11.25,18.75,8.65,4.0
dcdd1094-9e05-e734-aaee-0c7e971d9a1a,1969-10-08,,999-89-4400,S99941827,X55303487X,Mrs.,Ellen406,Parker433,,MacGyver246,M,black,nonhispanic,F,Spencer  Massachusetts  US,920 Mann Quay Apt 68,Wilbraham,Massachusetts,Hampden County,,42.09536027870433,-72.42950387276068,1670546.8949999998,111897.775,56.2,60,3,56,28,3,1984-10-03 08:25:12,2021-04-28 08:25:12,118.0,14.0,90895.78,1223.0,107.0,0,0,1,0,0,0,0,0,0,0,29.65,10.8,21.05,8.7,3.5999999999999996
123a2225-13bc-8bd7-2868-0245cb02856d,1983-03-10,,999-73-3691,S99922818,X84833266X,Mrs.,Amy965,Prosacco716,,Marks830,M,white,nonhispanic,F,Larissa  Larissa Prefecture  GR,1075 Kuhn Common,Forestdale,Massachusetts,Barnstable County,2644.0,41.72048860420777,-70.4831395919194,1191195.7435,294123.6265,42.8,39,4,35,6,3,2001-04-29 19:40:04,2021-11-04 22:40:04,6.0,6.0,44859.77,151.0,83.0,0,0,0,0,0,0,0,0,0,0,27.5,12.85,17.85,8.1,4.0
1d751b54-8ff3-4fe6-91df-751a230c94d7,1996-01-11,,999-11-1093,S99919782,X70124016X,Mr.,Stanford577,Stracke611,,,,white,nonhispanic,M,Berlin  Berlin  DE,384 Rodriguez Station,Hudson,Massachusetts,Middlesex County,1749.0,42.38998705001264,-71.53088442097187,714863.7825,20.13749999999993,30.0,9,0,9,6,0,2012-02-24 04:21:05,2021-09-09 14:21:05,0.0,0.0,0.0,0.0,30.0,0,0,0,0,1,0,0,0,0,0,25.700000000000003,11.45,19.25,8.3,4.6
a376547d-1986-deaf-47cf-746bf9ca2165,1951-09-21,,999-56-9822,S99986759,X8003943X,Mr.,Miguel815,Schneider199,,,M,white,nonhispanic,M,Taunton  Massachusetts  US,497 Farrell Ramp,Hampden,Massachusetts,Hampden County,,42.03235148305084,-72.39964297014122,1861630.6825,38604.86750000001,74.3,55,3,50,27,2,1968-03-26 23:18:47,2021-05-14 06:18:47,3.0,3.0,15.73,344.0,61.0,0,0,1,0,1,0,0,0,0,0,27.4,11.25,18.75,8.65,4.0
0749ff0b-23c0-f210-932f-9f603ea64724,1976-08-23,,999-81-5732,S99913244,X76965090X,Mr.,Hank686,Reichert620,,,M,asian,nonhispanic,M,Hong Kong  Hong Kong Special Administrative Region  CN,783 Wehner Camp Unit 45,Melrose,Massachusetts,Middlesex County,,42.46567289943019,-71.06919076565998,1121188.4325,20.13749999999993,49.4,19,2,17,10,2,1994-10-17 13:07:16,2021-08-30 13:07:16,4.0,3.0,169.7,4.0,29.0,0,0,0,0,1,0,0,0,0,0,23.55,8.75,16.200000000000003,7.25,3.3499999999999996
ae590ac7-640b-17b5-724f-497ff3cb346f,2018-04-22,,999-56-5545,,,,Tynisha348,Abbott774,,,,white,nonhispanic,F,Norton  Massachusetts  US,1061 Toy Brook,Boston,Massachusetts,Suffolk County,2467.0,42.40670341432329,-71.0862834264057,11880.636000000002,12172.084,7.7,14,0,14,12,0,2018-04-22 06:53:45,2021-09-26 06:53:45,2.0,2.0,46.010000000000005,2.0,8.0,0,0,0,0,0,0,0,0,0,0,24.25,11.25,24.0,9.45,6.3
c45f3bc4-82f5-dddb-0131-a8636d9c4564,1947-12-01,,999-36-8749,S99978258,X53257915X,Mrs.,Lea264,Will178,,Labadie908,M,white,nonhispanic,F,Lanesborough  Massachusetts  US,129 Kshlerin Rapid,Brookline,Massachusetts,Norfolk County,2467.0,42.38096744951735,-71.08720672798127,2214298.7030000007,878342.4669999998,78.1,45,0,45,32,0,1966-01-24 09:51:58,2021-04-19 09:51:58,1.0,1.0,27.02,1.0,62.0,0,0,0,0,0,0,0,0,0,0,20.85,6.35,13.55,7.0,2.95
f6a7e98f-a5ca-f52d-1b65-4c548570d8bc,1989-07-25,,999-18-7726,S99942477,X38657478X,Mr.,Hubert238,Dickinson688,,,M,white,nonhispanic,M,Palermo  Sicily  IT,199 Hirthe Vista,Cordaville,Massachusetts,Worcester County,,42.25839224217723,-71.48505072360342,1466723.08,167516.45999999996,36.4,66,2,63,28,2,1990-05-06 17:35:10,2021-08-24 08:35:10,85.0,7.0,311226.37,1475.0,79.0,0,0,0,0,0,0,0,0,0,0,26.299999999999997,6.949999999999999,15.05,7.300000000000001,2.45
987453c3-b90f-a21e-08b8-3e940923c52b,1942-03-08,,999-98-4125,S99967782,X55258708X,Mr.,Mathew182,O'Conner199,,,M,asian,nonhispanic,M,Brookline  Massachusetts  US,767 Green Track Apt 63,Boston,Massachusetts,Suffolk County,2203.0,42.25657222204295,-71.15997759906688,1976438.8060000008,62866.424000000006,83.8,59,0,58,49,0,1958-04-20 11:09:45,2021-10-24 11:09:45,43.0,3.0,20109.77,15205.0,67.0,1,1,0,0,1,0,0,0,0,1,24.25,11.25,24.0,9.45,6.3
582bf373-c5f4-2e6c-b924-e5b2bb2e102a,1999-04-04,,999-97-3412,S99953398,X18120872X,Mr.,Sandy901,Raynor401,,,,white,nonhispanic,M,Brockton  Massachusetts  US,1086 Jones Meadow Suite 87,Quincy,Massachusetts,Norfolk County,2169.0,42.20437366125319,-71.04537529297092,560371.375,328.72499999999985,26.7,16,0,16,10,0,2012-04-30 01:41:45,2021-06-21 01:41:45,15.0,3.0,65.45,3299.0,54.0,0,1,0,0,0,0,0,0,0,0,22.85,11.1,20.55,9.75,4.9
92ac9466-ca08-9efb-58e4-131a5f3e178e,1952-06-19,,999-79-9079,S99991047,X72577860X,Mrs.,Miki234,Gerhold939,,Farrell962,M,white,nonhispanic,F,Leicester  Massachusetts  US,302 Kirlin Haven,Falmouth,Massachusetts,Barnstable County,2540.0,41.550236540019576,-70.58635460960475,2464649.461,678768.129,73.5,65,5,60,24,5,1970-08-13 15:41:33,2021-10-07 15:41:33,26.0,8.0,4892.47,646.0,71.0,0,0,0,0,1,0,0,0,0,0,28.6,12.850000000000001,21.25,10.95,4.5
98ec589f-fec6-99ea-8c69-4df45c0b3a77,1971-08-10,,999-93-7640,S99994334,X25119407X,Mr.,Brice635,Ferry570,,,M,white,nonhispanic,M,Williamstown  Massachusetts  US,229 Hauck Meadow,Malden,Massachusetts,Middlesex County,,42.4692429796388,-71.06652857648535,1455497.0625,1222.8074999999997,54.4,38,1,37,32,1,1989-10-03 21:08:45,2021-05-25 21:08:45,98.0,5.0,506.4,23858.0,58.0,0,1,0,0,1,0,0,0,0,0,25.5,12.1,23.700000000000003,10.05,5.75
25e8dac5-c8bc-3dc7-d319-140d1da359c1,2001-07-05,,999-46-3344,S99913641,X9384607X,Ms.,Donetta1,Bradtke547,,,,white,nonhispanic,F,Saugus  Massachusetts  US,187 Conroy Rapid Apt 25,Worcester,Massachusetts,Worcester County,1606.0,42.26403424233899,-71.82349761012426,1411949.4125,2459.4375000000005,24.5,113,2,108,10,2,2002-08-26 09:46:29,2021-11-04 09:46:29,16.0,9.0,85432.82999999999,520.0,163.0,0,0,0,0,0,0,0,0,0,0,35.9,14.9,29.3,11.55,8.8
4acf924f-c7c9-e748-fbeb-d68681b510de,1992-10-10,,999-64-6067,S99983348,X78594125X,Mr.,Emilio417,Partida347,,,M,white,hispanic,M,Bayamon  Puerto Rico  PR,576 Kuhic Light Unit 91,Chelsea,Massachusetts,Suffolk County,,42.44896019736246,-71.01720950638081,724926.4749999997,717.4949999999999,33.2,31,2,29,11,2,2010-12-04 18:15:33,2021-01-30 18:15:33,46.0,8.0,7352.71,8139.0,65.0,0,1,0,0,0,0,0,0,0,0,28.75,15.3,35.150000000000006,12.1,16.9
75769925-0611-20c3-f2fe-51d0e4a2901a,2012-05-05,,999-89-5371,,,,Von197,Botsford977,,,,white,nonhispanic,M,Waltham  Massachusetts  US,1029 Schuppe Spur Apt 92,Westfield,Massachusetts,Hampden County,1086.0,42.18536822366769,-72.73736470061884,30850.365,25086.935,13.7,21,1,20,18,1,2012-05-05 11:23:04,2021-05-08 11:23:04,14.0,6.0,3697.39,78.0,12.0,0,0,1,0,0,0,0,0,0,0,32.05,13.8,24.35,9.399999999999999,5.3
e544e83b-edb5-ff7e-d31a-f4d40ee884d6,2011-07-14,,999-81-1213,,,,José Emilio366,Niño185,,,,white,hispanic,M,Port-au-Prince  Haiti  HT,1082 Mohr Well Apt 29,Worcester,Massachusetts,Worcester County,1606.0,42.28131742557092,-71.74145653227121,23130.42200000001,768.588,14.5,24,2,22,16,2,2011-12-23 02:21:36,2021-09-23 23:21:36,5.0,4.0,40138.729999999996,233.0,11.0,0,0,0,0,0,0,0,0,0,0,35.9,14.9,29.3,11.55,8.8
e37d530a-3b67-0a3c-0da4-ed338900d916,1998-09-26,,999-77-2739,S99938080,X72561865X,Mr.,Rodrick370,Douglas31,,,,white,nonhispanic,M,Granby  Massachusetts  US,828 Prohaska Trafficway,Sharon,Massachusetts,Norfolk County,,42.14540666440412,-71.15958015894329,601715.88,0.0,27.3,17,0,17,9,0,2012-10-27 11:10:01,2021-09-18 11:10:01,16.0,3.0,15815.91,48.0,54.0,0,0,0,0,0,0,0,0,0,0,21.5,7.050000000000001,13.3,7.3,2.55
94866a7e-4ee3-a5a7-5109-6642068d6a14,1982-08-28,,999-84-9774,S99973886,X86601649X,Mrs.,Cruz300,Okuneva707,,Gorczany269,M,white,nonhispanic,F,Framingham  Massachusetts  US,614 Becker Ranch Suite 91,Revere,Massachusetts,Suffolk County,2151.0,42.37177296389999,-71.01448531761575,1564013.095,129254.915,43.3,57,2,55,21,1,1983-09-10 12:47:47,2021-10-03 20:47:47,52.0,10.0,41548.55,15935.0,108.0,1,1,0,0,0,0,0,0,0,0,25.7,14.0,28.4,10.100000000000001,10.25
1d9b5400-8fdc-1e8b-8f5c-546cc85383c3,1970-11-06,,999-53-8188,S99960863,X17208128X,Mr.,Angel97,Jacobi462,,,S,white,nonhispanic,M,Auburn  Massachusetts  US,362 Schaden Mews Unit 68,Cambridge,Massachusetts,Middlesex County,2138.0,42.39920357097783,-71.05588523403698,1316977.805,1526.9549999999997,55.2,34,1,33,14,1,1982-11-27 00:33:04,2021-11-13 00:33:04,2.0,2.0,135.71,37.0,41.0,0,0,0,0,0,0,0,0,0,0,23.0,7.55,16.35,6.9,3.65
342ba36d-53c8-1154-3876-fe69bf5e8225,1960-03-30,,999-15-4286,S99979342,X64817457X,Mr.,Jayson808,Ryan260,,,S,white,nonhispanic,M,Quincy  Massachusetts  US,1025 Gerhold Street Unit 93,Leominster,Massachusetts,Worcester County,1453.0,42.510057049876906,-71.81889168637353,2286319.197500001,2877.7725,65.8,34,0,34,21,0,1961-01-22 14:46:53,2021-06-02 15:11:53,23.0,3.0,25128.100000000002,772.0,59.0,0,0,0,0,1,0,0,0,0,0,33.9,13.45,25.25,10.15,6.7
4ad26ca0-a43f-700f-6190-9f61154c6de0,1981-11-19,,999-14-8706,S99979088,X86661679X,Mr.,Warren653,Cruickshank494,,,M,white,nonhispanic,M,Sharon  Massachusetts  US,545 Turner Extension Unit 30,Waltham,Massachusetts,Middlesex County,,42.411384224279246,-71.29009738901945,989836.625,10542.165,44.1,34,1,31,24,1,1993-12-10 03:17:11,2021-05-14 03:17:11,25.0,2.0,168.21,7989.0,69.0,0,1,0,0,0,0,0,0,0,0,24.65,9.55,19.15,7.8,5.1
95dd641e-8d91-91c7-9986-ab400aba1fa5,2010-02-05,,999-50-4617,,,,Mel236,Labadie908,,,,white,nonhispanic,M,Northbridge  Massachusetts  US,116 Rau Stravenue Unit 3,Watertown,Massachusetts,Middlesex County,2472.0,42.35704238198925,-71.1753595175573,299111.17,131.21999999999994,15.9,17,1,16,12,1,2012-01-14 00:21:56,2021-02-20 00:21:56,3.0,2.0,28.400000000000002,3.0,5.0,0,0,0,0,0,0,0,0,0,0,27.4,11.25,18.75,8.65,4.0
0898d650-cebe-426f-01c4-5ddf8b68ef6a,1918-11-27,,999-87-6658,S99960817,X31916231X,Mr.,Mary779,Macejkovic424,,,M,white,nonhispanic,M,Abington  Massachusetts  US,162 Goyette Loaf Unit 2,Northbridge,Massachusetts,Worcester County,,42.1406937363572,-71.63517529518597,2454997.834500001,319148.5555000001,107.1,115,1,114,52,1,1932-12-28 15:56:07,2021-09-22 15:56:07,54.0,4.0,7158.900000000001,543.0,67.0,0,0,0,0,1,0,0,0,0,0,27.4,11.25,18.75,8.65,4.0
194c23d2-5e47-f9e1-9716-77c19aa167b3,2017-01-02,,999-80-9682,,,,Mohamed943,Mann644,,,,white,nonhispanic,M,Braintree  Massachusetts  US,464 Kling Village Unit 94,Woburn,Massachusetts,Middlesex County,,42.43934771902212,-71.16588734128023,117299.7925,2534.1375,9.0,16,0,16,13,0,2017-01-02 10:20:58,2020-12-07 10:20:58,3.0,3.0,25.76,3.0,7.0,0,0,0,0,0,0,0,0,0,0,25.5,11.25,19.75,8.4,4.45
5457eec5-b284-85e6-9c6c-1817a211c98f,1976-02-08,,999-96-7344,S99955861,X25587791X,Mrs.,Iola859,Volkman526,,Turcotte120,M,white,nonhispanic,F,Clinton  Massachusetts  US,139 Effertz Ville,Westborough,Massachusetts,Worcester County,1581.0,42.29825018760327,-71.57502517720586,1305566.3005,191499.9695,49.9,43,1,42,27,0,1980-06-09 13:41:50,2021-09-05 19:41:50,110.0,10.0,15435.52,20441.0,62.0,0,1,0,0,0,0,0,0,0,0,30.15,10.3,19.9,8.55,4.1
16374251-beab-44f9-ac53-faece4e66bc2,2017-11-17,,999-42-4182,,,,Cyrus914,Schuster709,,,,white,nonhispanic,M,Barnstable  Massachusetts  US,855 Luettgen Well,Boston,Massachusetts,Suffolk County,2199.0,42.30711671465368,-71.10495523808993,77405.45999999999,523.0799999999999,8.1,15,1,14,13,1,2017-11-17 12:48:07,2021-10-22 12:48:07,0.0,0.0,0.0,0.0,7.0,0,0,0,0,0,0,0,0,0,0,24.25,11.25,24.0,9.45,6.3
e6178711-3936-e332-814d-19d8851e314d,1916-03-28,,999-41-3558,S99989909,X49468139X,Mr.,Warren653,Ullrich385,,,M,black,nonhispanic,M,Westfield  Massachusetts  US,612 Weber Green,Springfield,Massachusetts,Hampden County,1020.0,42.11065838244171,-72.52384506549053,3175190.412,13562280.328000002,109.8,497,2,362,71,2,1934-05-22 11:29:38,2021-11-02 11:29:38,1747.0,14.0,863987.5,3974.0,566.0,1,0,1,0,1,0,1,0,0,1,39.900000000000006,17.8,37.65,14.600000000000001,13.899999999999999
9e3f000c-d04d-ac28-0571-81b6af1e9fba,1986-12-27,,999-21-3731,S99937149,X87772178X,Mrs.,Mallory926,Lynch190,,Witting912,M,black,nonhispanic,F,Boston  Massachusetts  US,525 Gusikowski Ville,Boston,Massachusetts,Suffolk County,2210.0,42.38026061477069,-71.14539571237121,1174441.3699999996,385346.54,39.0,63,4,59,17,4,2005-02-19 23:29:54,2021-10-12 21:59:02,33.0,8.0,15115.960000000001,253.0,182.0,0,1,0,0,1,0,0,0,0,0,24.25,11.25,24.0,9.45,6.3
8fe59ada-2e62-232f-f602-1fa6315a36ad,1967-02-28,,999-56-1318,S99972315,X51062786X,Mr.,Lon587,Wyman904,,,M,white,nonhispanic,M,Salem  Massachusetts  US,801 West Camp Suite 96,Peabody,Massachusetts,Essex County,1940.0,42.52655459409101,-71.03996911947888,1480824.1750000005,639.405,58.8,40,2,38,19,2,1985-04-23 21:11:23,2021-05-04 21:11:23,13.0,3.0,10725.27,195.0,71.0,0,0,0,0,1,0,0,0,0,0,29.25,12.25,23.05,9.15,5.25
eabceccb-fd23-1253-2037-dee4fa41fbd5,2014-04-01,,999-34-5087,,,,Alene865,Hermann103,,,,asian,nonhispanic,F,Boston  Massachusetts  US,1049 Haag Walk,Oxford,Massachusetts,Worcester County,1540.0,42.11380012875896,-71.86067531825246,196757.6,131.21999999999994,11.8,19,0,19,16,0,2014-04-02 02:20:36,2021-03-24 02:20:36,3.0,3.0,47.42,3.0,9.0,0,0,0,0,0,0,0,0,0,0,33.900000000000006,14.850000000000001,24.35,9.9,4.949999999999999
7381821c-e681-03e2-1f4d-14519b51ea6f,2009-06-05,,999-85-7713,,,,Vance413,Ernser583,,,,white,nonhispanic,M,Southbridge  Massachusetts  US,949 Beer Club Unit 47,Winchendon,Massachusetts,Worcester County,1475.0,42.71308721367677,-72.05501124252494,304660.4,1467.15,16.6,17,0,17,11,0,2012-05-11 15:56:59,2021-07-09 15:56:59,2.0,1.0,13.17,2.0,11.0,0,0,0,0,0,0,0,0,0,0,35.3,16.15,26.5,10.600000000000001,5.4
11c26def-8343-b989-96e8-dbd27e79d54e,1942-09-06,,999-21-8572,S99925254,X2413452X,Ms.,Galina98,Beatty507,,,S,white,nonhispanic,F,Winthrop  Massachusetts  US,776 Towne Boulevard Suite 58,North Adams,Massachusetts,Berkshire County,1247.0,42.62585259239589,-73.07317084282961,1103313.6529999997,5401.997,83.3,27,1,26,21,1,1958-10-19 22:50:17,2021-04-04 22:50:17,2.0,2.0,25076.63,109.0,62.0,0,0,0,0,1,0,0,0,0,1,34.2,17.35,25.55,10.7,6.25
4ca51bbc-dd89-0142-9c53-1a8453a5bddd,1996-09-09,,999-78-4984,S99992464,X55795565X,Mr.,Sebastian508,Zulauf375,,,,asian,nonhispanic,M,Brookline  Massachusetts  US,823 Gislason Skyway,Quincy,Massachusetts,Norfolk County,2171.0,42.27195261190205,-70.98092862972214,1385034.5450000004,15703.005,29.3,67,0,64,19,0,1997-05-03 14:13:38,2021-08-09 09:13:38,65.0,8.0,218186.47,1123.0,81.0,0,0,0,1,0,0,0,0,0,0,22.85,11.1,20.55,9.75,4.9
81271fc1-f27b-4a6a-49ca-f8d0ba9a55fb,1980-04-04,,999-92-6357,S99976512,X18262071X,Mr.,Lavern240,Gerlach374,,,M,white,nonhispanic,M,Boston  Massachusetts  US,736 Bernhard Neck Unit 88,Lowell,Massachusetts,Middlesex County,1852.0,42.66496057639512,-71.34848434430239,1039098.9225000002,17297.857500000002,45.7,17,3,13,8,2,1998-05-29 14:55:11,2020-07-12 09:55:11,2.0,2.0,20.9,2.0,15.0,0,0,0,0,1,1,0,0,0,0,27.45,14.35,27.7,11.05,8.2
e260a0f6-8ab1-d483-cb3d-2093241b635f,1949-10-13,,999-86-3238,S99998556,X26142438X,Mrs.,So684,Ferry570,,Goodwin327,M,white,nonhispanic,F,Chelsea  Massachusetts  US,1043 Pollich Parade,Raynham,Massachusetts,Bristol County,,41.91677487851796,-71.04661624202576,2732926.8745,552523.6355,76.2,103,3,99,53,1,1964-11-19 14:11:07,2021-10-07 14:11:07,221.0,10.0,33127.54,40860.0,83.0,0,1,1,0,0,0,0,0,0,0,27.4,11.25,18.75,8.65,4.0
41998d9e-8d92-3272-1252-cabbd55696a6,1956-05-17,,999-20-7028,S99951275,X13452901X,Mrs.,Debora709,Conn188,,Thiel172,M,white,nonhispanic,F,Stockbridge  Massachusetts  US,329 Schaden Glen Suite 86,Cambridge,Massachusetts,Middlesex County,2472.0,42.40874115067692,-71.1809946475533,1329362.6700000004,0.0,69.6,54,1,51,26,0,1967-11-11 21:56:08,2021-08-12 07:56:08,11.0,2.0,11653.29,226.0,68.0,0,0,0,0,1,0,0,0,0,0,23.0,7.55,16.35,6.9,3.65
deaba6f9-a6ec-218f-6dc7-207a210885dd,1963-01-17,,999-58-4732,S99993840,X66548114X,Mr.,Kurtis994,Hoppe518,,,M,black,nonhispanic,M,Somerset  Massachusetts  US,497 Kuhlman Corner,Wareham,Massachusetts,Plymouth County,,41.73910855208828,-70.73893314975992,1451465.2450000006,20513.085000000003,63.0,39,0,39,20,0,1981-03-12 18:41:39,2021-05-27 18:41:39,19.0,4.0,6364.9400000000005,181.0,56.0,0,0,1,0,1,0,0,0,0,0,27.4,11.25,18.75,8.65,4.0
9fe87de4-271d-0775-9319-858ac7f42a6f,1948-02-06,,999-92-1290,S99922900,X50179804X,Mr.,Freddie621,Erdman779,,,M,white,nonhispanic,M,Springfield  Massachusetts  US,436 Jacobi Promenade,Plymouth,Massachusetts,Plymouth County,,41.88465310406868,-70.66238192832287,3008861.4454999994,371335.0245,77.9,72,3,69,55,1,1948-07-03 09:07:15,2021-03-05 06:07:15,199.0,8.0,73109.82,41487.0,79.0,0,1,1,0,1,0,0,0,0,1,29.8,13.4,20.85,9.25,4.65
85b3245b-919c-7552-8ab3-8fa82a35b178,1978-06-07,,999-65-4601,S99972629,X22540862X,Mrs.,Ulrike696,Bauch723,,Orn563,M,white,nonhispanic,F,Worcester  Massachusetts  US,600 Wyman Promenade Unit 60,Watertown,Massachusetts,Middlesex County,2472.0,42.40136677188127,-71.13077184644692,2306240.1290000007,405128.221,47.6,69,4,65,26,3,1979-02-02 06:10:50,2021-10-16 07:04:01,63.0,11.0,53471.28,10204.0,158.0,0,1,0,0,1,0,0,0,0,0,27.4,11.25,18.75,8.65,4.0
53124209-6f60-0773-61ea-6580dc46b994,1965-09-09,,999-39-5632,S99925278,X23401194X,Mr.,Herbert830,Renner328,,,M,white,nonhispanic,M,Weweantic  Massachusetts  US,421 Lindgren Alley,Wellesley,Massachusetts,Norfolk County,,42.32934449911621,-71.2418048374443,1419447.4625,10368.6375,60.3,54,0,54,38,0,1979-08-04 18:04:05,2021-11-04 16:04:05,125.0,4.0,572.14,28224.0,64.0,0,1,0,0,0,0,0,0,0,0,20.299999999999997,6.449999999999999,13.2,6.75,2.7
20553b9e-2375-883a-0d5c-ba8ff4eceb1c,1960-08-21,,999-49-8102,S99920076,X69263274X,Mr.,Miquel905,Hettinger594,,,S,white,nonhispanic,M,North Scituate  Massachusetts  US,141 Herman Parade Suite 48,Lynn,Massachusetts,Essex County,1940.0,42.488969109950645,-70.9983648586782,1511611.907500001,525.4724999999999,65.4,52,1,51,43,1,1978-10-15 15:58:15,2021-06-13 15:58:15,92.0,4.0,659.23,31491.0,61.0,0,1,0,0,1,0,0,0,0,0,33.849999999999994,14.649999999999999,32.0,12.0,11.9
aeabbc7e-1f5f-91fe-ac34-52c1ceca0b6b,1951-01-21,,999-72-2913,S99996168,X42579767X,Mrs.,Claire652,Lakin515,,Kris249,M,white,nonhispanic,F,Sunderland  Massachusetts  US,579 McClure Estate Suite 93,Weymouth,Massachusetts,Norfolk County,2188.0,42.26831893806586,-70.91028442099787,2381836.3025,966123.2875,74.9,67,1,66,24,1,1969-03-17 03:33:02,2021-05-17 03:33:02,29.0,4.0,5338.16,1089.0,54.0,0,0,0,0,0,0,0,0,0,0,27.4,11.25,18.75,8.65,4.0
a01f3f38-11eb-bf6b-02b6-26b8c38c6a0f,1999-04-07,,999-35-4669,S99913274,X68097435X,Ms.,Mallory926,Hills818,,,,white,nonhispanic,F,Brookline  Massachusetts  US,804 Conroy Burg Apt 71,Wellesley,Massachusetts,Norfolk County,2482.0,42.29722213880567,-71.32086304255303,571997.0850000001,21363.645,26.7,28,1,27,12,1,1999-07-26 15:04:13,2021-06-23 15:04:13,14.0,7.0,87214.81,357.0,65.0,0,1,0,0,0,0,0,0,0,0,20.299999999999997,6.449999999999999,13.2,6.75,2.7
0f14bd45-9faa-6216-31b1-d46e7f73d4fe,1970-03-15,,999-17-7415,S99983253,X41264183X,Mr.,Aurelio227,Wehner319,,,M,white,nonhispanic,M,Franklin  Massachusetts  US,480 Keeling Gardens Unit 16,Lynn,Massachusetts,Essex County,1902.0,42.439228227928105,-70.93629410741792,1386164.3924999996,4276.0575,55.8,72,2,70,48,2,1972-09-23 09:36:38,2021-11-14 09:36:38,175.0,9.0,323249.21,13456.0,59.0,0,1,0,0,1,0,0,0,0,0,33.849999999999994,14.649999999999999,32.0,12.0,11.9
cfe18543-90e5-87d3-7ab3-f4cf60850cc1,1946-07-18,,999-33-9812,S99942538,X54233582X,Mr.,Esteban536,Moore224,,,M,white,nonhispanic,M,Stoneham  Massachusetts  US,316 Veum Crossroad Unit 31,Fairhaven,Massachusetts,Bristol County,,41.614743868304494,-70.88437650716968,260317.4954999999,135289.4145,79.5,57,1,56,32,1,1964-09-11 02:53:25,2021-09-01 06:53:25,10.0,6.0,5201.87,568.0,63.0,0,0,1,0,1,0,0,0,0,0,27.4,11.25,18.75,8.65,4.0
a3ccbf19-ad9a-7ae1-b926-ba3b0543fe1b,1951-09-18,,999-60-4264,S99920951,X3535542X,Mr.,Jesse626,Senger904,,,M,white,nonhispanic,M,Spencer  Massachusetts  US,554 Greenfelder Trailer,Worcester,Massachusetts,Worcester County,1610.0,42.217286585920505,-71.78592769883193,1874298.4055,100902.97449999998,74.3,323,5,182,52,5,1969-11-11 11:58:49,2021-11-16 11:58:49,1072.0,15.0,383366.76,21344.0,396.0,1,1,1,0,1,0,1,0,0,0,35.9,14.9,29.3,11.55,8.8
4b54af52-ee73-f8d0-beef-7c3d292b4ec6,1953-06-26,,999-47-2568,S99960415,X8198014X,Mrs.,Amee396,Hessel84,,Bahringer146,M,white,nonhispanic,F,Fitchburg  Massachusetts  US,727 Yost Drive,Falmouth,Massachusetts,Barnstable County,,41.59249303331923,-70.66484600135907,2981806.167499999,942535.7624999998,72.5,79,4,75,49,2,1954-08-11 09:25:47,2021-09-10 12:24:27,62.0,6.0,2909.57,676.0,70.0,0,1,0,0,1,0,0,0,0,0,28.6,12.850000000000001,21.25,10.95,4.5
ddb90603-4bab-3548-62b4-b3e98e309448,1977-02-05,,999-44-9903,S99971360,X81699269X,Mrs.,Tillie335,Legros616,,Torp761,M,asian,nonhispanic,F,Sturbridge  Massachusetts  US,766 Boyle Frontage road,Littleton,Massachusetts,Middlesex County,,42.56066321334285,-71.53738516975515,1421803.2360000005,184197.804,48.9,42,4,37,27,2,1980-04-02 04:08:11,2021-08-28 17:08:11,80.0,7.0,45265.590000000004,10075.0,59.0,1,1,0,0,0,0,0,0,0,0,27.4,11.25,18.75,8.65,4.0
3aeeb943-ef6a-cbdd-b356-46c3af0cb805,1949-12-22,,999-54-7377,S99945875,X71990104X,Mr.,Chris95,Wisozk929,,,S,white,nonhispanic,M,Sudbury  Massachusetts  US,242 Legros Knoll,Plymouth,Massachusetts,Plymouth County,2360.0,41.91974218657263,-70.58344556673896,1831095.96,58250.46999999999,76.0,57,0,56,23,0,1968-02-15 17:42:52,2021-04-22 17:42:52,25.0,2.0,14.99,287.0,64.0,0,0,0,0,0,0,0,0,0,0,29.8,13.4,20.85,9.25,4.65
6243fe0e-167e-8fb0-58b1-a87b1090443e,2013-03-15,,999-54-4844,,,,Madge238,Jones311,,,,white,nonhispanic,F,Arlington  Massachusetts  US,411 Gulgowski Byway,Whitman,Massachusetts,Plymouth County,,42.09566648091345,-70.94935758622309,219017.14,209.01,12.8,24,0,24,17,0,2013-03-15 06:59:50,2021-03-12 06:59:50,5.0,5.0,53.269999999999996,5.0,7.0,0,0,0,0,0,0,0,0,0,0,27.4,11.25,18.75,8.65,4.0
67107cd9-d6ed-6020-e1c2-a16e8e613242,1938-11-17,,999-54-1634,S99934155,X10101321X,Mrs.,Sierra982,Marquardt819,,Hintz995,M,white,nonhispanic,F,Dracut  Massachusetts  US,721 Raynor Corner Suite 73,Plainville,Massachusetts,Norfolk County,,42.03401081020908,-71.34948117317202,731902.2909999996,952928.1090000002,87.1,39,2,37,18,2,1957-01-10 06:50:47,2021-05-27 06:50:47,12.0,4.0,55380.14,309.0,74.0,0,0,0,0,1,0,0,0,0,1,27.4,11.25,18.75,8.65,4.0
8206bd63-5dd4-cf3e-a29b-baa65e9a9429,1970-04-22,,999-56-1158,S99923975,X50334491X,Ms.,Anja508,Jakubowski832,,,S,white,nonhispanic,F,Methuen  Massachusetts  US,657 Haley Neck Suite 93,Greenfield,Massachusetts,Franklin County,,42.66377239777433,-72.55884439160305,2627885.0325000007,15042.4875,55.7,53,4,49,13,3,1971-06-19 01:07:56,2021-09-09 21:47:56,11.0,8.0,21505.69,89.0,90.0,0,0,0,0,0,0,0,0,0,0,27.4,14.4,23.15,9.85,5.75
d515a84c-6dce-4070-8794-d59b7c5cf2ca,2011-10-27,,999-64-1316,,,,Jeff859,Wehner319,,,,white,nonhispanic,M,Framingham  Massachusetts  US,1088 Hirthe Orchard Suite 25,Melrose,Massachusetts,Middlesex County,,42.47295879438029,-71.1012270615434,272386.39,56.21999999999992,14.2,24,1,23,18,0,2011-12-01 11:15:14,2021-11-04 11:15:14,5.0,5.0,104.28,10.0,33.0,0,0,0,0,0,0,0,0,0,0,23.55,8.75,16.200000000000003,7.25,3.3499999999999996
2a48a5b5-97d4-63df-1172-524a47bc49b5,1966-11-06,,999-95-4766,S99945285,X85319795X,Mrs.,Emilie407,Nader710,,Moore224,M,white,nonhispanic,F,Uxbridge  Massachusetts  US,857 Kris Wall Unit 89,Yarmouth,Massachusetts,Barnstable County,,41.64307677821532,-70.2200850886755,2648660.1829999997,949640.287,59.2,83,4,78,50,4,1967-08-16 21:56:11,2021-08-09 03:56:11,226.0,13.0,462846.77,28878.0,65.0,0,1,0,0,1,0,0,0,0,0,27.4,11.25,18.75,8.65,4.0
d3e4ad8c-11f2-14cf-28be-e4400b6caff1,1980-10-28,,999-11-5944,S99937538,X48999201X,Mr.,Merlin721,Paucek755,,,S,black,nonhispanic,M,Northborough  Massachusetts  US,901 Volkman Plaza Unit 68,Boston,Massachusetts,Suffolk County,2152.0,42.27487296803925,-71.03704023494437,1669415.9500000002,0.0,45.2,25,1,23,12,1,1981-11-27 02:14:55,2021-02-02 18:42:55,10.0,4.0,13638.97,536.0,49.0,0,0,0,1,1,0,0,0,0,0,24.25,11.25,24.0,9.45,6.3
25314ff5-8aa4-e3c1-e3d1-8947945764b8,1966-12-08,,999-16-5355,S99975355,X5703905X,Mrs.,Macie339,O'Connell601,,Leffler128,M,white,nonhispanic,F,Holden  Massachusetts  US,304 Deckow Glen,Norton,Massachusetts,Bristol County,,41.97125935409996,-71.1928770358509,2213963.9775,24390.8925,59.1,40,0,40,20,0,1975-12-12 02:59:54,2021-01-23 02:59:54,43.0,7.0,15690.52,344.0,46.0,0,0,1,0,1,0,0,0,0,0,27.4,11.25,18.75,8.65,4.0
ba94f61a-0555-03dc-c25a-33b62cec09be,1981-11-04,,999-28-2722,S99992994,X8537765X,Mrs.,Marylyn194,Botsford977,,Harris789,M,white,nonhispanic,F,Methuen  Massachusetts  US,145 Lang Parade,Somerville,Massachusetts,Middlesex County,2145.0,42.37913427296361,-71.14957725081385,1811204.5185,258598.8615,44.2,79,6,73,35,4,1985-10-09 23:08:48,2021-05-19 23:08:48,135.0,5.0,107652.95,1638.0,176.0,0,0,1,0,1,0,0,0,0,0,23.95,8.8,16.9,6.85,4.25
4d270e33-418e-cae4-7057-0b366477ec76,1964-12-10,,999-30-3118,S99990763,X70770060X,Mr.,Brendon298,Hermann103,,,M,white,nonhispanic,M,Andover  Massachusetts  US,168 Schinner Ferry,Worcester,Massachusetts,Worcester County,1583.0,42.27512016028698,-71.8240455482619,1470987.0074999994,2191.7325,61.1,46,0,45,21,0,1973-11-26 05:33:58,2021-10-06 15:33:58,33.0,3.0,68649.18,235.0,63.0,1,0,0,0,1,0,0,0,0,0,35.9,14.9,29.3,11.55,8.8
25c76c36-e3b2-ece6-70e6-028b0f152e1f,1956-07-14,,999-18-9686,S99938389,X3078197X,Ms.,Delmy607,Auer97,,,S,hawaiian,nonhispanic,F,Boston  Massachusetts  US,470 Bartell Harbor,Belchertown,Massachusetts,Hampshire County,,42.32650392629258,-72.44367692060574,2179656.84,67804.13999999998,69.5,60,0,60,48,0,1973-09-01 09:20:54,2021-07-14 10:59:04,155.0,5.0,734.39,35013.0,50.0,0,1,0,0,0,0,0,0,0,0,23.85,10.95,17.7,8.350000000000001,4.05
75e3925c-8fb9-cba5-a5a9-2a144eb2ad5a,1944-02-18,,999-27-6335,S99962729,X80318860X,Mrs.,Ema785,Bosco882,,Schmeler639,M,white,nonhispanic,F,Boston  Massachusetts  US,549 Romaguera Run Unit 53,Northampton,Massachusetts,Hampshire County,1053.0,42.295182946928406,-72.63360847414042,361543.8690000001,1193251.661,81.9,81,21,60,36,0,1960-04-01 16:30:08,2021-07-23 16:30:08,0.0,0.0,0.0,0.0,97.0,0,0,0,0,1,0,0,1,0,0,23.5,9.9,17.15,8.2,4.199999999999999
94ece286-bfa5-d195-26a7-70ada019e082,1993-05-10,,999-95-7075,S99940706,X58953026X,Ms.,Emilia403,Uribe503,,,S,white,hispanic,F,Kingston  Kingston  JM,354 Bartell Street,Boston,Massachusetts,Suffolk County,2109.0,42.34334318454107,-71.08507085216996,564439.1975,9556.1025,32.6,60,3,57,10,3,2011-04-19 15:59:05,2021-05-03 15:45:02,36.0,12.0,37570.87,165.0,141.0,0,0,0,0,0,0,0,0,0,0,24.25,11.25,24.0,9.45,6.3
fee59556-c971-ebeb-3c39-8fda3470501e,2018-03-02,,999-72-8715,,,,Foster87,Stokes453,,,,white,nonhispanic,M,Quincy  Massachusetts  US,454 Kshlerin Dale Unit 53,Sturbridge,Massachusetts,Worcester County,1566.0,42.11873627756217,-71.96494381920387,99523.17,206.22,7.8,19,0,19,12,0,2018-03-02 21:10:37,2021-08-06 21:10:37,2.0,2.0,20.07,2.0,4.0,0,0,0,0,0,0,0,0,0,0,29.4,9.3,17.049999999999997,7.5,3.2
e083022c-b3ac-7ba2-b278-6c59099dc22a,2004-09-21,,999-46-4852,S99963807,,,Dirk334,Stehr398,,,,white,nonhispanic,M,Holbrook  Massachusetts  US,1022 Herman Road Unit 56,Weymouth,Massachusetts,Norfolk County,2190.0,42.18092114024928,-70.99977145215978,446850.6049999999,3463.425,21.3,15,1,14,10,1,2012-09-18 09:00:15,2021-11-09 09:00:15,1.0,1.0,8.29,1.0,29.0,0,0,0,0,0,0,0,0,0,0,27.4,11.25,18.75,8.65,4.0
08886577-5a7a-7547-9249-4565e85d38b3,1998-09-16,,999-70-1089,S99934144,X60782368X,Ms.,Dominga527,Kuphal363,,,,white,nonhispanic,F,Palmer  Massachusetts  US,932 Pfannerstill Grove Apt 0,Belchertown,Massachusetts,Hampshire County,,42.26862332227071,-72.39268677778406,751954.5900000001,499.6499999999999,27.3,35,1,34,9,1,2012-10-17 21:04:01,2021-11-17 21:04:01,21.0,7.0,26180.02,86.0,90.0,0,0,0,0,0,0,0,0,0,0,23.85,10.95,17.7,8.350000000000001,4.05
798f8865-ab80-0353-df73-b87b1d1f4b8f,2012-04-29,,999-47-5206,,,,Brooks264,Rowe323,,,,white,nonhispanic,M,Brockton  Massachusetts  US,195 Ondricka Trailer,Chelmsford,Massachusetts,Middlesex County,,42.57651953681688,-71.37217480189452,29964.6325,12818.0175,13.7,23,1,22,18,1,2012-04-29 20:02:00,2021-05-02 20:02:00,4.0,3.0,107.43,5.0,11.0,0,0,0,0,0,0,0,0,0,0,27.4,11.25,18.75,8.65,4.0
ee1a72db-aa92-9377-48fa-f7d9f1f8443b,1974-03-27,,999-77-5034,S99948404,X55898106X,Mr.,Chung121,Stoltenberg489,,,M,black,nonhispanic,M,Arlington  Massachusetts  US,868 Waters Knoll Suite 25,Lancaster,Massachusetts,Worcester County,,42.495739968206045,-71.72037812802077,1970148.7175,4196.3325,51.8,49,14,34,6,6,1974-12-25 07:54:59,2021-10-17 06:54:59,4.0,4.0,2583.5,573.0,13.0,0,0,0,0,1,0,0,0,0,0,27.4,11.25,18.75,8.65,4.0
3cc17df4-192f-62a8-9459-af1cfcd1f0d3,1999-05-07,,999-71-1856,S99914936,X72860295X,Mr.,Guillermo498,Vallejo39,,,,black,nonhispanic,M,Portsmouth  Saint John Parish  DM,872 Hagenes Mission Suite 9,Boston,Massachusetts,Suffolk County,2116.0,42.31671793774572,-71.08006932327808,561462.6525,2648.1675,26.7,23,3,20,9,3,2011-05-27 21:40:05,2021-09-24 21:40:05,5.0,4.0,107.5,7.0,47.0,0,0,0,0,0,0,0,0,0,0,24.25,11.25,24.0,9.45,6.3
62767100-3af3-e021-1ad2-db9509f743a2,2009-07-17,,999-95-3276,,,,Anh979,Schaden604,,,,white,nonhispanic,F,Boston  Massachusetts  US,566 Funk Crossing,Pittsfield,Massachusetts,Berkshire County,1201.0,42.4556644432066,-73.26510781484932,245393.31,5882.34,16.5,16,1,15,12,1,2011-12-23 19:38:14,2021-11-05 19:38:14,1.0,1.0,17.03,1.0,19.0,0,0,0,0,0,0,0,0,0,0,33.0,14.600000000000001,23.0,10.0,5.85
9857903a-c631-ab62-5672-438625f232c9,2008-12-20,,999-26-2934,,,,Felice694,Rodriguez71,,,,white,nonhispanic,F,Brockton  Massachusetts  US,604 Brekke Haven,Revere,Massachusetts,Suffolk County,2151.0,42.38289395391618,-70.98788534527942,309989.9175,133.8824999999999,17.0,19,0,19,11,0,2011-11-26 20:00:14,2021-11-06 20:00:14,5.0,3.0,172.99,5.0,10.0,0,0,0,0,0,0,0,0,0,0,25.7,14.0,28.4,10.100000000000001,10.25
05a464a6-172a-3ad5-f4df-6a73ce4ad12e,1956-10-12,,999-71-4347,S99932399,X49345020X,Mr.,Otis335,Koelpin146,MD,,M,white,nonhispanic,M,Billerica  Massachusetts  US,727 Kassulke Green,Haverhill,Massachusetts,Essex County,1835.0,42.75628644264655,-71.08925822511324,1648834.4550000003,1131.4649999999997,69.2,56,1,55,47,0,1973-04-21 23:24:41,2021-10-12 14:10:33,50.0,4.0,649.78,17183.0,81.0,0,1,0,0,1,0,0,0,0,0,31.75,13.55,25.7,9.8,7.3
d637aa7b-6fbc-ef23-c55a-d9c33b3d376d,1993-05-17,,999-79-7737,S99965524,X49864830X,Ms.,Zona368,Koss676,,,S,hawaiian,nonhispanic,F,Newburyport  Massachusetts  US,618 Glover Plaza,Amesbury,Massachusetts,Essex County,,42.88794237587059,-70.91968982454283,1545083.1155000003,150843.39449999997,32.6,42,2,40,10,2,1994-07-20 15:06:59,2021-09-15 05:30:59,20.0,10.0,129657.63,755.0,94.0,0,0,0,0,0,0,0,0,0,0,27.4,11.25,18.75,8.65,4.0
65c925be-8fda-2bf1-6702-4fcbcb725628,1969-06-10,,999-74-6711,S99941455,X64368863X,Mrs.,Alayna598,Beier427,,Kuvalis369,M,white,nonhispanic,F,Middleborough Center  Massachusetts  US,309 McCullough Lane Unit 61,Shirley,Massachusetts,Middlesex County,1464.0,42.55338529517547,-71.6489975807101,1982581.436,574751.3339999998,56.6,83,2,81,47,2,1970-03-18 00:34:16,2021-08-18 20:34:16,103.0,6.0,303668.25,1740.0,106.0,0,0,0,0,1,0,0,0,0,0,26.0,11.8,19.4,8.25,4.449999999999999
e3ca21de-75e7-39fa-b0fa-fc4341e1c54e,1980-04-18,,999-48-8742,S99966409,X41136984X,Mrs.,Angelyn934,Mills423,,Reilly981,M,white,nonhispanic,F,Fitchburg  Massachusetts  US,508 Lynch Row,Holliston,Massachusetts,Middlesex County,,42.161050755248816,-71.4772431070912,1085948.3975000002,1865.0625,45.7,17,1,16,10,1,1980-06-16 04:33:54,2021-04-09 09:33:54,4.0,4.0,338.58,4.0,18.0,0,0,1,0,1,0,0,0,0,0,27.4,11.25,18.75,8.65,4.0
1c24cec5-666c-53eb-c347-151c9bafd16f,1990-06-11,,999-35-7900,S99912542,X27082197X,Mr.,Rickie717,Nienow652,,,M,white,nonhispanic,M,Billerica  Massachusetts  US,650 Jacobi Bay,New Bedford,Massachusetts,Bristol County,2747.0,41.59673675315777,-70.86494514017295,818366.715,12376.395,35.6,20,2,18,14,2,2008-08-05 02:17:08,2021-10-19 02:17:08,33.0,5.0,215.22,5020.0,54.0,0,1,0,0,0,0,0,0,0,0,36.4,21.549999999999997,32.599999999999994,12.6,11.25
66b8b86c-78b6-85c4-f210-1b08d624a6d6,1994-05-23,,999-29-9802,S99940594,X45516952X,Mr.,Jorge203,Kertzmann286,,,S,black,nonhispanic,M,Concord  Massachusetts  US,581 Sawayn Trace,Revere,Massachusetts,Suffolk County,2151.0,42.43105409914671,-70.95567760258544,90393.918,47194.44200000002,31.6,25,3,22,10,2,1998-08-25 07:17:02,2021-11-09 03:17:02,53.0,5.0,15944.730000000001,6881.0,58.0,0,1,0,0,0,0,0,0,0,0,25.7,14.0,28.4,10.100000000000001,10.25
947b0cd0-6fb9-24b2-4a72-2e418ff0eb65,1975-06-14,,999-68-3840,S99945957,X85646624X,Mrs.,Malena136,Bashirian201,,Williamson769,M,black,nonhispanic,F,Cambridge  Massachusetts  US,117 King Corner,Arlington,Massachusetts,Middlesex County,,42.40889749384358,-71.17132312540237,1732493.8124999998,35731.357500000006,50.5,62,1,60,40,1,1980-03-18 17:28:39,2021-09-28 11:28:39,136.0,9.0,197068.71,8383.0,57.0,1,1,0,0,1,0,0,0,0,0,22.4,7.199999999999999,14.75,7.1,2.75
3c12e36b-510d-741d-e438-5c0579f9721f,1968-05-24,,999-72-6032,S99933678,X10779252X,Mrs.,Soo315,Smitham825,,Runolfsdottir785,M,black,nonhispanic,F,Bedford  Massachusetts  US,1093 Purdy Mall Unit 47,Lynn,Massachusetts,Essex County,1902.0,42.53795684925768,-71.02683722307786,180772.07050000003,293779.3395,57.6,21,0,21,15,0,1986-07-18 13:59:55,2021-06-11 13:59:55,0.0,0.0,0.0,0.0,33.0,0,0,0,0,1,0,0,0,0,0,33.849999999999994,14.649999999999999,32.0,12.0,11.9
3bdbba38-5748-915e-5dc0-7cdcf66754d2,2004-05-16,,999-84-2483,S99976313,,,Jackie93,Runolfsson901,,,,white,hispanic,M,Dartmouth  Massachusetts  US,545 Kovacek Track Unit 60,Whitman,Massachusetts,Plymouth County,,42.10239963456471,-70.9770302558208,426590.3525,2219.6175,21.6,18,1,17,10,1,2012-05-14 01:25:42,2021-11-08 01:25:42,1.0,1.0,29.28,1.0,30.0,0,0,0,0,0,0,0,0,0,0,27.4,11.25,18.75,8.65,4.0
49b2eb30-3376-3e26-e774-08e40c0ca44a,1960-10-23,,999-11-1331,S99999603,X60457114X,Ms.,Cythia210,Crist667,,,S,white,nonhispanic,F,East Brookfield  Massachusetts  US,578 Metz Route,Westfield,Massachusetts,Hampden County,,42.09133852254393,-72.78491691053328,2047056.417,1183565.793,65.2,57,0,57,45,0,1961-09-06 14:07:22,2021-09-05 09:07:22,93.0,3.0,709.43,31363.0,50.0,0,1,0,0,1,0,0,0,0,0,32.05,13.8,24.35,9.399999999999999,5.3
28d9ebc1-9a62-4c80-019f-ff3e32229532,1983-09-27,,999-56-3903,S99985310,X40584811X,Mr.,Olin642,Shanahan202,,,M,white,nonhispanic,M,Scituate  Massachusetts  US,1019 Rath Path Unit 24,Newton,Massachusetts,Middlesex County,2467.0,42.28275190073396,-71.18419888818117,963576.6825,232.1475,42.3,17,0,16,10,0,1996-10-22 18:10:14,2021-05-11 18:10:14,1.0,1.0,6.72,1.0,28.0,0,0,0,0,1,0,0,0,0,0,21.35,6.7,14.8,7.25,2.7
ec3c4200-341e-dc28-d580-cf6f78d90897,2021-02-09,,999-96-7101,,,,Miguel815,Keebler762,,,,white,nonhispanic,M,Lynn  Massachusetts  US,794 Bailey Orchard,Weymouth,Massachusetts,Norfolk County,,42.241320605827575,-70.95006635453242,24925.29,109.34999999999997,4.9,5,0,5,5,0,2021-02-10 00:45:48,2021-10-20 00:45:48,0.0,0.0,0.0,0.0,0.0,0,0,0,0,0,0,0,0,0,0,27.4,11.25,18.75,8.65,4.0
1a3c4dbc-9cf9-3967-ac48-389057e4f2aa,2014-11-23,,999-69-7819,,,,Billie243,Grady603,,,,white,nonhispanic,M,Newton  Massachusetts  US,433 DuBuque Promenade Unit 71,Andover,Massachusetts,Essex County,,42.67871289330436,-71.19186871631382,171579.6,353.34,11.1,18,1,17,16,1,2014-11-24 01:04:42,2021-11-15 01:04:42,1.0,1.0,22.42,1.0,6.0,0,0,0,0,0,0,0,0,0,0,25.6,8.05,17.65,7.6,3.15
8c94d0d5-50f7-81df-e025-87ed3a46075a,1970-09-20,,999-98-2553,S99934737,X66472070X,Mrs.,Leda374,Swaniawski813,,Purdy2,M,white,nonhispanic,F,Boston  Massachusetts  US,773 Huel Fork,Hardwick,Massachusetts,Worcester County,,42.314846138201126,-72.23565917761407,2120363.1525,607779.9275,55.3,28,1,25,15,1,1984-10-28 21:38:59,2021-11-09 21:38:59,11.0,5.0,1391.71,64.0,43.0,0,0,0,1,1,0,0,0,0,0,27.4,11.25,18.75,8.65,4.0
720f6209-ee05-b675-ee87-8de4b8d3919d,2015-11-01,,999-58-2610,,,,Shad704,Jones311,,,,white,nonhispanic,M,Lynn  Massachusetts  US,741 Boehm Rapid,North Attleborough,Massachusetts,Bristol County,,41.941342642662576,-71.34360893130847,158711.09,206.22,10.2,20,0,20,15,0,2015-11-01 08:09:36,2021-10-17 08:09:36,4.0,4.0,61.18,4.0,9.0,0,0,0,0,0,0,0,0,0,0,27.4,11.25,18.75,8.65,4.0
41aa16da-a60c-243b-5f97-eae742c63c68,1999-02-19,,999-76-2694,S99937328,X79656793X,Ms.,Drucilla444,Kshlerin58,,,,white,nonhispanic,F,Methuen  Massachusetts  US,453 Lehner Rue Apt 16,Boston,Massachusetts,Suffolk County,2152.0,42.30720704023473,-71.15686241700053,671066.3125000001,101098.7075,26.9,44,3,41,10,2,2011-04-25 17:23:41,2021-10-22 17:23:41,19.0,8.0,80489.9,1854.0,110.0,0,1,0,0,0,0,0,0,0,0,24.25,11.25,24.0,9.45,6.3
5a766b6a-5ed3-9281-386e-10c3fe75a263,1978-10-29,,999-95-7242,S99933393,X48996510X,Ms.,Isabelle619,Runte676,,,S,white,nonhispanic,F,Medford  Massachusetts  US,158 Dicki Path Apt 40,Sandwich,Massachusetts,Barnstable County,2563.0,41.75166292988819,-70.45248738013314,2783676.3990000007,494492.7910000001,47.2,72,7,65,13,6,1980-01-15 09:29:39,2021-11-06 03:25:53,19.0,10.0,17807.48,593.0,172.0,0,0,0,0,1,0,0,0,0,0,25.4,9.8,16.2,8.3,3.25
3fc211a5-042f-1332-2d89-62e21dde2e6b,1978-08-26,,999-28-3757,S99911034,X33736072X,Mr.,Renato359,Bechtelar572,,,S,white,nonhispanic,M,North Attleborough  Massachusetts  US,1055 Hilpert Viaduct,Boston,Massachusetts,Suffolk County,2135.0,42.35865555890646,-71.06555273103423,1040172.52,1628.4299999999998,47.3,14,2,12,10,1,1984-02-12 11:10:43,2020-09-05 22:10:43,0.0,0.0,0.0,0.0,24.0,0,0,0,0,1,0,0,0,0,0,24.25,11.25,24.0,9.45,6.3
4773d311-a4f3-56a3-46aa-522da4d4743b,2002-12-30,,999-24-6131,S99915877,,Ms.,María José279,Duarte203,,,,white,hispanic,F,Bogota  Bogota  CO,563 Raynor Park,Cambridge,Massachusetts,Middlesex County,,42.40797932573281,-71.16920187715164,475482.5949999999,267.4649999999999,23.0,27,1,26,10,1,2012-01-02 20:45:00,2021-04-05 05:34:40,5.0,5.0,3002.96,29.0,46.0,0,0,0,0,0,0,0,0,0,0,23.0,7.55,16.35,6.9,3.65
1b8984f4-0ea2-8bbc-2d7e-c04143277477,1997-03-20,,999-86-9037,S99946258,X46807652X,Mr.,Leroy603,Rippin620,,,,asian,nonhispanic,M,Haiphong  Kiến An  VN,149 Purdy Brook,Boston,Massachusetts,Suffolk County,2203.0,42.37098177292883,-71.06884896985879,623919.4549999998,4555.125,28.8,14,0,14,10,0,2012-04-26 08:07:19,2021-09-23 08:07:19,16.0,2.0,48.54,2466.0,51.0,0,1,0,0,0,0,0,0,0,0,24.25,11.25,24.0,9.45,6.3
e4bbff5f-2cc1-66c7-00ff-4e194d02bf49,1962-02-05,,999-79-5490,S99921383,X6268997X,Mrs.,Leda374,Lemke654,,Kshlerin58,M,white,nonhispanic,F,Waltham  Massachusetts  US,952 Kilback Junction,Leominster,Massachusetts,Worcester County,1420.0,42.52095839828931,-71.774979983024,2201666.9399999995,186783.09,63.9,101,14,85,22,7,1980-03-31 19:51:30,2021-09-20 19:51:30,22.0,2.0,52095.56,212.0,56.0,1,0,0,0,0,0,0,0,0,0,33.9,13.45,25.25,10.15,6.7
3685bf21-cf8b-669f-cc82-ba3f467087c8,1979-02-13,,999-13-9742,S99937234,X79401780X,Mr.,Alvaro283,Altenwerth646,,,S,white,nonhispanic,M,Waltham  Massachusetts  US,140 Roberts Mall Unit 71,Cambridge,Massachusetts,Middlesex County,2139.0,42.369697639684325,-71.11107603860415,1045121.2450000003,13876.335,46.9,37,1,36,26,1,1986-02-05 00:20:18,2021-08-25 00:20:18,82.0,7.0,862.8,18210.0,68.0,0,1,0,0,1,0,0,0,0,0,23.0,7.55,16.35,6.9,3.65
3e1a89ae-50ce-1b40-e1b6-2a9e9dcac7a3,1975-08-18,,999-58-7990,S99992357,X33589476X,Mr.,Lawrence741,Boyer713,,,S,black,nonhispanic,M,New Bedford  Massachusetts  US,938 Barrows Route,Townsend,Massachusetts,Middlesex County,1469.0,42.65700312998419,-71.70891800047214,1139369.1249999998,5577.525,50.4,44,1,42,30,0,1983-11-07 05:09:11,2021-07-27 03:09:11,66.0,7.0,398.08,10593.0,98.0,0,1,0,0,1,0,0,0,0,0,26.65,12.600000000000001,20.7,8.9,4.25
066f03fb-a5aa-5b53-d4a6-b31f5b44a29f,2000-06-26,,999-71-3337,S99944681,X37752615X,Ms.,Porsha375,Spencer878,,,,asian,nonhispanic,F,Sutton  Massachusetts  US,171 Cartwright Station,West Newbury,Massachusetts,Essex County,,42.78926484632253,-70.94019313069668,1249966.4214999997,391590.6585,25.5,113,3,109,10,3,2001-09-08 20:27:58,2021-09-06 14:50:58,17.0,12.0,141079.23,554.0,190.0,0,0,0,0,0,0,0,0,0,0,27.4,11.25,18.75,8.65,4.0
32e8a3ce-f1e7-5002-0cee-d74eed64442e,1969-12-12,,999-81-9551,S99914704,X66416714X,Mr.,Russel238,Moen819,,,M,white,nonhispanic,M,Norwood  Massachusetts  US,1074 Leannon Viaduct Unit 42,New Bedford,Massachusetts,Bristol County,2743.0,41.50375412290732,-70.97025436411366,1305739.5125000004,13517.9175,56.1,42,1,41,34,1,1988-02-05 11:56:47,2021-08-13 11:56:47,74.0,3.0,1711.56,12799.0,51.0,0,1,0,0,1,0,0,0,0,0,36.4,21.549999999999997,32.599999999999994,12.6,11.25
525ea6a8-91ea-4600-39a6-d6ef271d11ec,2010-10-27,,999-46-8508,,,,Antione404,Hamill307,,,,white,nonhispanic,M,Melrose  Massachusetts  US,596 Legros Path Apt 63,Easton,Massachusetts,Bristol County,,42.02916578389943,-71.15522635288869,281353.19999999995,131.21999999999994,15.2,20,1,18,14,1,2012-01-04 13:29:45,2021-11-10 13:29:45,2.0,2.0,20.020000000000003,4.0,10.0,0,0,0,0,0,0,0,0,0,0,27.4,11.25,18.75,8.65,4.0
c75b66ef-356c-8113-5460-1e942419b3cf,1970-11-03,,999-34-4489,S99919632,X56072907X,Mrs.,Tosha401,Kreiger457,,Weber641,M,black,nonhispanic,F,Springfield  Massachusetts  US,590 Waelchi Spur,Holliston,Massachusetts,Middlesex County,,42.19155723349965,-71.41221143623488,1464957.2475000003,524542.1625,55.2,37,0,37,16,0,1988-12-27 23:47:41,2021-03-30 23:47:41,12.0,2.0,8710.960000000001,34.0,64.0,1,0,0,0,0,0,0,0,0,0,27.4,11.25,18.75,8.65,4.0
8471f747-3d66-ed9b-9b34-277ca99303d2,1979-10-27,,999-26-5843,S99941986,X52537876X,Mr.,Hugo693,Quiñónez764,,,M,white,hispanic,M,Marigot  Saint Andrew Parish  DM,210 Murray Route Suite 42,Longmeadow,Massachusetts,Hampden County,1106.0,42.02542407333143,-72.58969726594692,1032495.6924999998,2607.3375,46.2,13,0,13,8,0,1997-12-20 12:59:27,2021-11-06 12:59:27,1.0,1.0,0.95,95.0,21.0,0,0,0,0,0,0,0,0,0,0,27.3,8.399999999999999,17.65,7.9,2.75
378931d8-1854-534e-a316-6ebaa62b9570,1994-02-19,,999-46-2218,S99943475,X9151913X,Mrs.,Ching589,Morar593,,Altenwerth646,M,white,nonhispanic,F,Sandwich  Massachusetts  US,1014 Cartwright Key Suite 95,Springfield,Massachusetts,Hampden County,1104.0,42.117116131046366,-72.64626805728884,255162.87249999997,20.13749999999993,31.9,16,0,16,4,0,2011-02-03 17:32:41,2021-11-06 17:32:41,3.0,3.0,1312.08,36.0,46.0,0,0,0,0,0,0,0,0,0,0,39.900000000000006,17.8,37.65,14.600000000000001,13.899999999999999
ccd81797-18f3-cf40-4f64-f37b7b50d689,1988-03-21,,999-14-7085,S99927990,X26209760X,Mrs.,Miss492,Reichert620,,O'Keefe54,M,white,nonhispanic,F,South Yarmouth  Massachusetts  US,701 Friesen Promenade,Wellesley,Massachusetts,Norfolk County,,42.30555928790206,-71.24743766606447,7128124.617999999,291690.332,37.8,83,22,61,19,1,1995-03-13 23:59:40,2021-08-12 12:52:11,32.0,8.0,17414.57,244.0,158.0,0,1,0,0,1,0,0,1,0,0,20.299999999999997,6.449999999999999,13.2,6.75,2.7
bb79a5f5-c5bd-7c04-02b6-9589fd41e840,2010-08-11,,999-61-9730,,,,Valentine262,Sanford861,,,,white,nonhispanic,M,Taunton  Massachusetts  US,684 Cartwright Bridge Unit 85,Merrimac,Massachusetts,Essex County,,42.86011008985072,-70.99213076842253,281222.59,2665.68,15.4,20,1,18,13,1,2012-01-18 05:05:01,2021-08-25 05:05:01,6.0,6.0,28543.14,151.0,11.0,0,0,0,0,0,0,0,0,0,0,27.4,11.25,18.75,8.65,4.0
b141ce4a-6781-10b9-41ac-6dff8f64af54,1986-12-30,,999-62-6482,S99991712,X21007640X,Mr.,Noel608,Windler79,,,M,white,nonhispanic,M,Amherst  Massachusetts  US,395 Hills Street,Amesbury,Massachusetts,Essex County,,42.888532327017366,-70.9480022842272,815361.4875,1965.5625,39.0,12,0,12,8,0,2002-02-06 04:06:15,2021-04-28 04:06:15,1.0,1.0,10.15,1.0,27.0,0,0,0,0,0,0,0,0,0,0,27.4,11.25,18.75,8.65,4.0
c32ba41a-49da-124e-8858-e6398d9f43ca,2009-06-02,,999-31-6931,,,,Damien170,Ebert178,,,,white,nonhispanic,M,Natick  Massachusetts  US,252 Johnson Route,Chicopee,Massachusetts,Hampden County,1022.0,42.220889391397805,-72.6206412176185,153040.72749999998,3764.4525,16.6,20,1,19,11,1,2012-04-25 23:24:27,2021-07-06 23:24:27,3.0,3.0,176.96,3.0,10.0,0,0,0,0,0,0,0,0,0,0,34.8,15.8,29.3,11.0,8.100000000000001
9d02555e-0c14-7cec-d946-ec84ca30bce5,2005-12-27,,999-25-4656,,,,Vicente970,Gleason633,,,,white,nonhispanic,M,Woburn  Massachusetts  US,475 Kutch Plaza Suite 22,Yarmouth Port,Massachusetts,Barnstable County,2675.0,41.74819365646604,-70.24733227726796,397742.3175,588.4424999999999,20.0,15,1,14,10,1,2011-12-13 06:32:44,2021-06-22 06:32:44,4.0,4.0,11304.68,90.0,22.0,0,0,0,0,0,0,0,0,0,0,24.9,9.25,16.05,8.45,3.25
6ede3346-0149-628e-0025-e2b9d3f54778,1975-04-02,,999-94-3041,S99996140,X56211732X,Ms.,Concha418,Adams676,,,S,white,nonhispanic,F,Amherst  Massachusetts  US,973 Heller Gate,Salem,Massachusetts,Essex County,,42.56351811834234,-70.85698317118737,1619099.5034999994,361267.3965,50.7,109,10,98,11,4,1990-02-02 06:05:04,2021-11-17 06:05:04,9.0,5.0,23973.33,89.0,107.0,0,0,0,0,1,0,0,0,0,0,29.9,11.2,22.35,8.899999999999999,5.55
b20e00a9-1567-09b9-1dd4-20b4607a2911,2017-03-02,,999-35-7801,,,,Hertha832,Lesch175,,,,white,nonhispanic,F,Fall River  Massachusetts  US,1055 Kunde Fork,Whately,Massachusetts,Franklin County,,42.46481295031488,-72.68603995563821,113583.375,3462.135,8.8,15,0,15,13,0,2017-03-02 22:04:28,2021-02-04 22:04:28,3.0,3.0,44.68,3.0,4.0,0,0,0,0,0,0,0,0,0,0,27.4,11.25,18.75,8.65,4.0
f56514f4-c048-cf96-796a-d0ec65dbd6e4,1947-09-05,,999-54-2956,S99918777,X1314490X,Mrs.,Alyssa971,Hudson301,,Lowe577,M,white,nonhispanic,F,Gloucester  Massachusetts  US,863 Howell Well,Brockton,Massachusetts,Plymouth County,2302.0,42.10371699496476,-71.0104534271944,2572506.9925,206087.5475,78.3,128,2,125,67,2,1952-04-15 02:24:00,2021-09-18 02:24:00,204.0,9.0,393595.33,2352.0,75.0,0,0,0,0,1,0,0,0,0,1,35.9,17.75,28.6,12.8,8.55
e25be42f-7103-4d46-f926-f9eb6f6381b2,1954-12-17,,999-82-1807,S99942823,X19510103X,Mrs.,Marybeth994,Brekke496,,Robel940,M,white,nonhispanic,F,Malden  Massachusetts  US,129 Koss Harbor Suite 99,Chelmsford,Massachusetts,Middlesex County,,42.58049005945706,-71.3797404526043,2665896.1929999995,386664.5069999999,71.0,38,2,36,25,1,1957-04-08 23:16:53,2021-04-10 01:16:53,0.0,0.0,0.0,0.0,52.0,0,0,0,0,0,0,0,0,0,0,27.4,11.25,18.75,8.65,4.0
361cf862-7199-0230-c62d-3a3319bdc1d6,2019-10-02,,999-47-2555,,,,Johnny786,Blick895,,,,white,nonhispanic,M,Marblehead  Massachusetts  US,1052 Herzog Wynd,Northbridge,Massachusetts,Worcester County,,42.17544060705467,-71.64367946626432,43777.47,0.0,6.2,12,1,11,9,1,2019-10-02 13:23:03,2021-11-12 14:00:44,3.0,2.0,21.77,5.0,8.0,0,0,0,0,0,0,0,0,0,0,27.4,11.25,18.75,8.65,4.0
b28a9876-7b93-c2d5-2c24-df5cefc848b0,2013-06-27,,999-89-4141,,,,Micheline936,Barton704,,,,white,nonhispanic,F,St Petersburg  St Petersburg  RU,417 Johns Estate Unit 86,Weweantic,Massachusetts,Plymouth County,,41.75321957914086,-70.78367507330313,211402.52,0.0,12.5,23,0,23,17,0,2013-06-27 07:02:49,2021-06-24 07:02:49,6.0,4.0,177.51000000000002,6.0,10.0,0,0,0,0,0,0,0,0,0,0,32.25,16.75,24.75,11.15,5.449999999999999
b24f84f8-7adf-2b2e-dfb3-1c1c466d0a74,2002-04-24,,999-98-9613,S99937284,,Mr.,Barney639,Ledner144,,,,white,nonhispanic,M,Sharon  Massachusetts  US,667 Terry Heights,Lynn,Massachusetts,Essex County,1902.0,42.52343367514536,-71.02905340300808,491653.11,493.35,23.7,16,1,15,10,1,2004-09-21 02:03:18,2021-11-04 02:03:18,3.0,3.0,106793.84999999999,418.0,46.0,0,0,0,0,1,0,0,0,0,0,33.849999999999994,14.649999999999999,32.0,12.0,11.9
2f877574-2528-9b88-4119-33f99fdd181a,1989-03-18,,999-70-1401,S99996667,X89176166X,Ms.,Etta748,Sporer811,,,S,white,nonhispanic,F,North Falmouth  Massachusetts  US,480 Hodkiewicz View,Newton,Massachusetts,Middlesex County,2461.0,42.33582997237317,-71.15848440256796,2039357.369,397432.6209999999,36.8,59,3,56,10,3,1989-12-07 10:28:35,2021-10-30 06:28:35,20.0,11.0,186403.1,860.0,180.0,0,0,0,0,0,0,0,0,0,0,21.35,6.7,14.8,7.25,2.7
895c8e87-5ba6-c823-6f40-0e6b6341a09f,1968-11-09,,999-94-4511,S99965007,X44524039X,Mrs.,Carita426,Larson43,,Boehm581,M,white,nonhispanic,F,Charlton  Massachusetts  US,703 Paucek Passage,Leominster,Massachusetts,Worcester County,,42.49835294142624,-71.73792822842117,1693805.7145,429722.52549999993,57.1,53,1,51,17,1,1981-12-05 23:51:45,2021-11-06 23:51:45,8.0,6.0,10703.61,139.0,92.0,0,0,0,0,0,0,0,0,0,0,33.9,13.45,25.25,10.15,6.7
3515e99a-c9ef-2628-6949-bf2ba1d74897,2003-09-22,,999-77-1814,S99958203,,Ms.,Alexandria361,Hilll811,,,,white,nonhispanic,F,Westfield  Massachusetts  US,230 Bartell Promenade,Lexington,Massachusetts,Middlesex County,2420.0,42.47916107230353,-71.23310491234714,467782.68,2824.0199999999995,22.3,16,2,14,10,1,2012-09-24 11:57:18,2021-11-15 11:57:18,5.0,5.0,3033.32,42.0,34.0,0,1,0,0,0,0,0,0,0,0,19.1,5.7,14.7,7.800000000000001,2.25
13b1cf83-d511-15a7-5ac3-d5d42f57d6ef,1983-10-05,,999-76-3780,S99971862,X66311943X,Mr.,Zachary28,Hane680,,,S,white,nonhispanic,M,Northbridge  Massachusetts  US,215 Hills Ferry,Cambridge,Massachusetts,Middlesex County,2138.0,42.34087450517825,-71.08846373466902,957945.6325,441.0675,42.2,13,0,13,10,0,1995-10-26 03:37:21,2021-02-11 03:37:21,0.0,0.0,0.0,0.0,20.0,0,0,0,0,0,0,0,0,0,0,23.0,7.55,16.35,6.9,3.65
6ca8bd16-892f-5fe6-ce6e-c9e16d6523e9,2007-04-16,,999-82-6094,,,,Roscoe437,Marquardt819,,,,black,nonhispanic,M,Newton  Massachusetts  US,429 Wehner Landing,Grafton,Massachusetts,Worcester County,,42.176237012551454,-71.66519310593827,367322.9275,2874.3825,18.7,15,1,14,10,1,2011-03-26 18:15:42,2021-05-17 18:15:42,3.0,3.0,127.62,3.0,23.0,0,0,0,0,0,0,0,0,0,0,27.4,11.25,18.75,8.65,4.0
541cd3b1-d22b-3af8-f9f6-700d891df3ec,1992-02-07,,999-37-1768,S99961555,X40720057X,Mr.,Lucius907,Abernathy524,,,M,white,nonhispanic,M,Holyoke  Massachusetts  US,315 Windler Extension Suite 43,Gloucester,Massachusetts,Essex County,1930.0,42.617002924953056,-70.63749480578593,794609.6000000001,931.38,33.9,20,4,16,5,2,1994-07-11 12:45:20,2021-09-17 19:11:09,2.0,2.0,1035.23,2.0,24.0,0,0,0,0,0,0,0,0,0,0,30.15,12.95,22.9,9.5,4.5
fca626fd-ab99-57fb-ba8d-f0bad053788b,1990-09-30,,999-34-1019,S99976834,X20261358X,Mrs.,Aisha756,Kassulke119,,Fritsch593,M,white,nonhispanic,F,Worcester  Massachusetts  US,792 Pacocha Arcade,Millis,Massachusetts,Norfolk County,,42.1924214586961,-71.31779867371327,2063125.2855,814565.3444999999,35.3,60,3,57,13,3,1993-03-08 01:34:19,2021-07-19 01:34:19,66.0,10.0,186393.52000000002,5758.0,179.0,0,1,0,1,0,0,0,0,0,0,27.4,11.25,18.75,8.65,4.0
d6ace85c-86db-1675-b131-1409fd859ede,1963-07-01,,999-92-2396,S99934696,X36076561X,Mr.,Boyce638,Olson653,,,M,white,nonhispanic,M,Haverhill  Massachusetts  US,486 Emard Promenade,Lakeville,Massachusetts,Plymouth County,,41.79047094259417,-70.92002369385226,1450874.46,3488.0999999999995,62.5,42,0,42,19,0,1981-08-24 21:20:59,2021-09-17 19:20:59,14.0,4.0,139.15,133.0,55.0,0,0,0,0,1,0,0,0,0,0,27.4,11.25,18.75,8.65,4.0
3e2e1a3b-59b2-9c59-c26e-2fcfe745b864,1984-02-14,,999-44-3341,S99956844,X52633288X,Mrs.,Charline650,Braun514,,DuBuque211,M,white,nonhispanic,F,Needham  Massachusetts  US,782 Christiansen Bridge Apt 1,Ipswich,Massachusetts,Essex County,1938.0,42.6856808066053,-70.85587777408003,1144306.5165,13560.8335,41.9,44,0,44,20,0,2002-04-09 20:14:08,2021-07-27 20:14:08,49.0,7.0,44589.59,7098.0,65.0,0,1,0,0,1,0,0,0,0,0,27.85,9.8,18.5,8.0,3.25
f93d0c19-72cd-0f7b-b8b1-e5ebf30a0283,1972-11-04,,999-43-7826,S99916786,X86497797X,Mrs.,Shandi937,Russel238,,Braun514,M,white,nonhispanic,F,Chatham  Massachusetts  US,139 Lockman Esplanade,Blackstone,Massachusetts,Worcester County,,42.08924840206908,-71.55264519929769,1927398.2055,233146.0045,53.2,84,1,83,29,1,1977-02-22 11:37:02,2021-10-16 07:37:02,109.0,11.0,56652.93,22779.0,125.0,0,1,0,0,0,0,0,0,0,0,27.4,11.25,18.75,8.65,4.0
8a0a7ec9-52d6-ee9f-f54f-f30c388860aa,1919-09-08,,999-19-9009,S99971002,X39399398X,Mr.,Malcom15,Lang846,,,M,white,nonhispanic,M,Winchester  Massachusetts  US,806 Bogan Grove Apt 23,Millville,Massachusetts,Worcester County,,42.01987867203565,-71.60532271718964,2431250.5795,119092.2905,106.3,144,8,136,56,5,1937-11-08 20:43:51,2021-06-28 20:43:51,169.0,11.0,844784.44,5170.0,52.0,0,0,1,0,1,0,0,0,0,0,27.4,11.25,18.75,8.65,4.0
9a4502e6-fba6-707c-891f-5d525c98ae23,1975-11-16,,999-86-6957,S99961360,X23202996X,Ms.,Michele387,Keeling57,,,S,white,nonhispanic,F,Lynn  Massachusetts  US,691 Crooks Boulevard Suite 45,Boston,Massachusetts,Suffolk County,2135.0,42.36959440536357,-71.07983704407349,2782146.6050000004,393231.825,50.1,85,2,83,18,1,1976-07-29 14:42:07,2021-10-25 02:42:07,27.0,8.0,13868.06,934.0,155.0,0,0,0,1,0,0,0,0,0,0,24.25,11.25,24.0,9.45,6.3
35851681-92ee-4599-7982-25b764db3db5,1983-08-07,,999-41-6648,S99972849,X70187459X,Mr.,Tyron580,Gleichner915,,,M,asian,nonhispanic,M,Chongqing  Chongqing Municipality  CN,231 Satterfield Club Unit 35,Pepperell,Massachusetts,Middlesex County,,42.64974304239301,-71.63003629806363,960519.6175,1490.5424999999998,42.4,19,2,17,9,1,1992-01-24 04:43:16,2021-09-14 06:43:16,3.0,2.0,167.62,3.0,20.0,0,0,0,0,1,0,0,0,0,0,25.549999999999997,10.850000000000001,18.35,8.2,3.5999999999999996
c806f7fc-916e-3539-ca50-776b89f987a9,1961-10-01,,999-46-5287,S99912096,X65682727X,Ms.,Veta780,Roob72,,,S,white,nonhispanic,F,West Springfield  Massachusetts  US,160 Rempel Village,Swampscott,Massachusetts,Essex County,,42.48200300060545,-70.86356900774459,1800610.4740000004,194537.046,64.2,57,1,55,42,1,1979-11-25 21:02:12,2021-07-20 21:02:12,99.0,8.0,24354.329999999998,15926.0,64.0,0,1,0,0,1,0,0,0,0,0,27.950000000000003,9.5,18.75,8.2,3.45
b7b1bd04-5bdc-3ec0-9bc6-45a86930fb9b,1990-09-15,,999-56-9409,S99922877,X33372505X,Mr.,Domenic627,Weissnat378,,,S,white,nonhispanic,M,Marshfield  Massachusetts  US,474 Hettinger Row Unit 60,Wellesley,Massachusetts,Norfolk County,,42.290399302432725,-71.27873804317528,1592203.6249999995,2347.1849999999995,35.3,45,1,44,28,1,1991-05-26 08:49:38,2021-08-28 20:49:38,77.0,5.0,290439.87,1409.0,54.0,0,0,0,0,0,0,0,0,0,0,20.299999999999997,6.449999999999999,13.2,6.75,2.7
36c63375-a5be-f2fd-5ead-457c203771ed,2009-03-22,,999-17-8021,,,,Ji399,Powlowski563,,,,white,nonhispanic,F,Hopedale  Massachusetts  US,935 Marquardt Walk Unit 98,East Longmeadow,Massachusetts,Hampden County,,42.10724923438848,-72.46237692937909,314112.57249999995,3431.7975,16.8,20,1,19,11,1,2012-02-07 14:28:30,2021-07-11 16:28:30,4.0,4.0,31.16,4.0,14.0,0,0,0,0,1,0,0,0,0,0,27.4,11.25,18.75,8.65,4.0
93d970b1-94b9-8455-de35-0bcc1a45eb7b,2003-11-01,,999-36-4310,S99977497,,Ms.,Mariella503,Berge125,,,,white,hispanic,F,Medford  Massachusetts  US,713 Goodwin Alley Apt 1,Boston,Massachusetts,Suffolk County,2126.0,42.30040220079408,-71.07977501340793,635747.1825,388.5675,22.2,31,1,30,9,1,2007-03-31 18:04:47,2021-11-06 17:04:47,5.0,5.0,970.78,39.0,79.0,0,0,0,0,0,0,0,0,0,0,24.25,11.25,24.0,9.45,6.3
c05490c6-49eb-1c19-14e1-0da37eb3e937,1996-08-22,,999-64-6426,S99952828,X77151304X,Ms.,Ivy932,Strosin214,,,,white,nonhispanic,F,Boston  Massachusetts  US,218 Schimmel Pathway Unit 5,Rehoboth,Massachusetts,Bristol County,,41.79864487302814,-71.27110425019723,1105326.512,196459.848,29.4,71,6,65,7,5,2009-09-17 13:19:56,2021-11-04 13:19:56,6.0,6.0,17886.859999999997,61.0,229.0,0,0,0,0,1,0,0,0,0,0,27.4,11.25,18.75,8.65,4.0
a03fbb92-ebae-8930-b170-5872d7e2fef7,2002-12-22,,999-56-3226,S99962720,,Mr.,Jamal145,Schmitt836,,,,white,nonhispanic,M,West Bridgewater  Massachusetts  US,558 Raynor Tunnel,Bedford,Massachusetts,Middlesex County,1730.0,42.49275138213824,-71.30231575113783,1116418.6625,5022.9675,23.0,79,1,78,10,1,2011-12-26 01:26:13,2021-09-24 10:13:54,5.0,4.0,22687.5,69.0,90.0,0,0,0,0,0,0,0,0,0,0,27.4,11.25,18.75,8.65,4.0
45652f54-d755-1f77-5438-c99c8b6fa66a,1940-10-21,,999-46-7661,S99929583,X86746320X,Mr.,Fabian647,Champlin946,,,M,white,nonhispanic,M,Wakefield  Massachusetts  US,859 Leffler Station,Woburn,Massachusetts,Middlesex County,1801.0,42.47387565967867,-71.1474299906713,2080390.983,505730.937,85.2,143,7,136,60,5,1958-12-16 00:36:30,2021-10-26 00:36:30,152.0,7.0,85371.89,24276.0,67.0,0,1,1,0,0,0,0,0,0,0,25.5,11.25,19.75,8.4,4.45
83373b44-7287-234f-a2d4-3462c703b64b,1974-10-09,,999-10-9032,S99987188,X70924345X,Mr.,Duane703,Labadie908,,,M,white,nonhispanic,M,Milford  Massachusetts  US,252 Wisozk Dam,Everett,Massachusetts,Middlesex County,2149.0,42.35974524619751,-71.04399138503551,1084154.52,0.0,51.2,15,0,15,9,0,1975-10-25 16:23:51,2021-05-05 19:23:51,1.0,1.0,3007.2,560.0,26.0,0,0,0,0,1,0,0,0,0,0,30.95,16.05,29.0,11.3,10.149999999999999
6fc7b50b-61ff-9237-bcac-7b7b1d8606ab,1968-10-10,,999-95-3081,S99924534,X46647800X,Mr.,Kieth891,Hermann103,,,M,white,hispanic,M,Shrewsbury  Massachusetts  US,761 Mitchell Branch Suite 90,Beverly,Massachusetts,Essex County,1915.0,42.54281190431962,-70.87242521804016,1329049.545,20738.68499999998,57.2,34,3,31,20,2,1984-11-22 22:56:35,2021-05-20 22:56:35,50.0,20.0,230609.22,881.0,66.0,0,0,0,0,0,0,0,0,0,0,28.4,10.55,19.65,8.0,3.8
1fe68d61-36a2-f78d-b342-9b5012e903ae,2005-03-01,,999-86-3837,S99981799,,,Francisca486,Hammes673,,,,white,nonhispanic,F,Danvers  Massachusetts  US,169 Erdman Rue Unit 88,Worcester,Massachusetts,Worcester County,1602.0,42.25696370691435,-71.80133029502815,54651.8235,53994.64649999999,20.8,20,1,18,10,1,2012-02-21 11:29:02,2021-05-04 11:29:02,3.0,3.0,691.55,22.0,31.0,0,0,0,0,0,0,0,0,0,0,35.9,14.9,29.3,11.55,8.8
5052e0b3-d90b-e3cb-4e81-e3ba03482677,1962-11-28,,999-32-7064,S99995274,X16018850X,Mr.,Mickey576,Oberbrunner298,,,M,white,nonhispanic,M,Boston  Massachusetts  US,863 Carroll Light Suite 26,Wareham,Massachusetts,Plymouth County,,41.78906248936149,-70.69597804083014,2268548.6925,455.9174999999999,63.1,36,2,34,20,2,1963-11-16 22:39:13,2021-04-29 04:35:13,14.0,8.0,213548.57,1449.0,55.0,0,0,1,0,1,0,0,0,0,0,27.4,11.25,18.75,8.65,4.0
26cb7b5a-300c-232c-435c-21fec62c6311,1964-12-12,,999-85-4147,S99947135,X184418X,Mr.,Damian46,Trantow673,,,M,white,nonhispanic,M,Freetown  Massachusetts  US,457 Labadie Viaduct,Newton,Massachusetts,Middlesex County,2464.0,42.278319665319366,-71.2006660973865,1413922.2500000005,14868.180000000002,61.1,55,2,52,39,2,1983-02-05 12:26:15,2021-09-15 16:44:47,137.0,6.0,8781.32,28813.0,65.0,0,1,0,0,1,0,0,0,0,0,21.35,6.7,14.8,7.25,2.7
8470167f-f7da-8fb6-6972-45209f7b7842,2000-01-05,,999-38-5486,S99991609,X82910285X,Mr.,Kristopher775,Strosin214,,,,white,nonhispanic,M,Hudson  Massachusetts  US,688 Dickinson Course Apt 38,Sandwich,Massachusetts,Barnstable County,2563.0,41.68566763566936,-70.49411435671318,421719.665,526.5749999999999,26.0,17,1,16,10,1,2012-01-26 04:12:34,2021-03-18 04:12:34,14.0,3.0,49.54,1413.0,48.0,0,1,0,0,0,0,0,0,0,0,25.4,9.8,16.2,8.3,3.25
b7a5d15d-bbb7-2f00-061c-a07e5efc6a9c,1943-01-22,,999-26-7623,S99999360,X70568230X,Ms.,Brett333,Heathcote539,,,S,white,nonhispanic,F,Boston  Massachusetts  US,389 Kuhic Route Unit 47,Chelmsford,Massachusetts,Middlesex County,,42.6276697478143,-71.33142744017402,2520092.7410000004,656162.1590000001,82.9,52,5,45,26,4,1961-03-18 03:49:48,2021-07-03 03:49:48,18.0,7.0,10929.220000000001,388.0,79.0,0,0,0,0,1,0,0,0,0,0,27.4,11.25,18.75,8.65,4.0
652b2ac8-8a88-4715-3d08-eef8c558a53f,1983-02-28,,999-98-1999,S99995307,X86866643X,Ms.,Christen366,Cartwright189,,,S,white,nonhispanic,F,Mansfield  Massachusetts  US,243 Stanton Route,Lowell,Massachusetts,Middlesex County,1854.0,42.63420811430989,-71.3578651789828,2025690.7050000003,54574.30500000001,42.8,40,1,39,17,0,1988-06-29 12:52:31,2021-11-08 12:52:31,112.0,17.0,257687.47,2033.0,54.0,0,0,1,0,0,0,0,0,0,0,27.45,14.35,27.7,11.05,8.2
00209bf2-8e4d-06d1-82a4-daad02f25829,1943-01-05,,999-65-6749,S99917588,X56318270X,Ms.,Donnetta255,Beer512,,,S,other,nonhispanic,F,Belmont  Massachusetts  US,557 Herzog Ferry Unit 77,Lowell,Massachusetts,Middlesex County,1850.0,42.60987607996718,-71.2749398818066,2467785.031000001,93089.83900000002,83.0,76,0,76,58,0,1961-02-28 05:34:46,2021-04-06 05:34:46,72.0,5.0,32671.7,23806.0,83.0,1,1,0,0,1,0,0,0,0,1,27.45,14.35,27.7,11.05,8.2
5e9978a5-08e4-7fe9-9937-6a53179eb243,1981-10-07,,999-78-8576,S99912106,X43825427X,Mr.,Lonnie913,Kuhlman484,,,S,white,nonhispanic,M,Tyngsborough  Massachusetts  US,916 Trantow Approach Apt 29,Leverett,Massachusetts,Franklin County,,42.517237764243816,-72.47400486756267,976021.715,3921.825,44.2,22,0,22,8,0,1997-09-19 16:24:38,2021-10-13 07:24:38,3.0,3.0,34.68,3.0,35.0,0,0,0,0,0,0,0,0,0,0,27.4,11.25,18.75,8.65,4.0
23add813-11a9-abf7-f511-e3a7400ae578,1983-10-18,,999-74-1500,S99941097,X524293X,Ms.,Jennette837,Kemmer137,PhD,,S,white,nonhispanic,F,Lynn  Massachusetts  US,1062 Altenwerth Village Suite 25,Beverly,Massachusetts,Essex County,1915.0,42.538865608620895,-70.89157021692593,1694954.2774999994,480.44249999999977,42.2,40,1,38,13,1,1985-05-12 15:13:07,2021-09-14 08:13:07,19.0,8.0,30251.19,88.0,73.0,0,0,0,0,1,0,0,0,0,0,28.4,10.55,19.65,8.0,3.8
b39931a4-6a56-6b7d-5845-1fe6ea3540ed,1993-02-27,,999-72-4904,S99917193,X15174475X,Mr.,Miguel815,Krajcik437,,,M,white,nonhispanic,M,Watertown  Massachusetts  US,156 Bergnaum Lane Unit 60,Marblehead,Massachusetts,Essex County,1945.0,42.55059838075322,-70.82099399221957,701126.87,0.0,32.8,12,0,12,6,0,1995-04-23 09:21:52,2021-11-13 14:21:52,0.0,0.0,0.0,0.0,25.0,0,0,0,0,0,0,0,0,0,0,25.85,7.15,15.3,7.3,2.35
91329ab8-b00d-db22-4c3e-12269e4f0ec3,2003-11-23,,999-41-9252,S99989994,,,Joaquina124,Boyle917,,,,asian,nonhispanic,F,Worcester  Massachusetts  US,1037 Schinner Dale Apt 18,Lynnfield,Massachusetts,Essex County,1940.0,42.57387157095309,-71.04409716166596,447760.5725,2505.3075,22.1,16,1,15,9,1,2012-11-26 04:29:38,2021-05-17 04:29:38,3.0,3.0,433.51,14.0,22.0,0,0,0,0,0,0,0,0,0,0,26.049999999999997,8.5,17.25,7.6,2.85
e1c22a53-3acf-059a-ab37-50d2c269a206,1998-06-17,,999-36-7158,S99934000,X51651811X,Mr.,Derick144,Hackett68,,,,native,nonhispanic,M,Billerica  Massachusetts  US,516 Powlowski Village,New Bedford,Massachusetts,Bristol County,2740.0,41.72982430027801,-70.93236277286445,217673.99,0.0,27.5,12,2,10,7,2,2012-07-18 18:17:41,2021-02-24 18:17:41,2.0,2.0,30.97,3.0,38.0,0,0,0,0,0,0,0,0,0,0,36.4,21.549999999999997,32.599999999999994,12.6,11.25
98443e37-4d0f-4766-6c0f-92f2c0e62305,1956-04-13,,999-69-3606,S99954622,X51207201X,Mrs.,Mandy775,McClure239,,Spencer878,M,white,nonhispanic,F,Marshfield Hills  Massachusetts  US,633 Herzog Manor,Lynn,Massachusetts,Essex County,1901.0,42.49166120879525,-70.94391233193507,908455.6744999998,97453.9355,69.7,90,3,85,60,2,1959-06-25 02:51:10,2021-05-06 11:51:10,198.0,10.0,351611.43,1753.0,69.0,0,0,1,0,1,0,0,0,0,0,33.849999999999994,14.649999999999999,32.0,12.0,11.9
284ef746-0103-40df-9c1b-28870ec27d62,2006-10-17,,999-99-3677,,,,Pablo44,Rojo930,,,,white,hispanic,M,Juarez  Chihuahua  MX,304 Moen Trace Apt 76,Andover,Massachusetts,Essex County,,42.6055205549272,-71.16863287141753,595777.7775000001,179.57249999999996,19.2,39,1,38,9,1,2012-10-02 14:49:39,2021-10-09 05:49:39,6.0,5.0,11722.76,35.0,41.0,0,0,0,0,0,0,0,0,0,0,25.6,8.05,17.65,7.6,3.15
2a1d4786-435c-6633-3b6f-b555f5d3519b,2009-03-23,,999-32-6057,,,,Eduardo902,Barela183,,,,white,hispanic,M,Guatemala City  Guatemala  GT,784 Hayes Vale Unit 91,Boston,Massachusetts,Suffolk County,2136.0,42.226304746081,-71.15281254901483,450667.825,195452.71500000003,16.8,39,0,39,11,0,2011-12-23 22:04:00,2021-10-18 21:04:00,2.0,2.0,19.33,2.0,36.0,0,0,0,0,0,0,0,0,0,0,24.25,11.25,24.0,9.45,6.3
d4be4998-9b0d-8304-1413-14c68377d114,2008-05-27,,999-22-9566,,,,Leo278,Thiel172,,,,white,nonhispanic,M,Dartmouth  Massachusetts  US,238 Pfeffer Promenade Suite 54,Billerica,Massachusetts,Middlesex County,,42.53912477229962,-71.26660091955925,336527.05999999994,0.0,17.6,15,0,15,10,0,2011-11-10 19:38:05,2021-11-02 20:38:05,1.0,1.0,12.52,1.0,12.0,0,0,0,0,0,0,0,0,0,0,27.4,11.25,18.75,8.65,4.0
7f2d1840-f991-e132-6614-40d219fb2474,2012-04-28,,999-26-5187,,,,Jeanne553,Pfeffer420,,,,white,nonhispanic,F,Framingham  Massachusetts  US,1097 Dickens Club Suite 27,Clinton,Massachusetts,Worcester County,,42.37725333047054,-71.67408825638452,18776.7115,5132.4985,13.7,28,0,28,18,0,2012-04-28 21:21:56,2021-05-01 21:21:56,6.0,5.0,158.07,6.0,10.0,0,0,0,0,0,0,0,0,0,0,34.25,14.0,24.950000000000003,9.75,6.85
785e3f1f-b850-ab06-3f0e-39c860cf74fd,1993-01-07,,999-18-4492,S99920989,X19247239X,Mr.,Justin359,Larson43,,,M,white,nonhispanic,M,Brookline  Massachusetts  US,1058 Cassin Estate Apt 21,Framingham,Massachusetts,Middlesex County,1701.0,42.30790879315908,-71.47379141146425,95881.0685,81150.30149999999,33.0,22,0,22,11,0,2004-01-22 15:15:24,2021-06-03 15:15:24,26.0,5.0,18221.63,72.0,70.0,0,0,0,0,1,0,0,0,0,0,26.450000000000003,11.85,21.75,9.1,6.699999999999999
ef32a3f9-c68b-118f-27d3-b3d1b3f72214,2003-04-08,,999-95-6003,S99910310,,Mr.,Broderick767,Gerhold939,,,,white,nonhispanic,M,Westfield  Massachusetts  US,450 Runolfsson Meadow Apt 27,Brockton,Massachusetts,Plymouth County,2351.0,42.11356426374655,-70.9215837857817,466776.3975000001,6657.202499999999,22.7,28,0,27,11,0,2010-03-30 19:05:44,2021-06-13 02:48:41,1.0,1.0,8.42,1.0,48.0,0,0,0,0,1,0,0,0,0,0,35.9,17.75,28.6,12.8,8.55
e6c17129-ce47-da17-b4ee-dbab7ebf8e48,2007-02-21,,999-98-9837,,,,Marvella276,Paucek755,,,,black,nonhispanic,F,North Andover  Massachusetts  US,685 Gibson Quay Apt 60,Forestdale,Massachusetts,Barnstable County,2644.0,41.71249116404465,-70.55738925653557,369310.59,56.21999999999992,18.9,14,2,12,10,2,2012-02-01 15:13:30,2021-03-24 15:13:30,3.0,3.0,461.9,11.0,18.0,0,0,0,0,0,0,0,0,0,0,27.5,12.85,17.85,8.1,4.0
79cac46d-5eb0-347f-1373-9ccfbc04fded,1981-06-10,,999-55-7956,S99982792,X60198646X,Mrs.,Diann220,Kub800,,Carter549,M,white,nonhispanic,F,Boston  Massachusetts  US,231 Wintheiser Approach Suite 28,Springfield,Massachusetts,Hampden County,1118.0,42.12940274740116,-72.56660372689394,530155.9805000002,467864.7494999999,44.6,77,6,71,21,5,1991-03-02 05:46:08,2021-10-27 14:46:08,73.0,6.0,10651.0,16496.0,161.0,0,1,0,0,1,0,0,0,0,0,39.900000000000006,17.8,37.65,14.600000000000001,13.899999999999999
c7f68404-660f-195e-555d-3e3ce3a4cd28,1959-09-26,,999-96-3120,S99961183,X13638093X,Mrs.,Kiersten731,Parker433,,Weimann465,M,white,nonhispanic,F,Boston  Massachusetts  US,393 Olson Run Apt 33,Lawrence,Massachusetts,Essex County,1843.0,42.73356265634485,-71.19575297029019,2331033.9155,227531.2845,66.3,61,2,59,21,1,1977-11-19 04:38:51,2021-04-12 04:38:51,21.0,5.0,188933.11000000002,551.0,74.0,0,0,0,0,1,0,0,1,0,0,37.35,14.6,38.95,14.45,18.75
3b582d71-202c-acf5-9515-90740adcfcc7,1952-04-11,,999-64-5383,S99918110,X62679297X,Mrs.,Lashaun800,Leannon79,,Brown30,M,white,nonhispanic,F,Rockland  Massachusetts  US,813 Keeling Ferry,Northampton,Massachusetts,Hampshire County,1060.0,42.32740502609199,-72.61780746680381,2107058.2070000004,101283.453,73.7,59,21,38,17,0,1970-06-06 01:29:00,2021-07-31 01:29:00,0.0,0.0,0.0,0.0,92.0,0,0,0,0,1,0,0,1,0,0,23.5,9.9,17.15,8.2,4.199999999999999
936d198f-ca91-62c8-4ed5-7e1bf4bf2725,1971-04-02,,999-65-9171,S99976084,X86396139X,Mrs.,Coretta598,O'Connell601,,Wehner319,M,white,nonhispanic,F,Boston  Massachusetts  US,793 Hammes Vale,Cochituate,Massachusetts,Middlesex County,,42.32220005524234,-71.39986258669515,1665776.3035,194689.9165,54.7,53,3,50,16,2,1978-05-27 00:15:22,2021-04-11 14:15:22,7.0,7.0,20598.53,297.0,88.0,0,0,0,0,1,0,0,0,0,0,22.0,7.3,15.15,7.6499999999999995,2.65
8b831e48-9db7-f037-8b8a-e94be939d2ea,1923-09-06,,999-29-1436,S99974665,X87631030X,Ms.,Elena945,Otero621,,,S,black,hispanic,F,Lima  Lima Province  PE,307 Shanahan Ramp Apt 24,Brockton,Massachusetts,Plymouth County,2301.0,42.12894323185935,-71.0457626685755,2950506.4880000004,724554.142,102.3,153,25,128,46,2,1941-10-30 15:03:18,2021-10-09 18:48:58,74.0,8.0,9489.06,780.0,96.0,0,0,1,0,0,0,0,1,0,0,35.9,17.75,28.6,12.8,8.55
9e6418bb-536a-82a7-ae67-b52375c3eac2,1959-07-24,,999-81-6518,S99991629,X26898116X,Mrs.,Alla648,Cummings51,,Ebert178,M,white,nonhispanic,F,Norton Center  Massachusetts  US,987 King View Apt 35,Rutland,Massachusetts,Worcester County,,42.398399842983046,-71.96313912219834,2376016.7070000013,56380.673,66.4,33,1,32,17,1,1977-09-16 17:45:33,2021-10-01 17:45:33,7.0,4.0,4347.179999999999,32.0,64.0,1,0,0,0,0,0,1,0,0,1,31.1,11.7,20.8,8.649999999999999,4.05
06629c1a-687d-5121-1e28-ae123c1fe647,1946-08-12,,999-61-5618,S99931298,X89482506X,Mr.,Abraham100,Koss676,,,M,white,nonhispanic,M,Lexington  Massachusetts  US,558 McDermott Light Apt 4,Wareham,Massachusetts,Plymouth County,,41.797517405621946,-70.71849512360983,1987628.5375,541645.9425000001,79.4,152,36,98,34,4,1964-10-05 19:28:32,2021-10-29 22:32:55,180.0,7.0,363811.05,639.0,258.0,1,0,0,0,1,0,1,1,0,0,27.4,11.25,18.75,8.65,4.0
fb6add40-7cd4-b320-e630-e0c2bd86c9c9,1952-08-21,,999-57-4140,S99914360,X52424712X,Mrs.,Hiedi833,Mills423,,Hane680,M,white,nonhispanic,F,Plymouth  Massachusetts  US,839 Huels Lodge,Westfield,Massachusetts,Hampden County,1085.0,42.143598050893466,-72.80947795338602,1659300.6764999998,212850.8335,73.4,97,22,75,51,1,1963-08-12 18:40:35,2021-08-19 16:40:35,164.0,5.0,775.45,37926.0,91.0,0,1,0,0,1,0,0,1,0,0,32.05,13.8,24.35,9.399999999999999,5.3
eecca7cc-e5c7-1c3e-feb3-f8fb602b5efd,1948-11-05,,999-79-3029,S99968537,X41814288X,Mr.,Owen89,O'Connell601,,,M,white,nonhispanic,M,Haverhill  Massachusetts  US,457 Hagenes Grove,New Bedford,Massachusetts,Bristol County,2748.0,41.64993591976994,-70.95407082116259,1713311.4194999998,67607.58050000001,77.2,39,1,37,20,1,1962-12-07 07:35:17,2021-06-06 11:06:08,19.0,5.0,22676.74,54.0,64.0,0,0,0,0,1,0,0,0,0,0,36.4,21.549999999999997,32.599999999999994,12.6,11.25
d47017f1-c334-f720-16cb-c1be6338b2d3,2005-01-12,,999-46-4275,S99942365,,,Dorian295,Huel628,,,,other,nonhispanic,F,Newton  Massachusetts  US,919 Witting Fork Apt 15,Somerville,Massachusetts,Middlesex County,2144.0,42.38668738428817,-71.09173179561846,416938.4199999999,0.0,21.0,16,0,16,10,0,2012-01-05 04:33:19,2021-04-22 04:33:19,2.0,2.0,16.83,2.0,38.0,0,0,0,0,0,0,0,0,0,0,23.95,8.8,16.9,6.85,4.25
2346454f-bd4c-71c5-8f86-5c71d85f5dd2,2012-07-07,,999-44-5569,,,,Tom274,Frami345,,,,white,nonhispanic,M,Weymouth  Massachusetts  US,776 Jenkins Ranch,Worcester,Massachusetts,Worcester County,1609.0,42.30951888587119,-71.75385799303416,254934.84000000003,131.21999999999994,13.5,27,0,24,18,0,2012-07-07 06:27:18,2021-07-10 06:27:18,2.0,1.0,13.46,2.0,12.0,0,0,0,0,0,0,0,0,0,0,35.9,14.9,29.3,11.55,8.8
35606b5e-5492-b8b1-25c7-085c406d0dac,1979-05-30,,999-24-2397,S99993206,X44987269X,Mr.,Ariel183,Berge125,,,M,asian,nonhispanic,M,Bridgewater  Massachusetts  US,186 Tromp Terrace Suite 48,Boston,Massachusetts,Suffolk County,2110.0,42.37529814131749,-71.11106841516896,158630.2975,313315.6525,46.6,79,11,68,15,3,1992-05-20 15:39:50,2021-10-25 15:39:50,27.0,4.0,25945.27,75.0,45.0,0,0,0,0,1,0,0,0,0,0,24.25,11.25,24.0,9.45,6.3
9b7deab3-c8de-8633-b895-5a2903a5a706,1991-11-27,,999-56-2075,S99954166,X61415162X,Mr.,Cletus494,Stehr398,,,M,white,nonhispanic,M,Milton  Massachusetts  US,595 Rowe Parade Unit 92,Wellesley,Massachusetts,Norfolk County,2492.0,42.29288225770946,-71.24882949575509,740174.6675000001,10020.982499999998,34.1,12,1,11,8,1,1999-11-24 20:50:03,2021-06-02 20:50:03,1.0,1.0,6.17,1.0,21.0,0,0,0,0,1,0,0,0,0,0,20.299999999999997,6.449999999999999,13.2,6.75,2.7
68aa1bd6-c28a-73f5-ffab-c2a6cb0b7e99,1962-12-15,,999-41-4998,S99919618,X9029026X,Mr.,Guillermo498,Wiegand701,,,M,white,nonhispanic,M,Cambridge  Massachusetts  US,695 Hagenes Estate Apt 42,Foxborough,Massachusetts,Norfolk County,2035.0,42.08740455294177,-71.23597903631483,180669.137,40073.603,63.0,10,1,9,0,1,1963-01-14 23:57:24,2021-04-03 23:57:24,1.0,1.0,19.22,1.0,2.0,0,0,0,0,0,0,0,0,0,0,24.55,9.649999999999999,15.95,7.85,3.7
70127d90-3c3f-6833-d770-2a86da5c3622,1961-08-11,,999-46-4853,S99943253,X27209754X,Mr.,Rod343,Franecki195,,,M,black,nonhispanic,M,Lanesborough  Massachusetts  US,569 Cole Club,Halifax,Massachusetts,Plymouth County,,42.00078922454265,-70.88167673180075,192085.6015,116006.42849999998,64.4,40,5,34,21,4,1979-10-06 02:14:51,2021-10-09 02:14:51,8.0,5.0,6670.47,8.0,87.0,0,0,0,0,1,0,0,0,0,0,27.4,11.25,18.75,8.65,4.0
08c062dd-284c-1b1c-3475-8122032000fc,1974-08-10,,999-29-5349,S99916533,X61750802X,Ms.,Jennie425,Leuschke194,,,S,white,nonhispanic,F,Needham  Massachusetts  US,777 Boehm Bridge,Arlington,Massachusetts,Middlesex County,,42.42020450411931,-71.1674295708968,3037058.3590000006,392093.901,51.4,84,2,80,41,2,1974-11-25 04:12:09,2021-08-14 04:12:09,139.0,9.0,252067.28,12305.0,85.0,0,1,0,0,0,0,0,0,0,0,22.4,7.199999999999999,14.75,7.1,2.75
221517f1-556c-2b5b-0553-6e26aa4466a1,2010-07-16,,999-39-2038,,,,Cinthia596,Cremin516,,,,white,nonhispanic,F,Ayer  Massachusetts  US,363 Rice Frontage road Unit 20,Littleton Common,Massachusetts,Middlesex County,,42.54486009623421,-71.45830721673902,275672.9825,2554.4475,15.5,16,0,16,13,0,2011-12-23 06:46:09,2021-07-30 06:46:09,1.0,1.0,153.29,1.0,3.0,0,0,0,0,0,0,0,0,0,0,23.75,9.0,16.05,7.45,3.15
970c155c-87a7-a460-fcf6-9bd78dacaa46,1990-03-07,,999-46-8790,S99982493,X1557262X,Mr.,Neil122,Johnson679,,,M,black,nonhispanic,M,Plymouth  Massachusetts  US,907 Waters Rest,Wellesley,Massachusetts,Norfolk County,2457.0,42.34804777634838,-71.3233176067043,534002.0575,1518.8624999999995,35.8,8,0,8,6,0,2008-05-01 02:41:19,2021-05-20 02:41:19,1.0,1.0,98.67,1.0,22.0,0,0,0,0,1,0,0,0,0,0,20.299999999999997,6.449999999999999,13.2,6.75,2.7
6a5b7896-78b9-2b39-0219-a618a7562372,1911-11-04,,999-75-5097,S99994442,X81312093X,Mrs.,Dori98,Orn563,,Nikolaus26,M,white,nonhispanic,F,Springfield  Massachusetts  US,196 Crist Course Suite 26,Norfolk,Massachusetts,Norfolk County,,42.12901871058034,-71.36129030831414,3232959.021,1204014.9489999996,114.2,119,4,115,91,4,1925-12-05 08:46:25,2021-09-12 11:26:35,404.0,12.0,103137.39,69051.0,79.0,0,1,1,0,1,0,0,0,0,1,27.4,11.25,18.75,8.65,4.0
e43cd6c4-af6c-4be7-ba29-e5e893e7c73c,2010-04-08,,999-33-9538,,,,Branda994,Nienow652,,,,white,nonhispanic,F,Belchertown  Massachusetts  US,176 Abernathy Lock Suite 43,Yarmouth,Massachusetts,Barnstable County,,41.71168707817258,-70.17609096057498,292918.19499999995,439.0949999999999,15.7,19,0,18,12,0,2012-03-15 12:31:24,2021-07-28 14:31:24,3.0,3.0,22.93,3.0,8.0,0,0,0,0,0,0,0,0,0,0,27.4,11.25,18.75,8.65,4.0
90ae6834-9260-8716-1ba4-00931568d7bf,1973-02-16,,999-15-9006,S99962357,X38458551X,Mrs.,Tamar361,Jakubowski832,,Waters156,M,white,nonhispanic,F,Lawrence  Massachusetts  US,851 Barrows Tunnel,North Plymouth,Massachusetts,Plymouth County,,41.9343459389856,-70.72800255525522,1172506.607,357246.753,52.9,81,14,67,10,9,1990-04-05 14:09:28,2021-09-19 14:09:28,1.0,1.0,444.67,53.0,26.0,0,0,0,0,1,0,0,0,0,0,31.7,15.2,22.299999999999997,9.75,5.05
520fdcd4-8d55-8a00-67b8-a0d61a50d9b5,1977-06-18,,999-48-2753,S99972819,X85721161X,Mr.,Kelvin159,Funk324,,,M,white,nonhispanic,M,Billerica  Massachusetts  US,986 Kozey Rapid Apt 30,Waltham,Massachusetts,Middlesex County,2451.0,42.37047391467007,-71.2556672184489,1113272.9400000002,1381.8599999999997,48.5,23,0,23,10,0,1992-07-25 16:42:00,2021-07-03 16:42:00,1.0,1.0,13.57,1.0,42.0,0,0,0,0,1,0,0,0,0,0,24.65,9.55,19.15,7.8,5.1
686c1000-a5ff-55f7-668b-752dc9816edb,1995-03-08,,999-88-4860,S99959795,X38732374X,Ms.,Kenyetta225,Nader710,,,,white,nonhispanic,F,Stockbridge  Massachusetts  US,656 Bernhard Burg,Northampton,Massachusetts,Hampshire County,1060.0,42.38631202026345,-72.75251212777775,857280.7400000001,180869.14,30.8,31,2,29,5,2,2012-04-25 19:26:49,2021-09-02 19:26:49,3.0,2.0,1013.34,30.0,110.0,0,0,0,0,0,0,0,0,0,0,23.5,9.9,17.15,8.2,4.199999999999999
cd312ebd-502a-0aff-a4a2-484f2b1927eb,1968-01-11,,999-50-9994,S99983332,X72190765X,Mr.,Emanuel231,Gaylord332,,,M,asian,nonhispanic,M,Lawrence  Massachusetts  US,749 Rowe Route Unit 59,Boston,Massachusetts,Suffolk County,2151.0,42.34720208993056,-71.06214511497026,1304128.1949999998,17453.805,58.0,22,0,22,16,0,1986-03-06 15:54:50,2021-05-13 15:54:50,0.0,0.0,0.0,0.0,49.0,0,0,0,0,1,0,0,0,0,0,24.25,11.25,24.0,9.45,6.3
02257002-550c-6de2-2bc0-0bb2bb497e84,1948-10-01,,999-53-6951,S99971441,X12050770X,Mr.,Vito638,Toy286,,,M,white,nonhispanic,M,Tewksbury  Massachusetts  US,853 Ritchie Port Unit 65,Concord,Massachusetts,Middlesex County,,42.46216425494089,-71.3842944077823,2009451.9795,61424.03050000001,77.2,68,4,64,22,3,1966-11-25 14:20:29,2021-11-09 14:20:29,48.0,9.0,224669.74,1463.0,87.0,0,0,0,0,0,0,0,0,0,0,27.4,11.25,18.75,8.65,4.0
7c3602b6-35ed-df2b-3c8b-cb5b55689217,1977-08-28,,999-16-8556,S99913832,X39766304X,Ms.,Danette111,Stehr398,,,S,black,nonhispanic,F,Westfield  Massachusetts  US,925 Mayert Esplanade Apt 16,Boston,Massachusetts,Suffolk County,2120.0,42.38215100196551,-71.06942832818996,1306332.2150000003,20631.405,48.3,80,3,77,26,2,1979-01-29 05:18:02,2021-09-26 09:10:02,84.0,6.0,3616.68,19838.0,100.0,0,1,0,0,1,0,0,0,0,0,24.25,11.25,24.0,9.45,6.3
df9f786a-f236-051b-ba94-7dd92e6a16ce,1982-08-02,,999-84-4843,S99974167,X71365005X,Mrs.,Laurena366,Leuschke194,,Kerluke267,M,white,nonhispanic,F,Brockton  Massachusetts  US,850 Hyatt Union Suite 25,Barnstable,Massachusetts,Barnstable County,2673.0,41.67249841585633,-70.2396315817482,1466747.5835000002,308920.5665,43.4,24,1,23,7,0,2000-09-25 11:48:39,2021-11-08 11:48:39,6.0,6.0,13230.910000000002,50.0,34.0,0,0,0,0,0,0,0,0,0,0,27.4,11.25,18.75,8.65,4.0
9724e8c9-3f30-702a-f75a-95082c024706,2010-09-27,,999-66-7355,,,,Gonzalo160,Botello137,,,,white,hispanic,M,Carolina  Puerto Rico  PR,991 McClure Brook,Westford,Massachusetts,Middlesex County,,42.57024743901775,-71.46555913321063,276372.305,729.9749999999999,15.3,19,0,18,14,0,2011-12-05 15:33:41,2021-10-11 15:33:41,2.0,2.0,32.65,2.0,9.0,0,0,0,0,0,0,0,0,0,0,27.4,11.25,18.75,8.65,4.0
701fd194-0fb8-f535-6eb4-7dacd8c1bc38,1956-04-04,,999-75-7471,S99935912,X63579536X,Mrs.,Charla27,Runolfsdottir785,,Haley279,M,white,nonhispanic,F,Quincy  Massachusetts  US,899 Daniel Arcade Suite 26,Lowell,Massachusetts,Middlesex County,1850.0,42.58385514352452,-71.38302396438931,452323.2065000003,1033071.3535000002,69.7,44,1,43,26,0,1974-05-29 21:05:24,2021-06-30 21:05:24,25.0,4.0,20096.7,245.0,72.0,0,0,0,0,1,0,0,0,0,0,27.45,14.35,27.7,11.05,8.2
38d96869-3e34-d6c4-9e10-eaa1468de9a8,2005-01-10,,999-24-7605,S99999976,,,Yelena240,Kozey370,,,,white,nonhispanic,F,Ashland  Massachusetts  US,542 Christiansen Brook Suite 39,Mashpee,Massachusetts,Barnstable County,,41.64367989377417,-70.5150183402376,438249.28,1766.1,21.0,19,3,16,10,3,2011-10-29 04:38:49,2021-08-31 03:02:50,5.0,5.0,5634.37,27.0,29.0,0,0,0,0,0,0,0,0,0,0,27.4,11.25,18.75,8.65,4.0
7decf363-d260-555d-ffaf-a2c2833f39d6,1988-05-15,,999-58-5124,S99980713,X53047044X,Mrs.,Emogene884,Schroeder447,,McLaughlin530,M,other,nonhispanic,F,Revere  Massachusetts  US,291 Hansen Branch,Waltham,Massachusetts,Middlesex County,2451.0,42.427862248173405,-71.21276802067756,1008436.7355000004,484232.3645,37.6,38,2,36,15,1,2005-06-26 15:50:43,2021-10-10 15:50:43,51.0,5.0,35330.5,11239.0,92.0,0,1,0,0,1,0,0,0,0,0,24.65,9.55,19.15,7.8,5.1
ef0de96b-3fd9-5be2-01c6-874c378cd727,1970-10-21,,999-60-5981,S99936203,X70188539X,Mr.,Sheldon401,Kutch271,,,M,white,nonhispanic,M,Brimfield  Massachusetts  US,274 Goldner Rue Apt 87,Sagamore,Massachusetts,Barnstable County,2561.0,41.79187668588861,-70.54563550575634,1754319.36,0.0,55.2,22,2,20,13,2,1988-12-14 07:38:13,2021-10-27 07:38:13,1.0,1.0,14.37,1.0,36.0,0,0,0,0,0,0,0,0,0,0,25.4,10.15,15.65,7.75,3.3
6dcdf9cd-efbe-c8c0-c633-ef255bc05ef5,1958-01-09,,999-61-3011,S99953989,X37672541X,Ms.,Remedios388,Fahey393,,,S,white,nonhispanic,F,Lynn  Massachusetts  US,888 Bradtke Gateway,Erving,Massachusetts,Franklin County,,42.59561592883473,-72.42106411340824,2242984.1595,152358.6305,68.0,52,1,51,45,1,1976-03-04 10:36:25,2021-11-18 10:36:25,96.0,2.0,338.91,17217.0,48.0,0,1,0,0,0,0,0,0,0,0,27.4,11.25,18.75,8.65,4.0
f69c0b32-65cf-2de2-ca8e-16fc575c2801,1964-04-04,,999-74-4593,S99998143,X53511110X,Mr.,Pedro316,Maya972,,,M,white,hispanic,M,Tegucigalpa  Francisco Morazán  HN,1075 Weber Vale Apt 83,Boston,Massachusetts,Suffolk County,2130.0,42.31547888851263,-71.05855346162332,2206729.5525,2120.6175,61.7,41,0,41,20,0,1980-05-17 17:54:57,2021-05-15 17:54:57,24.0,7.0,36081.79,7508.0,51.0,0,0,0,0,1,0,0,0,0,0,24.25,11.25,24.0,9.45,6.3
132baf63-cbc4-cfec-1772-d88d7762fc4e,2019-06-16,,999-12-5968,,,,Damien170,Konopelski743,,,,white,nonhispanic,M,Leominster  Massachusetts  US,453 Champlin Stravenue,Brookline,Massachusetts,Norfolk County,2445.0,42.33202303927183,-71.10572134994605,59967.482500000006,3686.7075,6.5,11,1,10,9,1,2019-06-16 17:07:42,2021-05-23 17:07:42,1.0,1.0,4.03,1.0,5.0,0,0,0,0,0,0,0,0,0,0,20.85,6.35,13.55,7.0,2.95
80d1297c-3281-6838-9bb4-69cadd701720,1990-10-24,,999-52-4852,S99938292,X34647891X,Mr.,Lawrence741,Lueilwitz711,,,M,white,nonhispanic,M,Springfield  Massachusetts  US,215 Fay Rue,Yarmouth,Massachusetts,Barnstable County,,41.70325456766595,-70.20923854432152,759348.71,2643.93,35.2,20,1,18,8,1,2005-11-30 16:30:47,2021-11-10 16:30:47,11.0,5.0,4868.24,1116.0,30.0,1,1,0,0,1,0,0,0,0,0,27.4,11.25,18.75,8.65,4.0
073967cc-9195-3de9-8ce1-e0cd81461da4,1912-10-07,,999-71-4172,S99977918,X28623501X,Mrs.,Otha286,Wintheiser220,,Harris789,M,white,nonhispanic,F,East Longmeadow  Massachusetts  US,708 Braun Frontage road Suite 56,Norton,Massachusetts,Bristol County,,42.00612067752101,-71.1803755485436,2956889.0395000004,235653.98049999995,113.2,60,1,58,44,1,1930-12-01 19:51:58,2021-09-06 19:51:58,3.0,2.0,23388.18,229.0,74.0,0,0,0,0,0,0,0,0,0,1,27.4,11.25,18.75,8.65,4.0
ef0b300f-2534-043f-86f7-f34119bf5bd4,2003-10-04,,999-75-9947,S99976373,,Ms.,Ruthann382,Rolfson709,,,,asian,nonhispanic,F,Hong Kong  Hong Kong Special Administrative Region  CN,367 Hammes Quay Unit 50,Pepperell,Massachusetts,Middlesex County,,42.62090710538114,-71.60174046505877,458366.6925,541.3574999999998,22.2,16,0,16,9,0,2012-10-06 20:49:09,2021-07-03 20:49:09,4.0,3.0,933.88,26.0,31.0,0,0,0,0,0,0,0,0,0,0,25.549999999999997,10.850000000000001,18.35,8.2,3.5999999999999996
1eb1b9e0-4cdf-7910-e76d-9f7534bcc7f0,1999-10-11,,999-86-9547,S99969038,X31537789X,Ms.,Lavone763,Swaniawski813,,,,white,nonhispanic,F,Everett  Massachusetts  US,876 Langworth Run Apt 41,Boston,Massachusetts,Suffolk County,2136.0,42.3426512877,-71.01794736726379,594452.1724999999,7380.187499999999,26.2,22,1,21,7,1,2012-11-05 13:24:23,2021-11-15 13:24:23,8.0,7.0,15261.13,64.0,57.0,0,0,0,0,1,0,0,0,0,0,24.25,11.25,24.0,9.45,6.3
4f9e0bb9-3c3f-8c77-cabb-bca40c16fbf7,1997-05-29,,999-75-4226,S99917751,X77476141X,Mr.,Abel832,Bauch723,,,,white,nonhispanic,M,Melrose  Massachusetts  US,1067 Stroman Skyway Suite 48,Malden,Massachusetts,Middlesex County,2148.0,42.42586114484597,-71.01820998663597,215841.2125,382.3575,28.6,15,0,14,6,0,2000-05-20 06:09:02,2021-02-11 06:09:02,3.0,3.0,117021.85999999999,523.0,41.0,0,0,0,0,0,0,0,0,0,0,25.5,12.1,23.700000000000003,10.05,5.75
27cb1c2f-4ec0-6e24-d080-e46178f712d5,1986-01-30,,999-33-9945,S99927551,X36906147X,Mrs.,Isabelle619,Wiza601,,Corkery305,M,white,nonhispanic,F,New Bedford  Massachusetts  US,868 Weber Dale,Boston,Massachusetts,Suffolk County,2152.0,42.384626654300014,-71.08662365229716,1060136.3924999998,541069.5074999998,39.9,59,3,55,13,2,1987-05-03 12:08:55,2021-03-26 00:08:55,23.0,12.0,294406.04,1375.0,112.0,0,0,0,0,0,0,0,0,0,0,24.25,11.25,24.0,9.45,6.3
50253c1b-528a-3481-74a5-3a879de27675,2004-09-23,,999-18-4539,S99982067,,,Abel832,Dooley940,,,,white,nonhispanic,M,Hudson  Massachusetts  US,608 Marks Row,Fall River,Massachusetts,Bristol County,2724.0,41.76077382337428,-71.10606506160062,202591.19,0.0,21.3,19,1,18,10,1,2012-09-21 03:07:09,2021-11-12 03:07:09,1.0,1.0,42.39,3.0,29.0,0,0,0,0,0,0,0,0,0,0,35.25,21.450000000000003,30.799999999999997,11.85,9.0
3a580919-26bf-fede-0908-33d23ba8fbc4,1982-11-11,,999-68-1608,S99972416,X14395688X,Mr.,Kyle55,Towne435,,,M,white,nonhispanic,M,Norwell  Massachusetts  US,919 Johnson Park,Canton,Massachusetts,Norfolk County,,42.20290443424534,-71.15643418323096,971603.0725,1426.3275,43.1,23,1,22,13,1,2001-01-04 16:45:24,2021-05-13 16:45:24,19.0,5.0,12917.52,148.0,46.0,0,0,0,0,0,0,0,0,0,0,27.4,11.25,18.75,8.65,4.0
bc9af01f-cf22-0840-da94-48fa2d310716,1966-05-02,,999-75-8932,S99912102,X50068456X,Mrs.,Berta524,Treviño536,,Cantú190,M,white,hispanic,F,Carolina  Puerto Rico  PR,257 Shields Key,Lynn,Massachusetts,Essex County,1907.0,42.51092235079662,-70.94692995852539,1389077.1900000002,2206.38,59.7,32,2,30,19,2,1973-03-27 15:38:57,2021-05-02 16:06:10,19.0,4.0,20544.68,334.0,52.0,0,0,1,0,0,0,0,0,0,0,33.849999999999994,14.649999999999999,32.0,12.0,11.9
f75ea7e0-0e86-8de5-2093-c7ae709ab0c6,1934-11-06,,999-78-6040,S99991414,X27970967X,Mrs.,Maximina916,Lehner980,,Buckridge80,M,white,nonhispanic,F,Northbridge  Massachusetts  US,264 Johnson Divide,Haverhill,Massachusetts,Essex County,1835.0,42.70492690199482,-71.14112356143511,3959775.813500001,117959.30650000004,91.2,139,12,127,66,7,1938-12-19 09:01:12,2021-07-20 09:01:12,176.0,8.0,8178.1,25965.0,48.0,0,1,0,0,1,0,0,0,0,0,31.75,13.55,25.7,9.8,7.3
ac3149dd-1bcb-cfa9-0e7b-db86b88c36a0,1980-05-17,,999-59-8454,S99962720,X46352918X,Mr.,Garfield38,Waters156,,,M,white,nonhispanic,M,Waltham  Massachusetts  US,300 Boehm Landing,West Springfield,Massachusetts,Hampden County,,42.17087178051519,-72.65491590996346,1041314.9675,14104.642500000002,45.6,13,1,12,10,1,1995-07-01 13:26:02,2020-10-16 14:30:42,1.0,1.0,7.38,1.0,17.0,0,0,0,0,1,0,0,0,0,0,27.4,11.25,18.75,8.65,4.0
74bde71d-2498-6fa9-d8e1-1734c092af93,1967-04-04,,999-76-9578,S99967330,X30002939X,Mr.,Napoleon578,Predovic534,,,M,white,nonhispanic,M,Wellfleet  Massachusetts  US,370 Nikolaus Road,Brockton,Massachusetts,Plymouth County,,42.113019054759874,-70.94497067678063,1352329.78,11902.079999999998,58.7,24,1,22,14,0,1968-09-27 04:56:47,2021-08-25 00:56:47,1.0,1.0,6.1,1.0,44.0,0,0,0,0,0,0,0,0,0,0,35.9,17.75,28.6,12.8,8.55
c509eb5c-27d4-e7f6-59f8-54c8e8997877,1968-12-07,,999-46-3846,S99947421,X18810853X,Mrs.,Candace369,Braun514,,Considine820,M,white,nonhispanic,F,Dudley  Massachusetts  US,271 Rohan Gateway,Watertown,Massachusetts,Middlesex County,2472.0,42.39911058691052,-71.16673614791195,1986680.3055,197857.4645,57.1,61,2,59,32,2,1987-02-01 01:09:01,2021-08-22 01:09:01,91.0,11.0,169273.74,14194.0,77.0,0,1,0,0,1,0,0,0,0,0,27.4,11.25,18.75,8.65,4.0
e7028c1f-d3af-b947-c7df-8757337e9ef3,1990-10-09,,999-87-4547,S99959714,X85716994X,Mr.,Brent147,Metz686,,,M,white,nonhispanic,M,Brookline  Massachusetts  US,205 Runolfsson Manor Unit 74,South Dennis,Massachusetts,Barnstable County,2660.0,41.680698298580936,-70.17261884061053,776297.1300000001,683.16,35.2,11,1,10,7,1,2004-11-09 06:38:36,2018-12-18 06:38:36,1.0,1.0,9.67,1.0,16.0,0,0,0,0,1,0,0,0,0,0,27.9,13.3,20.0,9.4,4.55
3ccff3bb-35a0-bf09-e87e-ff16b4fd6a66,2007-01-05,,999-55-9856,,,,Reyna401,Kemmer137,,,,white,nonhispanic,F,Falmouth  Massachusetts  US,217 Zboncak Bypass Apt 19,Plainville,Massachusetts,Norfolk County,,42.02403337221332,-71.3860153775844,367767.4174999999,2763.3525,19.0,19,1,18,10,1,2008-12-03 08:47:11,2021-11-05 08:47:11,2.0,2.0,514.36,12.0,25.0,0,0,0,0,0,0,0,0,0,0,27.4,11.25,18.75,8.65,4.0
9be0edbf-60c3-cbd4-4e68-5d6000282684,2007-02-06,,999-35-1348,,,,Francisco472,Sauer652,,,,white,hispanic,M,Pittsfield  Massachusetts  US,269 Littel Manor,Lancaster,Massachusetts,Worcester County,,42.46270529686568,-71.6758949792929,640551.4449999998,2496.5550000000003,18.9,40,1,39,10,1,2011-04-16 14:09:04,2021-08-17 14:09:04,3.0,2.0,74.69,3.0,45.0,0,0,0,0,0,0,0,0,0,0,27.4,11.25,18.75,8.65,4.0
509344d5-cb2b-036c-17a8-a1ddedb8528d,2000-04-30,,999-46-8105,S99991412,X36285852X,Mr.,Pierre431,Witting912,,,,white,nonhispanic,M,Raynham  Massachusetts  US,289 Funk Manor Suite 30,Brookline,Massachusetts,Norfolk County,2467.0,42.35474913672163,-71.13655089078918,535706.3525,2652.0675,25.7,21,0,21,10,0,2012-05-20 22:28:32,2021-10-03 22:28:32,7.0,3.0,39.94,1248.0,57.0,0,1,0,0,0,0,0,0,0,0,20.85,6.35,13.55,7.0,2.95
a8259641-ea43-ab98-3577-e1027c2dac2b,2001-07-01,,999-59-6518,S99983478,X70853146X,Ms.,Ina660,Oberbrunner298,,,,white,nonhispanic,F,Haverhill  Massachusetts  US,793 Fahey Byway,Springfield,Massachusetts,Hampden County,1105.0,42.197092101056256,-72.6103881079997,513891.53,165.56999999999988,24.5,30,1,29,10,1,2012-07-15 13:05:41,2021-09-05 13:05:41,9.0,6.0,5844.89,43.0,56.0,0,0,0,0,0,0,0,0,0,0,39.900000000000006,17.8,37.65,14.600000000000001,13.899999999999999
382bd5b8-f7b6-1132-b8fd-49ed4a44f6da,1973-10-05,,999-68-1723,S99979927,X80024237X,Mrs.,Ruby458,Cole117,,Rempel203,M,white,nonhispanic,F,Gloucester  Massachusetts  US,441 Kemmer Wall,Topsfield,Massachusetts,Essex County,1983.0,42.60476983000275,-70.93550535470271,1657990.0045,321613.8755,52.2,59,1,58,30,1,1991-11-29 08:33:58,2021-05-14 08:33:58,37.0,6.0,12333.529999999999,11016.0,105.0,0,1,0,0,1,0,0,0,0,0,25.799999999999997,7.35,16.2,7.699999999999999,2.5
8a19de22-523c-e702-74b3-da3ee570507e,1995-01-01,,999-77-7501,S99942530,X79819812X,Ms.,Brinda322,Gorczany269,,,,white,nonhispanic,F,Tewksbury  Massachusetts  US,450 Lebsack Hollow Suite 0,Waltham,Massachusetts,Middlesex County,2453.0,42.39872108384368,-71.13909318635403,731684.715,769.3049999999998,31.0,34,0,34,10,0,2000-04-13 22:07:33,2021-10-29 14:55:26,32.0,9.0,16645.89,3304.0,63.0,0,1,0,0,0,0,0,0,0,0,24.65,9.55,19.15,7.8,5.1
bfc8a71f-2f61-d8fc-e2aa-615b1d4598d3,2014-07-11,,999-58-5482,,,,Deangelo7,Romaguera67,,,,white,nonhispanic,M,Lowell  Massachusetts  US,1049 Reynolds Walk,Attleboro,Massachusetts,Bristol County,,41.94005869075071,-71.25067963841755,175749.685,60.10499999999999,11.5,22,0,22,16,0,2014-07-11 12:51:56,2021-07-02 12:51:56,5.0,3.0,145.42000000000002,5.0,6.0,0,0,0,0,0,0,0,0,0,0,31.4,15.2,23.45,9.65,5.65
c580eef6-e1bc-0a18-9d50-72acd9c9f95a,1975-11-30,,999-87-2827,S99995608,X6504312X,Mr.,Giuseppe872,Jaskolski867,,,M,white,nonhispanic,M,Leominster  Massachusetts  US,1003 Smith Walk,Pinehurst,Massachusetts,Middlesex County,1866.0,42.4851836614774,-71.20940937903373,1462413.6874999995,3931.4925,50.1,16,0,15,8,0,1994-01-23 23:24:19,2021-09-12 23:24:19,4.0,4.0,775.49,32.0,25.0,0,0,0,0,1,0,0,0,0,0,24.25,11.0,19.2,8.25,3.9499999999999997
fdacb252-9528-be09-c6c6-ac9efee10380,1944-12-16,,999-42-2381,S99984753,X19397881X,Mr.,Caleb651,Nienow652,,,S,white,nonhispanic,M,Leicester  Massachusetts  US,844 Schneider Spur,Lowell,Massachusetts,Middlesex County,1851.0,42.660773419932575,-71.34857832433329,2032543.594,151726.056,81.0,98,2,96,56,1,1963-02-09 14:14:51,2021-09-07 14:14:51,192.0,13.0,548294.6699999999,23316.0,92.0,0,1,1,0,0,0,0,0,0,0,27.45,14.35,27.7,11.05,8.2
0cf08145-a634-329f-54d3-9cbd04ba18cc,2000-07-14,,999-80-4482,S99957131,X28576229X,Ms.,Cathryn51,Reynolds644,,,,white,nonhispanic,F,Pembroke  Massachusetts  US,245 Jacobson Vista Suite 88,Plymouth,Massachusetts,Plymouth County,,41.85302478990319,-70.65991932822193,1391160.5624999998,122.01749999999996,25.5,92,3,89,10,3,2001-03-26 15:31:21,2021-09-24 09:31:21,23.0,9.0,85207.87000000001,2871.0,125.0,0,1,0,0,0,0,0,0,0,0,29.8,13.4,20.85,9.25,4.65
76ddfad7-424d-d66a-30da-33c1ba147bc2,2003-04-04,,999-57-8999,S99924164,,Ms.,Nona876,Satterfield305,,,,white,hispanic,F,Randolph  Massachusetts  US,120 Stoltenberg Station,West Springfield,Massachusetts,Hampden County,1089.0,42.10250993524126,-72.61101527932955,489218.06750000006,391.9124999999999,22.7,15,1,14,10,1,2012-04-06 21:19:07,2021-05-28 21:19:07,6.0,6.0,3623.15,24.0,32.0,0,0,0,0,0,0,0,0,0,0,27.4,11.25,18.75,8.65,4.0
ef010cf4-6db3-21c7-2c49-4435fe408745,1981-07-13,,999-73-4553,S99927317,X18156839X,Mr.,Nicholas495,Heaney114,,,M,white,nonhispanic,M,Webster  Massachusetts  US,596 Jaskolski Tunnel,New Bedford,Massachusetts,Bristol County,2747.0,41.67990587045213,-70.88822918544027,448063.03,0.0,44.5,75,10,61,9,4,1995-08-17 03:46:21,2021-07-20 03:46:21,7.0,5.0,193.57,7.0,41.0,0,0,1,0,0,0,0,0,0,0,36.4,21.549999999999997,32.599999999999994,12.6,11.25
42097188-e0c2-ebfb-1e28-e8580dfa83f3,1994-11-25,,999-57-5895,S99993053,X53843720X,Mr.,Jerrod232,Treutel973,,,,white,nonhispanic,M,Munich  Bavaria  DE,439 Stokes Loaf Unit 92,Somerville,Massachusetts,Middlesex County,2145.0,42.39522356551906,-71.1731756853369,671557.3200000001,1179.9,31.1,13,1,12,6,1,2008-12-26 07:12:10,2021-10-09 14:12:10,1.0,1.0,38.1,1.0,25.0,0,0,1,0,0,0,0,0,0,0,23.95,8.8,16.9,6.85,4.25
73de334e-d9f4-7500-4b9e-deef5067a008,1962-09-10,,999-37-2521,S99911855,X57635157X,Mr.,Hollis7,Wisoky380,,,M,white,nonhispanic,M,Somerville  Massachusetts  US,300 Dietrich Course,Revere,Massachusetts,Suffolk County,,42.38346617601268,-71.01816944620583,1501092.095,1680.045,63.3,25,3,22,17,2,1980-11-04 01:44:06,2021-11-02 01:44:06,2.0,2.0,1493.81,59.0,55.0,0,0,0,0,0,0,0,0,0,0,25.7,14.0,28.4,10.100000000000001,10.25
02df500c-4884-89ee-981c-e160dd1f6902,2012-11-06,,999-39-8251,,,,Tijuana228,Abbott774,,,,white,nonhispanic,F,Methuen  Massachusetts  US,926 Kiehn Alley Suite 71,East Bridgewater,Massachusetts,Plymouth County,,42.059023340149,-70.97604193188008,228511.655,3005.895,13.1,22,0,22,18,0,2012-11-06 06:36:35,2021-11-09 06:36:35,3.0,2.0,120.21,3.0,10.0,0,0,0,0,0,0,0,0,0,0,27.4,11.25,18.75,8.65,4.0
fc3aa467-2e84-d473-50cc-d6aefa6bd94b,1955-02-08,,999-75-2001,S99983791,X69241657X,Mrs.,Alysia661,Robel940,,Altenwerth646,M,black,nonhispanic,F,Newton  Massachusetts  US,311 Hettinger Crossroad Suite 5,Mattapoisett Center,Massachusetts,Plymouth County,,41.67890856599694,-70.8376538189246,2236316.9950000006,217392.805,70.9,236,4,190,34,3,1973-04-06 19:57:20,2021-11-10 03:57:20,358.0,5.0,229124.36,735.0,458.0,1,0,0,0,0,0,1,0,0,0,26.2,8.95,15.85,8.25,2.95
34108223-8018-ed73-d675-449d69965f95,2009-11-18,,999-34-5129,,,,Dino214,Schultz619,,,,black,nonhispanic,M,Watertown  Massachusetts  US,990 Bradtke Promenade Apt 31,Boston,Massachusetts,Suffolk County,2111.0,42.36543030733631,-71.0372373782709,307668.3399999999,0.0,16.1,6,2,4,0,2,2009-12-18 14:13:05,2021-11-14 14:49:41,2.0,2.0,81.39,2.0,6.0,0,0,0,0,0,0,0,0,0,0,24.25,11.25,24.0,9.45,6.3
46413549-1fc0-bce3-4aa7-005e47c88eb1,1973-03-26,,999-82-9933,S99924033,X53141855X,Mr.,Raúl937,Porras535,,,S,white,hispanic,M,Havana  Havana  CU,155 West Mews,Peabody,Massachusetts,Essex County,1960.0,42.556667753890544,-71.00763423866591,1215603.7199999995,0.0,52.8,14,1,13,9,1,1991-05-21 00:50:26,2021-04-20 00:50:26,1.0,1.0,9.81,1.0,30.0,0,0,0,0,1,0,0,0,0,0,29.25,12.25,23.05,9.15,5.25
9c532b25-cd38-f13a-f2de-2f5538326ed6,1979-09-26,,999-80-2152,S99965942,X18171364X,Mr.,Quincy153,Conn188,,,M,white,nonhispanic,M,Beverly  Massachusetts  US,374 Connelly Estate,Tewksbury,Massachusetts,Middlesex County,,42.6316760626276,-71.22752939674413,2211900.6375,24529.8525,46.3,34,0,32,18,0,1980-08-01 06:25:35,2021-07-28 05:40:35,50.0,7.0,44821.82,5811.0,66.0,1,1,0,1,1,0,0,0,0,0,27.4,11.25,18.75,8.65,4.0
cce90058-f5c7-79b8-1d70-aa6825e6089c,1937-03-27,,999-39-3351,S99972831,X11818655X,Mr.,Jackson413,Veum823,,,M,white,nonhispanic,M,Swampscott  Massachusetts  US,791 Kuvalis Crossing Apt 66,Middleborough,Massachusetts,Plymouth County,,41.835431331771055,-70.84752826175436,2149445.4340000004,135740.00600000002,88.8,88,1,85,66,1,1955-05-21 07:16:07,2021-05-29 07:16:07,153.0,7.0,20562.97,25132.0,88.0,0,1,0,0,0,0,0,0,0,0,27.4,11.25,18.75,8.65,4.0
3e078645-65f0-4863-8556-d076402382b2,1963-08-16,,999-50-4126,S99935138,X36525833X,Mrs.,Cornelia505,Gibson10,,Mosciski958,M,black,nonhispanic,F,Franklin  Massachusetts  US,381 Emard Dale,Scituate,Massachusetts,Plymouth County,,42.19701837268532,-70.73521561143768,2499256.796999999,193528.033,62.4,101,6,93,37,5,1981-10-09 21:52:09,2021-11-12 21:52:09,48.0,6.0,3329.7000000000003,15156.0,99.0,0,1,0,0,0,0,0,0,0,0,26.5,9.100000000000001,15.95,8.149999999999999,3.0999999999999996
236bc48b-5230-46f9-3725-a7b5274f4798,2001-04-08,,999-10-6703,S99993413,X15404479X,Ms.,Alanna27,Daugherty69,,,,white,nonhispanic,F,Pittsfield  Massachusetts  US,350 Oberbrunner Key,Framingham,Massachusetts,Middlesex County,,42.28055243683104,-71.39282383866835,725466.25,0.0,24.7,30,1,29,9,0,2009-10-17 03:59:55,2021-11-07 08:59:55,7.0,7.0,1151.77,46.0,103.0,0,0,0,0,0,0,0,0,0,0,26.450000000000003,11.85,21.75,9.1,6.699999999999999
ba98c858-d00a-77a3-3453-ba337ffdaead,2004-04-08,,999-55-9600,S99920773,,,Milton509,Effertz744,,,,white,nonhispanic,M,Pittsfield  Massachusetts  US,236 Osinski Gateway,South Yarmouth,Massachusetts,Barnstable County,2664.0,41.6642781032834,-70.21239036385025,441522.78,2314.8,21.7,18,2,16,10,2,2012-04-05 23:37:35,2021-09-30 23:37:35,4.0,4.0,505.56,9.0,22.0,0,0,0,0,0,0,0,0,0,0,27.9,13.05,20.15,9.4,4.75
79161603-dc83-d0eb-3728-8dffc0c3407e,1952-02-14,,999-59-5716,S99963245,X88095157X,Ms.,Lachelle614,Tillman293,,,S,white,nonhispanic,F,Fall River  Massachusetts  US,212 Connelly Trail Apt 46,Dedham,Massachusetts,Norfolk County,,42.19082846775432,-71.18792536392954,2463560.1855,166985.6645,73.9,83,1,82,50,1,1968-03-28 22:01:47,2021-10-20 22:01:47,76.0,3.0,395.48,19111.0,58.0,0,1,0,0,1,0,0,0,0,0,24.4,9.55,16.6,8.1,4.199999999999999
b3ab4196-c646-5d1b-a25a-cc750abfc4bb,1988-08-20,,999-12-2856,S99948446,X54822272X,Mrs.,Shaun461,Jenkins714,,O'Reilly797,M,white,nonhispanic,F,Dennis  Massachusetts  US,677 Reinger Approach,Palmer,Massachusetts,Hampden County,1095.0,42.24302203787641,-72.29082684193902,1175480.3025000002,2445.8775,37.4,55,3,52,9,3,2001-03-09 04:02:10,2021-05-29 13:02:10,12.0,5.0,21411.24,39.0,125.0,0,0,0,0,0,0,0,0,0,0,27.4,11.25,18.75,8.65,4.0
409330fa-7ffd-dbfb-4eba-2349d58a6324,1979-02-28,,999-68-5445,S99991649,X72884711X,Mr.,Coy949,Schaden604,,,M,white,nonhispanic,M,Fitchburg  Massachusetts  US,434 Hickle Throughway Suite 15,Amherst,Massachusetts,Hampshire County,,42.38008359056314,-72.52737649840087,1050937.1825,346.50749999999994,46.8,13,0,13,11,0,1995-04-12 07:03:09,2021-03-31 07:03:09,0.0,0.0,0.0,0.0,24.0,0,0,0,0,0,0,0,0,0,0,27.4,11.25,18.75,8.65,4.0
cb328021-a854-dc94-e7ae-426580477308,1964-05-31,,999-10-6445,S99986790,X86596484X,Mrs.,Sherry479,Barrows492,,Schuppe920,M,white,nonhispanic,F,Boston  Massachusetts  US,976 Ortiz Orchard,Stoughton,Massachusetts,Norfolk County,,42.08122254167876,-71.12602755219551,803147.0779999994,553335.4419999997,61.6,218,7,113,29,7,1982-07-25 05:40:25,2021-11-07 05:40:25,288.0,5.0,56331.65,8901.0,419.0,1,1,0,0,0,0,1,0,0,0,27.4,11.25,18.75,8.65,4.0
41862157-5c14-f706-4a94-d2929be969e7,1967-07-12,,999-63-2407,S99976335,X68999803X,Mr.,Vance413,Jakubowski832,,,M,asian,nonhispanic,M,Brockton  Massachusetts  US,534 Strosin Corner,Gardner,Massachusetts,Worcester County,1440.0,42.604215363128304,-72.01324342997431,1028321.245,28607.505,58.5,35,4,31,18,2,1981-08-12 10:43:27,2021-10-06 10:43:27,4.0,3.0,77.38000000000001,4.0,58.0,0,0,0,0,1,0,0,0,0,0,35.65,16.55,27.6,11.149999999999999,6.75
d53c57a5-4480-2481-32ee-b2844a991c9d,1948-07-28,,999-37-8036,S99939062,X79037907X,Mr.,Cody889,Hilll811,,,M,white,nonhispanic,M,Stoneham  Massachusetts  US,568 Ryan Stravenue,Mashpee,Massachusetts,Barnstable County,,41.5777040132214,-70.50745993505419,263880.1079999999,155042.05200000005,77.4,67,0,67,55,0,1966-09-21 07:04:22,2021-09-10 08:04:22,58.0,2.0,1093.52,812.0,59.0,0,1,0,0,1,0,0,0,0,0,27.4,11.25,18.75,8.65,4.0
cb1b2c74-d1c5-997c-6f8b-20ca9f332eef,1958-11-07,,999-17-1411,S99963285,X2822177X,Mr.,Haywood675,Schroeder447,,,M,asian,nonhispanic,M,Peabody  Massachusetts  US,707 Heathcote Wall Suite 15,Marblehead,Massachusetts,Essex County,,42.46670030518528,-70.90332326108707,1548720.9700000002,217.10999999999996,67.1,45,1,42,17,1,1974-12-20 05:11:58,2021-09-03 05:11:58,21.0,7.0,1179.2,184.0,60.0,0,0,0,0,1,0,0,0,0,0,25.85,7.15,15.3,7.3,2.35
